"Exness","Symbol","Timestamp","Bid","Ask"
"exness","EURUSD","2026-09-25 00:00:00.098Z",1.13734,1.1374
"exness","EURUSD","2026-09-25 00:00:00.261Z",1.1373199999999999,1.13738
"exness","EURUSD","2026-09-25 00:00:00.665Z",1.13736,1.13742
"exness","EURUSD","2026-09-25 00:00:01.671Z",1.13735,1.13741
"exness","EURUSD","2026-09-25 00:00:02.784Z",1.13734,1.1374
"exness","EURUSD","2026-09-25 00:00:04.250Z",1.13735,1.13741
"exness","EURUSD","2026-09-25 00:00:08.262Z",1.13733,1.13739
"exness","EURUSD","2026-09-25 00:00:10.347Z",1.13734,1.1374
"exness","EURUSD","2026-09-25 00:00:10.633Z",1.1373199999999999,1.13738
"exness","EURUSD","2026-09-25 00:00:10.648Z",1.1373,1.13736
"exness","EURUSD","2026-09-25 00:00:11.253Z",1.13729,1.13735
"exness","EURUSD","2026-09-25 00:00:12.265Z",1.1373,1.13736
"exness","EURUSD","2026-09-25 00:00:13.319Z",1.13731,1.13737
"exness","EURUSD","2026-09-25 00:00:14.357Z",1.1373,1.13736
"exness","EURUSD","2026-09-25 00:00:16.738Z",1.13731,1.13737
"exness","EURUSD","2026-09-25 00:00:17.756Z",1.1373,1.13736
"exness","EURUSD","2026-09-25 00:00:21.245Z",1.13729,1.13735
"exness","EURUSD","2026-09-25 00:00:22.313Z",1.1373,1.13736
"exness","EURUSD","2026-09-25 00:00:23.944Z",1.13733,1.13739
"exness","EURUSD","2026-09-25 00:00:23.953Z",1.13734,1.1374
"exness","EURUSD","2026-09-25 00:00:24.970Z",1.13735,1.13741
"exness","EURUSD","2026-09-25 00:00:26.006Z",1.13734,1.1374
"exness","EURUSD","2026-09-25 00:00:29.010Z",1.13735,1.13741
"exness","EURUSD","2026-09-25 00:00:32.247Z",1.13734,1.1374
"exness","EURUSD","2026-09-25 00:00:33.745Z",1.13736,1.13742
"exness","EURUSD","2026-09-25 00:00:34.745Z",1.13735,1.13741
"exness","EURUSD","2026-09-25 00:00:38.851Z",1.13733,1.13739
"exness","EURUSD","2026-09-25 00:00:39.187Z",1.13731,1.13737
"exness","EURUSD","2026-09-25 00:00:39.414Z",1.13734,1.1374
"exness","EURUSD","2026-09-25 00:00:39.814Z",1.13736,1.13742
"exness","EURUSD","2026-09-25 00:00:40.870Z",1.13735,1.13741
"exness","EURUSD","2026-09-25 00:00:44.189Z",1.13734,1.1374
"exness","EURUSD","2026-09-25 00:00:47.090Z",1.13736,1.13742
"exness","EURUSD","2026-09-25 00:00:48.104Z",1.13735,1.13741
"exness","EURUSD","2026-09-25 00:00:49.254Z",1.13734,1.1374
"exness","EURUSD","2026-09-25 00:00:54.145Z",1.13735,1.13741
"exness","EURUSD","2026-09-25 00:00:57.050Z",1.13734,1.1374
"exness","EURUSD","2026-09-25 00:00:58.876Z",1.13735,1.13741
"exness","EURUSD","2026-09-25 00:00:59.938Z",1.13733,1.13739
"exness","EURUSD","2026-09-25 00:01:01.101Z",1.13734,1.1374
"exness","EURUSD","2026-09-25 00:01:02.611Z",1.13735,1.13741
"exness","EURUSD","2026-09-25 00:01:02.672Z",1.13737,1.13743
"exness","EURUSD","2026-09-25 00:01:02.695Z",1.13738,1.13744
"exness","EURUSD","2026-09-25 00:01:02.823Z",1.13735,1.13741
"exness","EURUSD","2026-09-25 00:01:04.220Z",1.13737,1.13743
"exness","EURUSD","2026-09-25 00:01:06.077Z",1.13736,1.13742
"exness","EURUSD","2026-09-25 00:01:07.699Z",1.13735,1.13741
"exness","EURUSD","2026-09-25 00:01:10.971Z",1.13736,1.13742
"exness","EURUSD","2026-09-25 00:01:12.993Z",1.13738,1.13744
"exness","EURUSD","2026-09-25 00:01:13.278Z",1.13739,1.13745
"exness","EURUSD","2026-09-25 00:01:14.903Z",1.13738,1.13744
"exness","EURUSD","2026-09-25 00:01:15.716Z",1.13736,1.13742
"exness","EURUSD","2026-09-25 00:01:17.339Z",1.13738,1.13744
"exness","EURUSD","2026-09-25 00:01:20.178Z",1.13737,1.13743
"exness","EURUSD","2026-09-25 00:01:21.488Z",1.13738,1.13744
"exness","EURUSD","2026-09-25 00:01:22.517Z",1.13737,1.13743
"exness","EURUSD","2026-09-25 00:01:23.566Z",1.13736,1.13742
"exness","EURUSD","2026-09-25 00:01:24.592Z",1.13738,1.13744
"exness","EURUSD","2026-09-25 00:01:25.079Z",1.1374,1.13746
"exness","EURUSD","2026-09-25 00:01:26.174Z",1.13739,1.13745
"exness","EURUSD","2026-09-25 00:01:27.218Z",1.13738,1.13744
"exness","EURUSD","2026-09-25 00:01:28.224Z",1.13739,1.13745
"exness","EURUSD","2026-09-25 00:01:30.038Z",1.1374,1.13746
"exness","EURUSD","2026-09-25 00:01:30.518Z",1.13742,1.13748
"exness","EURUSD","2026-09-25 00:01:32.203Z",1.13743,1.1374900000000001
"exness","EURUSD","2026-09-25 00:01:33.407Z",1.13742,1.13748
"exness","EURUSD","2026-09-25 00:01:39.604Z",1.13744,1.1375
"exness","EURUSD","2026-09-25 00:01:39.629Z",1.13746,1.13752
"exness","EURUSD","2026-09-25 00:01:42.308Z",1.13745,1.13751
"exness","EURUSD","2026-09-25 00:01:43.360Z",1.13746,1.13752
"exness","EURUSD","2026-09-25 00:01:44.490Z",1.13745,1.13751
"exness","EURUSD","2026-09-25 00:01:44.906Z",1.13743,1.1374900000000001
"exness","EURUSD","2026-09-25 00:01:46.310Z",1.13744,1.1375
"exness","EURUSD","2026-09-25 00:01:47.558Z",1.13745,1.13751
"exness","EURUSD","2026-09-25 00:01:48.638Z",1.13744,1.1375
"exness","EURUSD","2026-09-25 00:01:50.406Z",1.13746,1.13752
"exness","EURUSD","2026-09-25 00:01:51.448Z",1.13745,1.13751
"exness","EURUSD","2026-09-25 00:01:52.757Z",1.13746,1.13752
"exness","EURUSD","2026-09-25 00:01:53.079Z",1.13748,1.13754
"exness","EURUSD","2026-09-25 00:01:53.088Z",1.1374900000000001,1.13755
"exness","EURUSD","2026-09-25 00:01:54.131Z",1.13748,1.13754
"exness","EURUSD","2026-09-25 00:01:56.350Z",1.13747,1.13753
"exness","EURUSD","2026-09-25 00:01:58.709Z",1.13745,1.13751
"exness","EURUSD","2026-09-25 00:01:59.816Z",1.13744,1.1375
"exness","EURUSD","2026-09-25 00:02:01.487Z",1.13745,1.13751
"exness","EURUSD","2026-09-25 00:02:04.106Z",1.13746,1.13752
"exness","EURUSD","2026-09-25 00:02:06.440Z",1.13745,1.13751
"exness","EURUSD","2026-09-25 00:02:07.992Z",1.13746,1.13752
"exness","EURUSD","2026-09-25 00:02:13.514Z",1.13744,1.1375
"exness","EURUSD","2026-09-25 00:02:13.597Z",1.13742,1.13748
"exness","EURUSD","2026-09-25 00:02:17.295Z",1.13743,1.1374900000000001
"exness","EURUSD","2026-09-25 00:02:18.443Z",1.13744,1.1375
"exness","EURUSD","2026-09-25 00:02:19.105Z",1.13746,1.13752
"exness","EURUSD","2026-09-25 00:02:20.120Z",1.13745,1.13751
"exness","EURUSD","2026-09-25 00:02:23.659Z",1.13744,1.1375
"exness","EURUSD","2026-09-25 00:02:28.053Z",1.13743,1.1374900000000001
"exness","EURUSD","2026-09-25 00:02:29.160Z",1.13746,1.13752
"exness","EURUSD","2026-09-25 00:02:38.893Z",1.13745,1.13751
"exness","EURUSD","2026-09-25 00:02:39.984Z",1.13744,1.1375
"exness","EURUSD","2026-09-25 00:02:42.673Z",1.13745,1.13751
"exness","EURUSD","2026-09-25 00:02:50.026Z",1.13747,1.13753
"exness","EURUSD","2026-09-25 00:02:51.257Z",1.13748,1.13754
"exness","EURUSD","2026-09-25 00:02:54.496Z",1.1374900000000001,1.13755
"exness","EURUSD","2026-09-25 00:02:55.624Z",1.13748,1.13754
"exness","EURUSD","2026-09-25 00:02:56.129Z",1.13746,1.13752
"exness","EURUSD","2026-09-25 00:02:57.142Z",1.13745,1.13751
"exness","EURUSD","2026-09-25 00:02:59.595Z",1.13746,1.13752
"exness","EURUSD","2026-09-25 00:03:01.193Z",1.13747,1.13753
"exness","EURUSD","2026-09-25 00:03:02.401Z",1.13746,1.13752
"exness","EURUSD","2026-09-25 00:03:03.842Z",1.13744,1.1375
"exness","EURUSD","2026-09-25 00:03:05.958Z",1.13745,1.13751
"exness","EURUSD","2026-09-25 00:03:06.965Z",1.13746,1.13752
"exness","EURUSD","2026-09-25 00:03:09.185Z",1.13745,1.13751
"exness","EURUSD","2026-09-25 00:03:12.682Z",1.13744,1.1375
"exness","EURUSD","2026-09-25 00:03:14.020Z",1.13745,1.13751
"exness","EURUSD","2026-09-25 00:03:16.397Z",1.13744,1.1375
"exness","EURUSD","2026-09-25 00:03:19.436Z",1.13745,1.13751
"exness","EURUSD","2026-09-25 00:03:22.648Z",1.13744,1.1375
"exness","EURUSD","2026-09-25 00:03:25.746Z",1.13746,1.13752
"exness","EURUSD","2026-09-25 00:03:25.768Z",1.13748,1.13754
"exness","EURUSD","2026-09-25 00:03:25.797Z",1.1374900000000001,1.13755
"exness","EURUSD","2026-09-25 00:03:25.806Z",1.1375,1.13756
"exness","EURUSD","2026-09-25 00:03:25.812Z",1.13752,1.13758
"exness","EURUSD","2026-09-25 00:03:28.083Z",1.13751,1.13757
"exness","EURUSD","2026-09-25 00:03:35.474Z",1.13753,1.1375899999999999
"exness","EURUSD","2026-09-25 00:03:41.224Z",1.13755,1.13761
"exness","EURUSD","2026-09-25 00:03:41.243Z",1.13757,1.13763
"exness","EURUSD","2026-09-25 00:03:43.002Z",1.13754,1.1376
"exness","EURUSD","2026-09-25 00:03:44.135Z",1.13755,1.13761
"exness","EURUSD","2026-09-25 00:03:46.266Z",1.13754,1.1376
"exness","EURUSD","2026-09-25 00:03:54.507Z",1.13756,1.13762
"exness","EURUSD","2026-09-25 00:03:57.674Z",1.13755,1.13761
"exness","EURUSD","2026-09-25 00:03:58.740Z",1.13754,1.1376
"exness","EURUSD","2026-09-25 00:04:00.084Z",1.13755,1.13761
"exness","EURUSD","2026-09-25 00:04:01.447Z",1.13756,1.13762
"exness","EURUSD","2026-09-25 00:04:01.758Z",1.13753,1.1375899999999999
"exness","EURUSD","2026-09-25 00:04:03.970Z",1.13754,1.1376
"exness","EURUSD","2026-09-25 00:04:08.079Z",1.13755,1.13761
"exness","EURUSD","2026-09-25 00:04:09.100Z",1.13753,1.1375899999999999
"exness","EURUSD","2026-09-25 00:04:12.374Z",1.13754,1.1376
"exness","EURUSD","2026-09-25 00:04:14.273Z",1.13756,1.13762
"exness","EURUSD","2026-09-25 00:04:15.288Z",1.13755,1.13761
"exness","EURUSD","2026-09-25 00:04:16.235Z",1.13757,1.13763
"exness","EURUSD","2026-09-25 00:04:16.475Z",1.13754,1.1376
"exness","EURUSD","2026-09-25 00:04:18.509Z",1.13755,1.13761
"exness","EURUSD","2026-09-25 00:04:18.733Z",1.13753,1.1375899999999999
"exness","EURUSD","2026-09-25 00:04:19.748Z",1.13755,1.13761
"exness","EURUSD","2026-09-25 00:04:21.057Z",1.13754,1.1376
"exness","EURUSD","2026-09-25 00:04:23.649Z",1.13756,1.13762
"exness","EURUSD","2026-09-25 00:04:26.313Z",1.13755,1.13761
"exness","EURUSD","2026-09-25 00:04:31.830Z",1.13754,1.1376
"exness","EURUSD","2026-09-25 00:04:32.978Z",1.13753,1.1375899999999999
"exness","EURUSD","2026-09-25 00:04:34.284Z",1.13755,1.13761
"exness","EURUSD","2026-09-25 00:04:41.971Z",1.13753,1.1375899999999999
"exness","EURUSD","2026-09-25 00:04:44.741Z",1.13751,1.13757
"exness","EURUSD","2026-09-25 00:04:44.924Z",1.1375,1.13756
"exness","EURUSD","2026-09-25 00:04:46.085Z",1.1374900000000001,1.13755
"exness","EURUSD","2026-09-25 00:04:49.612Z",1.1375,1.13756
"exness","EURUSD","2026-09-25 00:04:51.905Z",1.1374900000000001,1.13755
"exness","EURUSD","2026-09-25 00:04:52.972Z",1.1375,1.13756
"exness","EURUSD","2026-09-25 00:04:56.036Z",1.1374900000000001,1.13755
"exness","EURUSD","2026-09-25 00:04:57.088Z",1.1375,1.13756
"exness","EURUSD","2026-09-25 00:04:59.250Z",1.1374900000000001,1.13755
"exness","EURUSD","2026-09-25 00:05:00.256Z",1.13748,1.13754
"exness","EURUSD","2026-09-25 00:05:01.412Z",1.1374900000000001,1.13755
"exness","EURUSD","2026-09-25 00:05:04.611Z",1.13748,1.13754
"exness","EURUSD","2026-09-25 00:05:08.042Z",1.13746,1.13752
"exness","EURUSD","2026-09-25 00:05:10.392Z",1.13747,1.13753
"exness","EURUSD","2026-09-25 00:05:12.556Z",1.13746,1.13752
"exness","EURUSD","2026-09-25 00:05:15.213Z",1.13747,1.13753
"exness","EURUSD","2026-09-25 00:05:17.535Z",1.13746,1.13752
"exness","EURUSD","2026-09-25 00:05:21.778Z",1.13744,1.1375
"exness","EURUSD","2026-09-25 00:05:22.398Z",1.13742,1.13748
"exness","EURUSD","2026-09-25 00:05:23.438Z",1.13743,1.1374900000000001
"exness","EURUSD","2026-09-25 00:05:24.923Z",1.13744,1.1375
"exness","EURUSD","2026-09-25 00:05:34.463Z",1.13743,1.1374900000000001
"exness","EURUSD","2026-09-25 00:05:35.476Z",1.13741,1.13747
"exness","EURUSD","2026-09-25 00:05:37.202Z",1.13742,1.13748
"exness","EURUSD","2026-09-25 00:05:38.326Z",1.13741,1.13747
"exness","EURUSD","2026-09-25 00:05:38.573Z",1.13739,1.13745
"exness","EURUSD","2026-09-25 00:05:39.089Z",1.13738,1.13744
"exness","EURUSD","2026-09-25 00:05:39.105Z",1.13736,1.13742
"exness","EURUSD","2026-09-25 00:05:39.167Z",1.13735,1.13741
"exness","EURUSD","2026-09-25 00:05:40.255Z",1.13734,1.1374
"exness","EURUSD","2026-09-25 00:05:40.302Z",1.13737,1.13743
"exness","EURUSD","2026-09-25 00:05:45.924Z",1.13738,1.13744
"exness","EURUSD","2026-09-25 00:05:48.109Z",1.13737,1.13743
"exness","EURUSD","2026-09-25 00:05:51.869Z",1.13738,1.13744
"exness","EURUSD","2026-09-25 00:05:53.011Z",1.13739,1.13745
"exness","EURUSD","2026-09-25 00:05:54.043Z",1.13738,1.13744
"exness","EURUSD","2026-09-25 00:06:07.761Z",1.13739,1.13745
"exness","EURUSD","2026-09-25 00:06:13.568Z",1.1374,1.13746
"exness","EURUSD","2026-09-25 00:06:13.898Z",1.13742,1.13748
"exness","EURUSD","2026-09-25 00:06:15.101Z",1.13741,1.13747
"exness","EURUSD","2026-09-25 00:06:15.781Z",1.13743,1.1374900000000001
"exness","EURUSD","2026-09-25 00:06:16.411Z",1.13741,1.13747
"exness","EURUSD","2026-09-25 00:06:16.490Z",1.13739,1.13745
"exness","EURUSD","2026-09-25 00:06:24.799Z",1.1374,1.13746
"exness","EURUSD","2026-09-25 00:06:25.542Z",1.13742,1.13748
"exness","EURUSD","2026-09-25 00:06:26.659Z",1.13743,1.1374900000000001
"exness","EURUSD","2026-09-25 00:06:29.484Z",1.1374,1.13746
"exness","EURUSD","2026-09-25 00:06:30.841Z",1.13738,1.13744
"exness","EURUSD","2026-09-25 00:06:37.090Z",1.13736,1.13742
"exness","EURUSD","2026-09-25 00:06:37.393Z",1.13734,1.1374
"exness","EURUSD","2026-09-25 00:06:39.046Z",1.13735,1.13741
"exness","EURUSD","2026-09-25 00:06:40.292Z",1.13736,1.13742
"exness","EURUSD","2026-09-25 00:06:40.349Z",1.13738,1.13744
"exness","EURUSD","2026-09-25 00:06:47.504Z",1.13739,1.13745
"exness","EURUSD","2026-09-25 00:06:48.277Z",1.13737,1.13743
"exness","EURUSD","2026-09-25 00:06:53.698Z",1.13738,1.13744
"exness","EURUSD","2026-09-25 00:06:56.238Z",1.13737,1.13743
"exness","EURUSD","2026-09-25 00:06:59.852Z",1.13738,1.13744
"exness","EURUSD","2026-09-25 00:07:05.418Z",1.13737,1.13743
"exness","EURUSD","2026-09-25 00:07:05.461Z",1.13735,1.13741
"exness","EURUSD","2026-09-25 00:07:07.808Z",1.13734,1.1374
"exness","EURUSD","2026-09-25 00:07:09.955Z",1.13733,1.13739
"exness","EURUSD","2026-09-25 00:07:10.228Z",1.13736,1.13742
"exness","EURUSD","2026-09-25 00:07:10.307Z",1.13737,1.13743
"exness","EURUSD","2026-09-25 00:07:10.503Z",1.13739,1.13745
"exness","EURUSD","2026-09-25 00:07:11.132Z",1.1374,1.13746
"exness","EURUSD","2026-09-25 00:07:12.651Z",1.13738,1.13744
"exness","EURUSD","2026-09-25 00:07:13.895Z",1.13737,1.13743
"exness","EURUSD","2026-09-25 00:07:14.936Z",1.13736,1.13742
"exness","EURUSD","2026-09-25 00:07:15.961Z",1.13737,1.13743
"exness","EURUSD","2026-09-25 00:07:19.284Z",1.13738,1.13744
"exness","EURUSD","2026-09-25 00:07:32.103Z",1.13737,1.13743
"exness","EURUSD","2026-09-25 00:07:33.669Z",1.13738,1.13744
"exness","EURUSD","2026-09-25 00:07:36.795Z",1.13737,1.13743
"exness","EURUSD","2026-09-25 00:07:38.095Z",1.13738,1.13744
"exness","EURUSD","2026-09-25 00:07:44.946Z",1.13739,1.13745
"exness","EURUSD","2026-09-25 00:07:47.637Z",1.1374,1.13746
"exness","EURUSD","2026-09-25 00:07:48.695Z",1.13739,1.13745
"exness","EURUSD","2026-09-25 00:08:00.883Z",1.13737,1.13743
"exness","EURUSD","2026-09-25 00:08:04.207Z",1.13738,1.13744
"exness","EURUSD","2026-09-25 00:08:12.606Z",1.13736,1.13742
"exness","EURUSD","2026-09-25 00:08:12.722Z",1.13734,1.1374
"exness","EURUSD","2026-09-25 00:08:13.609Z",1.13737,1.13743
"exness","EURUSD","2026-09-25 00:08:14.094Z",1.13739,1.13745
"exness","EURUSD","2026-09-25 00:08:16.250Z",1.13738,1.13744
"exness","EURUSD","2026-09-25 00:08:17.316Z",1.13739,1.13745
"exness","EURUSD","2026-09-25 00:08:20.928Z",1.1374,1.13746
"exness","EURUSD","2026-09-25 00:08:28.822Z",1.13739,1.13745
"exness","EURUSD","2026-09-25 00:08:34.765Z",1.13741,1.13747
"exness","EURUSD","2026-09-25 00:08:37.107Z",1.13742,1.13748
"exness","EURUSD","2026-09-25 00:08:38.128Z",1.13743,1.1374900000000001
"exness","EURUSD","2026-09-25 00:08:40.640Z",1.1374,1.13746
"exness","EURUSD","2026-09-25 00:08:45.239Z",1.13741,1.13747
"exness","EURUSD","2026-09-25 00:08:46.738Z",1.13743,1.1374900000000001
"exness","EURUSD","2026-09-25 00:08:46.777Z",1.13745,1.13751
"exness","EURUSD","2026-09-25 00:08:48.152Z",1.13746,1.13752
"exness","EURUSD","2026-09-25 00:08:51.131Z",1.13745,1.13751
"exness","EURUSD","2026-09-25 00:09:08.116Z",1.13744,1.1375
"exness","EURUSD","2026-09-25 00:09:16.306Z",1.13745,1.13751
"exness","EURUSD","2026-09-25 00:09:16.467Z",1.13747,1.13753
"exness","EURUSD","2026-09-25 00:09:16.608Z",1.13744,1.1375
"exness","EURUSD","2026-09-25 00:09:16.915Z",1.13742,1.13748
"exness","EURUSD","2026-09-25 00:09:18.473Z",1.1374,1.13746
"exness","EURUSD","2026-09-25 00:09:18.677Z",1.13739,1.13745
"exness","EURUSD","2026-09-25 00:09:19.503Z",1.13742,1.13748
"exness","EURUSD","2026-09-25 00:09:20.731Z",1.13743,1.1374900000000001
"exness","EURUSD","2026-09-25 00:09:25.944Z",1.13742,1.13748
"exness","EURUSD","2026-09-25 00:09:27.439Z",1.13743,1.1374900000000001
"exness","EURUSD","2026-09-25 00:09:28.465Z",1.13744,1.1375
"exness","EURUSD","2026-09-25 00:09:47.826Z",1.13743,1.1374900000000001
"exness","EURUSD","2026-09-25 00:09:49.000Z",1.13742,1.13748
"exness","EURUSD","2026-09-25 00:09:50.034Z",1.13743,1.1374900000000001
"exness","EURUSD","2026-09-25 00:09:50.803Z",1.13741,1.13747
"exness","EURUSD","2026-09-25 00:09:50.891Z",1.13739,1.13745
"exness","EURUSD","2026-09-25 00:09:51.046Z",1.13738,1.13744
"exness","EURUSD","2026-09-25 00:09:52.083Z",1.13739,1.13745
"exness","EURUSD","2026-09-25 00:09:53.117Z",1.13738,1.13744
"exness","EURUSD","2026-09-25 00:09:54.272Z",1.13739,1.13745
"exness","EURUSD","2026-09-25 00:09:55.318Z",1.1374,1.13746
"exness","EURUSD","2026-09-25 00:09:56.411Z",1.13739,1.13745
"exness","EURUSD","2026-09-25 00:09:57.638Z",1.1374,1.13746
"exness","EURUSD","2026-09-25 00:10:01.148Z",1.13738,1.13744
"exness","EURUSD","2026-09-25 00:10:01.697Z",1.13736,1.13742
"exness","EURUSD","2026-09-25 00:10:02.472Z",1.13735,1.13741
"exness","EURUSD","2026-09-25 00:10:03.593Z",1.13734,1.1374
"exness","EURUSD","2026-09-25 00:10:04.935Z",1.13736,1.13742
"exness","EURUSD","2026-09-25 00:10:05.022Z",1.13738,1.13744
"exness","EURUSD","2026-09-25 00:10:05.139Z",1.13739,1.13745
"exness","EURUSD","2026-09-25 00:10:05.751Z",1.13741,1.13747
"exness","EURUSD","2026-09-25 00:10:06.768Z",1.13739,1.13745
"exness","EURUSD","2026-09-25 00:10:09.849Z",1.13738,1.13744
"exness","EURUSD","2026-09-25 00:10:14.848Z",1.13739,1.13745
"exness","EURUSD","2026-09-25 00:10:29.250Z",1.13742,1.13748
"exness","EURUSD","2026-09-25 00:10:29.288Z",1.13743,1.1374900000000001
"exness","EURUSD","2026-09-25 00:10:29.571Z",1.1374,1.13746
"exness","EURUSD","2026-09-25 00:10:32.246Z",1.13741,1.13747
"exness","EURUSD","2026-09-25 00:10:38.635Z",1.13742,1.13748
"exness","EURUSD","2026-09-25 00:10:43.205Z",1.13741,1.13747
"exness","EURUSD","2026-09-25 00:10:43.347Z",1.13739,1.13745
"exness","EURUSD","2026-09-25 00:10:44.743Z",1.13738,1.13744
"exness","EURUSD","2026-09-25 00:10:46.179Z",1.13739,1.13745
"exness","EURUSD","2026-09-25 00:10:51.387Z",1.1374,1.13746
"exness","EURUSD","2026-09-25 00:10:55.192Z",1.13739,1.13745
"exness","EURUSD","2026-09-25 00:10:57.411Z",1.13737,1.13743
"exness","EURUSD","2026-09-25 00:10:57.422Z",1.13735,1.13741
"exness","EURUSD","2026-09-25 00:10:57.478Z",1.13734,1.1374
"exness","EURUSD","2026-09-25 00:10:57.926Z",1.13733,1.13739
"exness","EURUSD","2026-09-25 00:10:59.051Z",1.13731,1.13737
"exness","EURUSD","2026-09-25 00:10:59.090Z",1.1373,1.13736
"exness","EURUSD","2026-09-25 00:11:00.328Z",1.13731,1.13737
"exness","EURUSD","2026-09-25 00:11:01.460Z",1.1373199999999999,1.13738
"exness","EURUSD","2026-09-25 00:11:03.248Z",1.13733,1.13739
"exness","EURUSD","2026-09-25 00:11:06.651Z",1.13735,1.13741
"exness","EURUSD","2026-09-25 00:11:09.308Z",1.13736,1.13742
"exness","EURUSD","2026-09-25 00:11:11.902Z",1.13735,1.13741
"exness","EURUSD","2026-09-25 00:11:14.718Z",1.13734,1.1374
"exness","EURUSD","2026-09-25 00:11:24.733Z",1.13735,1.13741
"exness","EURUSD","2026-09-25 00:11:26.022Z",1.13734,1.1374
"exness","EURUSD","2026-09-25 00:11:28.423Z",1.13735,1.13741
"exness","EURUSD","2026-09-25 00:11:31.276Z",1.13734,1.1374
"exness","EURUSD","2026-09-25 00:11:45.060Z",1.13733,1.13739
"exness","EURUSD","2026-09-25 00:11:53.395Z",1.13734,1.1374
"exness","EURUSD","2026-09-25 00:11:54.398Z",1.13735,1.13741
"exness","EURUSD","2026-09-25 00:11:56.208Z",1.13734,1.1374
"exness","EURUSD","2026-09-25 00:11:59.813Z",1.13733,1.13739
"exness","EURUSD","2026-09-25 00:12:06.543Z",1.13734,1.1374
"exness","EURUSD","2026-09-25 00:12:08.090Z",1.13733,1.13739
"exness","EURUSD","2026-09-25 00:12:09.419Z",1.1373199999999999,1.13738
"exness","EURUSD","2026-09-25 00:12:26.623Z",1.13731,1.13737
"exness","EURUSD","2026-09-25 00:12:27.791Z",1.1373199999999999,1.13738
"exness","EURUSD","2026-09-25 00:12:33.467Z",1.13733,1.13739
"exness","EURUSD","2026-09-25 00:12:42.360Z",1.1373,1.13736
"exness","EURUSD","2026-09-25 00:12:42.389Z",1.13729,1.13735
"exness","EURUSD","2026-09-25 00:12:42.613Z",1.13727,1.13733
"exness","EURUSD","2026-09-25 00:12:44.082Z",1.13729,1.13735
"exness","EURUSD","2026-09-25 00:12:45.309Z",1.1373,1.13736
"exness","EURUSD","2026-09-25 00:12:48.976Z",1.13729,1.13735
"exness","EURUSD","2026-09-25 00:13:00.981Z",1.13728,1.13734
"exness","EURUSD","2026-09-25 00:13:01.990Z",1.13729,1.13735
"exness","EURUSD","2026-09-25 00:13:07.617Z",1.13728,1.13734
"exness","EURUSD","2026-09-25 00:13:20.261Z",1.13729,1.13735
"exness","EURUSD","2026-09-25 00:13:22.704Z",1.1373,1.13736
"exness","EURUSD","2026-09-25 00:13:29.730Z",1.13729,1.13735
"exness","EURUSD","2026-09-25 00:13:35.263Z",1.13731,1.13737
"exness","EURUSD","2026-09-25 00:13:35.352Z",1.13733,1.13739
"exness","EURUSD","2026-09-25 00:13:36.487Z",1.13731,1.13737
"exness","EURUSD","2026-09-25 00:13:41.140Z",1.1373199999999999,1.13738
"exness","EURUSD","2026-09-25 00:13:42.513Z",1.1373,1.13736
"exness","EURUSD","2026-09-25 00:13:45.060Z",1.13731,1.13737
"exness","EURUSD","2026-09-25 00:13:50.173Z",1.1373,1.13736
"exness","EURUSD","2026-09-25 00:13:51.697Z",1.13728,1.13734
"exness","EURUSD","2026-09-25 00:13:52.107Z",1.1373,1.13736
"exness","EURUSD","2026-09-25 00:13:52.205Z",1.1373199999999999,1.13738
"exness","EURUSD","2026-09-25 00:13:52.219Z",1.13733,1.13739
"exness","EURUSD","2026-09-25 00:13:53.299Z",1.13734,1.1374
"exness","EURUSD","2026-09-25 00:13:54.414Z",1.13733,1.13739
"exness","EURUSD","2026-09-25 00:14:01.132Z",1.1373199999999999,1.13738
"exness","EURUSD","2026-09-25 00:14:06.181Z",1.13733,1.13739
"exness","EURUSD","2026-09-25 00:14:12.829Z",1.1373199999999999,1.13738
"exness","EURUSD","2026-09-25 00:14:15.293Z",1.13733,1.13739
"exness","EURUSD","2026-09-25 00:14:21.500Z",1.13731,1.13737
"exness","EURUSD","2026-09-25 00:14:23.439Z",1.1373199999999999,1.13738
"exness","EURUSD","2026-09-25 00:14:33.804Z",1.13734,1.1374
"exness","EURUSD","2026-09-25 00:14:36.730Z",1.13733,1.13739
"exness","EURUSD","2026-09-25 00:14:43.651Z",1.13731,1.13737
"exness","EURUSD","2026-09-25 00:14:50.559Z",1.1373199999999999,1.13738
"exness","EURUSD","2026-09-25 00:14:51.785Z",1.1373,1.13736
"exness","EURUSD","2026-09-25 00:14:52.955Z",1.13731,1.13737
"exness","EURUSD","2026-09-25 00:14:54.087Z",1.13729,1.13735
"exness","EURUSD","2026-09-25 00:14:55.092Z",1.13727,1.13733
"exness","EURUSD","2026-09-25 00:14:57.437Z",1.13729,1.13735
"exness","EURUSD","2026-09-25 00:14:58.476Z",1.13728,1.13734
"exness","EURUSD","2026-09-25 00:15:01.294Z",1.13726,1.1373199999999999
"exness","EURUSD","2026-09-25 00:15:02.480Z",1.13724,1.1373
"exness","EURUSD","2026-09-25 00:15:13.565Z",1.13726,1.1373199999999999
"exness","EURUSD","2026-09-25 00:15:14.581Z",1.13725,1.13731
"exness","EURUSD","2026-09-25 00:15:14.807Z",1.13723,1.13729
"exness","EURUSD","2026-09-25 00:15:15.446Z",1.13724,1.1373
"exness","EURUSD","2026-09-25 00:15:17.591Z",1.13725,1.13731
"exness","EURUSD","2026-09-25 00:15:20.537Z",1.13723,1.13729
"exness","EURUSD","2026-09-25 00:15:23.938Z",1.13724,1.1373
"exness","EURUSD","2026-09-25 00:15:25.571Z",1.13723,1.13729
"exness","EURUSD","2026-09-25 00:15:26.636Z",1.13724,1.1373
"exness","EURUSD","2026-09-25 00:15:34.560Z",1.13723,1.13729
"exness","EURUSD","2026-09-25 00:15:35.927Z",1.13724,1.1373
"exness","EURUSD","2026-09-25 00:15:38.342Z",1.13723,1.13729
"exness","EURUSD","2026-09-25 00:15:44.096Z",1.13721,1.13727
"exness","EURUSD","2026-09-25 00:15:44.120Z",1.13719,1.13725
"exness","EURUSD","2026-09-25 00:15:45.391Z",1.13721,1.13727
"exness","EURUSD","2026-09-25 00:15:46.395Z",1.1372,1.13726
"exness","EURUSD","2026-09-25 00:15:47.709Z",1.1372200000000001,1.13728
"exness","EURUSD","2026-09-25 00:15:47.942Z",1.13723,1.13729
"exness","EURUSD","2026-09-25 00:15:49.194Z",1.13724,1.1373
"exness","EURUSD","2026-09-25 00:15:50.461Z",1.13726,1.1373199999999999
"exness","EURUSD","2026-09-25 00:15:50.470Z",1.13727,1.13733
"exness","EURUSD","2026-09-25 00:15:51.480Z",1.13728,1.13734
"exness","EURUSD","2026-09-25 00:15:54.684Z",1.13727,1.13733
"exness","EURUSD","2026-09-25 00:16:00.305Z",1.13729,1.13735
"exness","EURUSD","2026-09-25 00:16:01.881Z",1.1373,1.13736
"exness","EURUSD","2026-09-25 00:16:02.594Z",1.13731,1.13737
"exness","EURUSD","2026-09-25 00:16:03.682Z",1.1373,1.13736
"exness","EURUSD","2026-09-25 00:16:07.135Z",1.13729,1.13735
"exness","EURUSD","2026-09-25 00:16:09.628Z",1.13731,1.13737
"exness","EURUSD","2026-09-25 00:16:13.291Z",1.1373,1.13736
"exness","EURUSD","2026-09-25 00:16:19.410Z",1.13731,1.13737
"exness","EURUSD","2026-09-25 00:16:20.417Z",1.1373,1.13736
"exness","EURUSD","2026-09-25 00:16:22.669Z",1.13729,1.13735
"exness","EURUSD","2026-09-25 00:16:23.814Z",1.13728,1.13734
"exness","EURUSD","2026-09-25 00:16:27.628Z",1.13729,1.13735
"exness","EURUSD","2026-09-25 00:16:30.004Z",1.13727,1.13733
"exness","EURUSD","2026-09-25 00:16:30.193Z",1.13725,1.13731
"exness","EURUSD","2026-09-25 00:16:30.409Z",1.13728,1.13734
"exness","EURUSD","2026-09-25 00:16:31.474Z",1.13729,1.13735
"exness","EURUSD","2026-09-25 00:16:32.609Z",1.13727,1.13733
"exness","EURUSD","2026-09-25 00:16:33.411Z",1.13729,1.13735
"exness","EURUSD","2026-09-25 00:16:45.401Z",1.1373,1.13736
"exness","EURUSD","2026-09-25 00:16:50.360Z",1.13728,1.13734
"exness","EURUSD","2026-09-25 00:16:51.458Z",1.13729,1.13735
"exness","EURUSD","2026-09-25 00:16:52.403Z",1.13731,1.13737
"exness","EURUSD","2026-09-25 00:16:52.535Z",1.1373199999999999,1.13738
"exness","EURUSD","2026-09-25 00:16:53.549Z",1.1373,1.13736
"exness","EURUSD","2026-09-25 00:16:55.149Z",1.13731,1.13737
"exness","EURUSD","2026-09-25 00:16:59.272Z",1.1373199999999999,1.13738
"exness","EURUSD","2026-09-25 00:17:00.302Z",1.13731,1.13737
"exness","EURUSD","2026-09-25 00:17:03.460Z",1.13733,1.13739
"exness","EURUSD","2026-09-25 00:17:03.618Z",1.13734,1.1374
"exness","EURUSD","2026-09-25 00:17:03.641Z",1.1373199999999999,1.13738
"exness","EURUSD","2026-09-25 00:17:03.683Z",1.1373,1.13736
"exness","EURUSD","2026-09-25 00:17:04.136Z",1.1373199999999999,1.13738
"exness","EURUSD","2026-09-25 00:17:05.520Z",1.13734,1.1374
"exness","EURUSD","2026-09-25 00:17:06.732Z",1.13735,1.13741
"exness","EURUSD","2026-09-25 00:17:07.788Z",1.13734,1.1374
"exness","EURUSD","2026-09-25 00:17:19.226Z",1.13733,1.13739
"exness","EURUSD","2026-09-25 00:17:20.327Z",1.13734,1.1374
"exness","EURUSD","2026-09-25 00:17:23.649Z",1.1373199999999999,1.13738
"exness","EURUSD","2026-09-25 00:17:23.656Z",1.1373,1.13736
"exness","EURUSD","2026-09-25 00:17:23.715Z",1.13729,1.13735
"exness","EURUSD","2026-09-25 00:17:34.242Z",1.13728,1.13734
"exness","EURUSD","2026-09-25 00:17:38.693Z",1.13727,1.13733
"exness","EURUSD","2026-09-25 00:17:41.995Z",1.13726,1.1373199999999999
"exness","EURUSD","2026-09-25 00:17:48.279Z",1.13723,1.13729
"exness","EURUSD","2026-09-25 00:17:48.985Z",1.1372200000000001,1.13728
"exness","EURUSD","2026-09-25 00:17:49.487Z",1.13725,1.13731
"exness","EURUSD","2026-09-25 00:17:53.873Z",1.13724,1.1373
"exness","EURUSD","2026-09-25 00:17:56.764Z",1.13725,1.13731
"exness","EURUSD","2026-09-25 00:17:57.790Z",1.13724,1.1373
"exness","EURUSD","2026-09-25 00:18:01.965Z",1.13725,1.13731
"exness","EURUSD","2026-09-25 00:18:03.043Z",1.13727,1.13733
"exness","EURUSD","2026-09-25 00:18:13.428Z",1.13725,1.13731
"exness","EURUSD","2026-09-25 00:18:14.578Z",1.13724,1.1373
"exness","EURUSD","2026-09-25 00:18:19.648Z",1.13723,1.13729
"exness","EURUSD","2026-09-25 00:18:22.410Z",1.13724,1.1373
"exness","EURUSD","2026-09-25 00:18:24.217Z",1.13723,1.13729
"exness","EURUSD","2026-09-25 00:18:30.548Z",1.13725,1.13731
"exness","EURUSD","2026-09-25 00:18:31.564Z",1.13724,1.1373
"exness","EURUSD","2026-09-25 00:18:32.571Z",1.13723,1.13729
"exness","EURUSD","2026-09-25 00:18:34.944Z",1.13724,1.1373
"exness","EURUSD","2026-09-25 00:18:39.476Z",1.13723,1.13729
"exness","EURUSD","2026-09-25 00:18:47.423Z",1.1372200000000001,1.13728
"exness","EURUSD","2026-09-25 00:18:47.832Z",1.1372,1.13726
"exness","EURUSD","2026-09-25 00:18:50.917Z",1.1372200000000001,1.13728
"exness","EURUSD","2026-09-25 00:18:52.057Z",1.13723,1.13729
"exness","EURUSD","2026-09-25 00:18:55.084Z",1.1372200000000001,1.13728
"exness","EURUSD","2026-09-25 00:19:01.152Z",1.13723,1.13729
"exness","EURUSD","2026-09-25 00:19:02.158Z",1.13724,1.1373
"exness","EURUSD","2026-09-25 00:19:20.553Z",1.1372200000000001,1.13728
"exness","EURUSD","2026-09-25 00:19:21.648Z",1.13721,1.13727
"exness","EURUSD","2026-09-25 00:19:22.283Z",1.13724,1.1373
"exness","EURUSD","2026-09-25 00:19:23.550Z",1.13725,1.13731
"exness","EURUSD","2026-09-25 00:19:24.590Z",1.13724,1.1373
"exness","EURUSD","2026-09-25 00:19:25.230Z",1.1372200000000001,1.13728
"exness","EURUSD","2026-09-25 00:19:25.430Z",1.1372,1.13726
"exness","EURUSD","2026-09-25 00:19:26.474Z",1.13719,1.13725
"exness","EURUSD","2026-09-25 00:19:31.995Z",1.1372,1.13726
"exness","EURUSD","2026-09-25 00:19:34.935Z",1.13719,1.13725
"exness","EURUSD","2026-09-25 00:19:40.180Z",1.1372,1.13726
"exness","EURUSD","2026-09-25 00:19:41.651Z",1.13719,1.13725
"exness","EURUSD","2026-09-25 00:19:43.809Z",1.1372,1.13726
"exness","EURUSD","2026-09-25 00:19:48.521Z",1.13719,1.13725
"exness","EURUSD","2026-09-25 00:20:03.092Z",1.1372200000000001,1.13728
"exness","EURUSD","2026-09-25 00:20:03.159Z",1.13723,1.13729
"exness","EURUSD","2026-09-25 00:20:04.251Z",1.13721,1.13727
"exness","EURUSD","2026-09-25 00:20:06.763Z",1.1372200000000001,1.13728
"exness","EURUSD","2026-09-25 00:20:16.975Z",1.13721,1.13727
"exness","EURUSD","2026-09-25 00:20:21.923Z",1.1372,1.13726
"exness","EURUSD","2026-09-25 00:20:28.311Z",1.13719,1.13725
"exness","EURUSD","2026-09-25 00:20:29.556Z",1.1372,1.13726
"exness","EURUSD","2026-09-25 00:20:31.379Z",1.13719,1.13725
"exness","EURUSD","2026-09-25 00:20:32.622Z",1.13721,1.13727
"exness","EURUSD","2026-09-25 00:20:33.986Z",1.1372,1.13726
"exness","EURUSD","2026-09-25 00:20:41.127Z",1.13719,1.13725
"exness","EURUSD","2026-09-25 00:20:46.442Z",1.13718,1.13724
"exness","EURUSD","2026-09-25 00:20:48.546Z",1.13719,1.13725
"exness","EURUSD","2026-09-25 00:20:52.143Z",1.13718,1.13724
"exness","EURUSD","2026-09-25 00:20:56.652Z",1.13719,1.13725
"exness","EURUSD","2026-09-25 00:20:58.802Z",1.1372,1.13726
"exness","EURUSD","2026-09-25 00:21:02.579Z",1.13719,1.13725
"exness","EURUSD","2026-09-25 00:21:04.215Z",1.1372200000000001,1.13728
"exness","EURUSD","2026-09-25 00:21:15.155Z",1.13723,1.13729
"exness","EURUSD","2026-09-25 00:21:32.298Z",1.13724,1.1373
"exness","EURUSD","2026-09-25 00:21:33.753Z",1.13726,1.1373199999999999
"exness","EURUSD","2026-09-25 00:21:37.619Z",1.13725,1.13731
"exness","EURUSD","2026-09-25 00:21:39.337Z",1.13724,1.1373
"exness","EURUSD","2026-09-25 00:21:51.230Z",1.1372200000000001,1.13728
"exness","EURUSD","2026-09-25 00:21:51.250Z",1.1372,1.13726
"exness","EURUSD","2026-09-25 00:21:51.274Z",1.13719,1.13725
"exness","EURUSD","2026-09-25 00:21:52.406Z",1.13718,1.13724
"exness","EURUSD","2026-09-25 00:21:54.575Z",1.13719,1.13725
"exness","EURUSD","2026-09-25 00:22:06.582Z",1.13717,1.13723
"exness","EURUSD","2026-09-25 00:22:06.610Z",1.13715,1.13721
"exness","EURUSD","2026-09-25 00:22:09.106Z",1.13716,1.1372200000000001
"exness","EURUSD","2026-09-25 00:22:10.166Z",1.13715,1.13721
"exness","EURUSD","2026-09-25 00:22:16.345Z",1.13717,1.13723
"exness","EURUSD","2026-09-25 00:22:19.091Z",1.13716,1.1372200000000001
"exness","EURUSD","2026-09-25 00:22:23.853Z",1.13715,1.13721
"exness","EURUSD","2026-09-25 00:22:25.435Z",1.13718,1.13724
"exness","EURUSD","2026-09-25 00:22:25.468Z",1.13719,1.13725
"exness","EURUSD","2026-09-25 00:22:26.470Z",1.1372,1.13726
"exness","EURUSD","2026-09-25 00:22:29.300Z",1.13719,1.13725
"exness","EURUSD","2026-09-25 00:22:31.802Z",1.13721,1.13727
"exness","EURUSD","2026-09-25 00:22:32.985Z",1.13718,1.13724
"exness","EURUSD","2026-09-25 00:22:44.272Z",1.13717,1.13723
"exness","EURUSD","2026-09-25 00:22:52.755Z",1.13716,1.1372200000000001
"exness","EURUSD","2026-09-25 00:22:57.416Z",1.13717,1.13723
"exness","EURUSD","2026-09-25 00:22:58.563Z",1.13716,1.1372200000000001
"exness","EURUSD","2026-09-25 00:23:02.489Z",1.13717,1.13723
"exness","EURUSD","2026-09-25 00:23:03.490Z",1.13716,1.1372200000000001
"exness","EURUSD","2026-09-25 00:23:03.496Z",1.13718,1.13724
"exness","EURUSD","2026-09-25 00:23:03.503Z",1.1372,1.13726
"exness","EURUSD","2026-09-25 00:23:03.555Z",1.1372200000000001,1.13728
"exness","EURUSD","2026-09-25 00:23:07.585Z",1.13721,1.13727
"exness","EURUSD","2026-09-25 00:23:12.000Z",1.13723,1.13729
"exness","EURUSD","2026-09-25 00:23:14.850Z",1.1372200000000001,1.13728
"exness","EURUSD","2026-09-25 00:23:36.679Z",1.13724,1.1373
"exness","EURUSD","2026-09-25 00:23:37.331Z",1.13726,1.1373199999999999
"exness","EURUSD","2026-09-25 00:23:38.852Z",1.13723,1.13729
"exness","EURUSD","2026-09-25 00:23:42.449Z",1.13725,1.13731
"exness","EURUSD","2026-09-25 00:23:42.598Z",1.13727,1.13733
"exness","EURUSD","2026-09-25 00:23:45.040Z",1.13725,1.13731
"exness","EURUSD","2026-09-25 00:23:52.730Z",1.13723,1.13729
"exness","EURUSD","2026-09-25 00:24:04.233Z",1.13721,1.13727
"exness","EURUSD","2026-09-25 00:24:05.990Z",1.1372,1.13726
"exness","EURUSD","2026-09-25 00:24:06.894Z",1.13723,1.13729
"exness","EURUSD","2026-09-25 00:24:07.886Z",1.13725,1.13731
"exness","EURUSD","2026-09-25 00:24:09.183Z",1.13724,1.1373
"exness","EURUSD","2026-09-25 00:24:15.849Z",1.13723,1.13729
"exness","EURUSD","2026-09-25 00:24:29.281Z",1.13724,1.1373
"exness","EURUSD","2026-09-25 00:24:30.452Z",1.13723,1.13729
"exness","EURUSD","2026-09-25 00:24:36.312Z",1.1372200000000001,1.13728
"exness","EURUSD","2026-09-25 00:24:39.730Z",1.1372,1.13726
"exness","EURUSD","2026-09-25 00:24:41.800Z",1.13719,1.13725
"exness","EURUSD","2026-09-25 00:24:42.819Z",1.1372,1.13726
"exness","EURUSD","2026-09-25 00:24:42.977Z",1.1372200000000001,1.13728
"exness","EURUSD","2026-09-25 00:24:43.179Z",1.1372,1.13726
"exness","EURUSD","2026-09-25 00:24:44.185Z",1.13719,1.13725
"exness","EURUSD","2026-09-25 00:24:50.026Z",1.13717,1.13723
"exness","EURUSD","2026-09-25 00:24:56.285Z",1.13718,1.13724
"exness","EURUSD","2026-09-25 00:24:57.888Z",1.13717,1.13723
"exness","EURUSD","2026-09-25 00:25:01.562Z",1.13718,1.13724
"exness","EURUSD","2026-09-25 00:25:06.082Z",1.13716,1.1372200000000001
"exness","EURUSD","2026-09-25 00:25:09.708Z",1.13715,1.13721
"exness","EURUSD","2026-09-25 00:25:10.802Z",1.13716,1.1372200000000001
"exness","EURUSD","2026-09-25 00:25:15.055Z",1.13715,1.13721
"exness","EURUSD","2026-09-25 00:25:16.419Z",1.13717,1.13723
"exness","EURUSD","2026-09-25 00:25:17.850Z",1.13718,1.13724
"exness","EURUSD","2026-09-25 00:25:19.371Z",1.13717,1.13723
"exness","EURUSD","2026-09-25 00:25:19.781Z",1.13715,1.13721
"exness","EURUSD","2026-09-25 00:25:23.556Z",1.13717,1.13723
"exness","EURUSD","2026-09-25 00:25:26.969Z",1.13718,1.13724
"exness","EURUSD","2026-09-25 00:25:28.109Z",1.13719,1.13725
"exness","EURUSD","2026-09-25 00:25:30.556Z",1.13718,1.13724
"exness","EURUSD","2026-09-25 00:25:45.395Z",1.13719,1.13725
"exness","EURUSD","2026-09-25 00:25:54.251Z",1.1372,1.13726
"exness","EURUSD","2026-09-25 00:25:55.983Z",1.13719,1.13725
"exness","EURUSD","2026-09-25 00:25:57.043Z",1.13721,1.13727
"exness","EURUSD","2026-09-25 00:25:58.291Z",1.1372,1.13726
"exness","EURUSD","2026-09-25 00:25:58.481Z",1.1372200000000001,1.13728
"exness","EURUSD","2026-09-25 00:26:01.274Z",1.1372,1.13726
"exness","EURUSD","2026-09-25 00:26:02.845Z",1.13719,1.13725
"exness","EURUSD","2026-09-25 00:26:04.816Z",1.1372,1.13726
"exness","EURUSD","2026-09-25 00:26:06.240Z",1.1372200000000001,1.13728
"exness","EURUSD","2026-09-25 00:26:24.759Z",1.13721,1.13727
"exness","EURUSD","2026-09-25 00:26:27.340Z",1.13723,1.13729
"exness","EURUSD","2026-09-25 00:26:29.062Z",1.1372200000000001,1.13728
"exness","EURUSD","2026-09-25 00:26:30.250Z",1.13724,1.1373
"exness","EURUSD","2026-09-25 00:26:38.243Z",1.1372200000000001,1.13728
"exness","EURUSD","2026-09-25 00:26:38.261Z",1.13721,1.13727
"exness","EURUSD","2026-09-25 00:26:38.465Z",1.13719,1.13725
"exness","EURUSD","2026-09-25 00:26:42.025Z",1.1372,1.13726
"exness","EURUSD","2026-09-25 00:26:48.793Z",1.13719,1.13725
"exness","EURUSD","2026-09-25 00:26:51.368Z",1.13721,1.13727
"exness","EURUSD","2026-09-25 00:26:59.904Z",1.1372,1.13726
"exness","EURUSD","2026-09-25 00:27:02.782Z",1.13719,1.13725
"exness","EURUSD","2026-09-25 00:27:04.036Z",1.1372,1.13726
"exness","EURUSD","2026-09-25 00:27:07.680Z",1.1372200000000001,1.13728
"exness","EURUSD","2026-09-25 00:27:07.692Z",1.13724,1.1373
"exness","EURUSD","2026-09-25 00:27:07.700Z",1.13725,1.13731
"exness","EURUSD","2026-09-25 00:27:07.741Z",1.13726,1.1373199999999999
"exness","EURUSD","2026-09-25 00:27:07.982Z",1.13728,1.13734
"exness","EURUSD","2026-09-25 00:27:09.484Z",1.13729,1.13735
"exness","EURUSD","2026-09-25 00:27:10.747Z",1.13728,1.13734
"exness","EURUSD","2026-09-25 00:27:22.111Z",1.1373,1.13736
"exness","EURUSD","2026-09-25 00:27:25.520Z",1.13731,1.13737
"exness","EURUSD","2026-09-25 00:27:29.543Z",1.1373,1.13736
"exness","EURUSD","2026-09-25 00:27:30.620Z",1.13729,1.13735
"exness","EURUSD","2026-09-25 00:27:31.655Z",1.1373,1.13736
"exness","EURUSD","2026-09-25 00:27:34.673Z",1.13729,1.13735
"exness","EURUSD","2026-09-25 00:27:35.755Z",1.1373,1.13736
"exness","EURUSD","2026-09-25 00:27:37.141Z",1.13729,1.13735
"exness","EURUSD","2026-09-25 00:27:40.378Z",1.13727,1.13733
"exness","EURUSD","2026-09-25 00:27:40.399Z",1.13726,1.1373199999999999
"exness","EURUSD","2026-09-25 00:27:50.190Z",1.13725,1.13731
"exness","EURUSD","2026-09-25 00:27:51.444Z",1.13726,1.1373199999999999
"exness","EURUSD","2026-09-25 00:27:53.747Z",1.13725,1.13731
"exness","EURUSD","2026-09-25 00:27:56.266Z",1.13724,1.1373
"exness","EURUSD","2026-09-25 00:27:57.372Z",1.13725,1.13731
"exness","EURUSD","2026-09-25 00:28:00.796Z",1.13726,1.1373199999999999
"exness","EURUSD","2026-09-25 00:28:09.809Z",1.13728,1.13734
"exness","EURUSD","2026-09-25 00:28:11.850Z",1.1373,1.13736
"exness","EURUSD","2026-09-25 00:28:12.856Z",1.13729,1.13735
"exness","EURUSD","2026-09-25 00:28:17.763Z",1.13727,1.13733
"exness","EURUSD","2026-09-25 00:28:19.155Z",1.13728,1.13734
"exness","EURUSD","2026-09-25 00:28:28.061Z",1.13727,1.13733
"exness","EURUSD","2026-09-25 00:28:29.056Z",1.13725,1.13731
"exness","EURUSD","2026-09-25 00:28:31.109Z",1.13723,1.13729
"exness","EURUSD","2026-09-25 00:28:40.456Z",1.13724,1.1373
"exness","EURUSD","2026-09-25 00:28:53.650Z",1.13725,1.13731
"exness","EURUSD","2026-09-25 00:28:56.371Z",1.13724,1.1373
"exness","EURUSD","2026-09-25 00:28:59.929Z",1.13723,1.13729
"exness","EURUSD","2026-09-25 00:29:01.589Z",1.1372200000000001,1.13728
"exness","EURUSD","2026-09-25 00:29:03.834Z",1.13723,1.13729
"exness","EURUSD","2026-09-25 00:29:13.526Z",1.13725,1.13731
"exness","EURUSD","2026-09-25 00:29:14.643Z",1.13724,1.1373
"exness","EURUSD","2026-09-25 00:29:16.799Z",1.13723,1.13729
"exness","EURUSD","2026-09-25 00:29:17.718Z",1.13726,1.1373199999999999
"exness","EURUSD","2026-09-25 00:29:17.800Z",1.13727,1.13733
"exness","EURUSD","2026-09-25 00:29:18.805Z",1.13725,1.13731
"exness","EURUSD","2026-09-25 00:29:23.451Z",1.13726,1.1373199999999999
"exness","EURUSD","2026-09-25 00:29:25.699Z",1.13725,1.13731
"exness","EURUSD","2026-09-25 00:29:26.790Z",1.13724,1.1373
"exness","EURUSD","2026-09-25 00:29:27.882Z",1.13725,1.13731
"exness","EURUSD","2026-09-25 00:29:33.823Z",1.13728,1.13734
"exness","EURUSD","2026-09-25 00:29:36.815Z",1.13727,1.13733
"exness","EURUSD","2026-09-25 00:29:38.885Z",1.13725,1.13731
"exness","EURUSD","2026-09-25 00:29:45.254Z",1.13724,1.1373
"exness","EURUSD","2026-09-25 00:29:48.512Z",1.13725,1.13731
"exness","EURUSD","2026-09-25 00:29:55.378Z",1.13724,1.1373
"exness","EURUSD","2026-09-25 00:30:01.676Z",1.13723,1.13729
"exness","EURUSD","2026-09-25 00:30:03.653Z",1.13721,1.13727
"exness","EURUSD","2026-09-25 00:30:10.674Z",1.1372,1.13726
"exness","EURUSD","2026-09-25 00:30:14.645Z",1.13718,1.13724
"exness","EURUSD","2026-09-25 00:30:15.911Z",1.13717,1.13723
"exness","EURUSD","2026-09-25 00:30:17.544Z",1.13718,1.13724
"exness","EURUSD","2026-09-25 00:30:33.438Z",1.13719,1.13725
"exness","EURUSD","2026-09-25 00:30:42.317Z",1.13718,1.13724
"exness","EURUSD","2026-09-25 00:30:56.184Z",1.13715,1.13721
"exness","EURUSD","2026-09-25 00:30:57.182Z",1.13717,1.13723
"exness","EURUSD","2026-09-25 00:30:58.271Z",1.13718,1.13724
"exness","EURUSD","2026-09-25 00:31:35.525Z",1.13717,1.13723
"exness","EURUSD","2026-09-25 00:31:39.824Z",1.13718,1.13724
"exness","EURUSD","2026-09-25 00:31:41.351Z",1.13719,1.13725
"exness","EURUSD","2026-09-25 00:31:42.702Z",1.13718,1.13724
"exness","EURUSD","2026-09-25 00:31:45.206Z",1.13719,1.13725
"exness","EURUSD","2026-09-25 00:31:48.110Z",1.13718,1.13724
"exness","EURUSD","2026-09-25 00:31:49.769Z",1.13719,1.13725
"exness","EURUSD","2026-09-25 00:31:55.041Z",1.13718,1.13724
"exness","EURUSD","2026-09-25 00:31:57.378Z",1.13719,1.13725
"exness","EURUSD","2026-09-25 00:32:01.278Z",1.13721,1.13727
"exness","EURUSD","2026-09-25 00:32:02.578Z",1.1372,1.13726
"exness","EURUSD","2026-09-25 00:32:05.989Z",1.13718,1.13724
"exness","EURUSD","2026-09-25 00:32:07.103Z",1.13719,1.13725
"exness","EURUSD","2026-09-25 00:32:10.263Z",1.13718,1.13724
"exness","EURUSD","2026-09-25 00:32:23.859Z",1.13716,1.1372200000000001
"exness","EURUSD","2026-09-25 00:32:23.931Z",1.13715,1.13721
"exness","EURUSD","2026-09-25 00:32:26.165Z",1.13716,1.1372200000000001
"exness","EURUSD","2026-09-25 00:32:27.495Z",1.13715,1.13721
"exness","EURUSD","2026-09-25 00:32:29.254Z",1.13717,1.13723
"exness","EURUSD","2026-09-25 00:32:33.648Z",1.13716,1.1372200000000001
"exness","EURUSD","2026-09-25 00:32:34.732Z",1.13715,1.13721
"exness","EURUSD","2026-09-25 00:32:35.750Z",1.13713,1.13719
"exness","EURUSD","2026-09-25 00:32:36.546Z",1.13712,1.13718
"exness","EURUSD","2026-09-25 00:32:36.553Z",1.1371,1.13716
"exness","EURUSD","2026-09-25 00:32:36.578Z",1.13707,1.13713
"exness","EURUSD","2026-09-25 00:32:36.639Z",1.13705,1.13711
"exness","EURUSD","2026-09-25 00:32:37.669Z",1.13708,1.13714
"exness","EURUSD","2026-09-25 00:32:38.905Z",1.13709,1.13715
"exness","EURUSD","2026-09-25 00:32:54.839Z",1.13708,1.13714
"exness","EURUSD","2026-09-25 00:32:56.733Z",1.13706,1.13712
"exness","EURUSD","2026-09-25 00:32:57.236Z",1.13708,1.13714
"exness","EURUSD","2026-09-25 00:33:01.375Z",1.13709,1.13715
"exness","EURUSD","2026-09-25 00:33:16.800Z",1.13708,1.13714
"exness","EURUSD","2026-09-25 00:33:19.852Z",1.13709,1.13715
"exness","EURUSD","2026-09-25 00:33:26.035Z",1.13708,1.13714
"exness","EURUSD","2026-09-25 00:33:27.213Z",1.13709,1.13715
"exness","EURUSD","2026-09-25 00:33:32.722Z",1.13708,1.13714
"exness","EURUSD","2026-09-25 00:33:34.697Z",1.1371,1.13716
"exness","EURUSD","2026-09-25 00:33:34.711Z",1.13712,1.13718
"exness","EURUSD","2026-09-25 00:33:34.804Z",1.13714,1.1372
"exness","EURUSD","2026-09-25 00:33:34.845Z",1.13715,1.13721
"exness","EURUSD","2026-09-25 00:33:35.929Z",1.13714,1.1372
"exness","EURUSD","2026-09-25 00:33:46.663Z",1.13713,1.13719
"exness","EURUSD","2026-09-25 00:33:48.354Z",1.13716,1.1372200000000001
"exness","EURUSD","2026-09-25 00:33:50.092Z",1.13714,1.1372
"exness","EURUSD","2026-09-25 00:33:51.202Z",1.13715,1.13721
"exness","EURUSD","2026-09-25 00:33:53.743Z",1.13714,1.1372
"exness","EURUSD","2026-09-25 00:33:54.996Z",1.13715,1.13721
"exness","EURUSD","2026-09-25 00:34:05.805Z",1.13713,1.13719
"exness","EURUSD","2026-09-25 00:34:07.066Z",1.13712,1.13718
"exness","EURUSD","2026-09-25 00:34:08.891Z",1.13713,1.13719
"exness","EURUSD","2026-09-25 00:34:22.141Z",1.13712,1.13718
"exness","EURUSD","2026-09-25 00:34:29.737Z",1.13713,1.13719
"exness","EURUSD","2026-09-25 00:34:31.809Z",1.13714,1.1372
"exness","EURUSD","2026-09-25 00:34:34.946Z",1.13713,1.13719
"exness","EURUSD","2026-09-25 00:34:39.870Z",1.13715,1.13721
"exness","EURUSD","2026-09-25 00:34:41.384Z",1.13714,1.1372
"exness","EURUSD","2026-09-25 00:34:42.443Z",1.13715,1.13721
"exness","EURUSD","2026-09-25 00:34:43.584Z",1.13714,1.1372
"exness","EURUSD","2026-09-25 00:34:50.939Z",1.13715,1.13721
"exness","EURUSD","2026-09-25 00:34:52.130Z",1.13714,1.1372
"exness","EURUSD","2026-09-25 00:35:01.958Z",1.13715,1.13721
"exness","EURUSD","2026-09-25 00:35:03.630Z",1.13714,1.1372
"exness","EURUSD","2026-09-25 00:35:06.584Z",1.13713,1.13719
"exness","EURUSD","2026-09-25 00:35:11.113Z",1.13714,1.1372
"exness","EURUSD","2026-09-25 00:35:14.032Z",1.13713,1.13719
"exness","EURUSD","2026-09-25 00:35:16.262Z",1.13714,1.1372
"exness","EURUSD","2026-09-25 00:35:18.529Z",1.13713,1.13719
"exness","EURUSD","2026-09-25 00:35:26.692Z",1.13715,1.13721
"exness","EURUSD","2026-09-25 00:35:27.728Z",1.13713,1.13719
"exness","EURUSD","2026-09-25 00:35:38.703Z",1.13715,1.13721
"exness","EURUSD","2026-09-25 00:35:40.443Z",1.13714,1.1372
"exness","EURUSD","2026-09-25 00:35:47.108Z",1.13713,1.13719
"exness","EURUSD","2026-09-25 00:36:09.691Z",1.13711,1.13717
"exness","EURUSD","2026-09-25 00:36:09.721Z",1.13709,1.13715
"exness","EURUSD","2026-09-25 00:36:10.741Z",1.1371,1.13716
"exness","EURUSD","2026-09-25 00:36:13.359Z",1.13712,1.13718
"exness","EURUSD","2026-09-25 00:36:23.419Z",1.1371,1.13716
"exness","EURUSD","2026-09-25 00:36:39.080Z",1.13709,1.13715
"exness","EURUSD","2026-09-25 00:36:45.729Z",1.1371,1.13716
"exness","EURUSD","2026-09-25 00:37:00.543Z",1.13708,1.13714
"exness","EURUSD","2026-09-25 00:37:01.985Z",1.13709,1.13715
"exness","EURUSD","2026-09-25 00:37:06.074Z",1.1371,1.13716
"exness","EURUSD","2026-09-25 00:37:08.537Z",1.13709,1.13715
"exness","EURUSD","2026-09-25 00:37:16.795Z",1.13707,1.13713
"exness","EURUSD","2026-09-25 00:37:17.426Z",1.13706,1.13712
"exness","EURUSD","2026-09-25 00:37:18.449Z",1.13705,1.13711
"exness","EURUSD","2026-09-25 00:37:20.270Z",1.13707,1.13713
"exness","EURUSD","2026-09-25 00:37:21.461Z",1.13708,1.13714
"exness","EURUSD","2026-09-25 00:37:32.507Z",1.13706,1.13712
"exness","EURUSD","2026-09-25 00:37:33.928Z",1.13707,1.13713
"exness","EURUSD","2026-09-25 00:37:34.931Z",1.13709,1.13715
"exness","EURUSD","2026-09-25 00:37:36.028Z",1.1371,1.13716
"exness","EURUSD","2026-09-25 00:37:36.877Z",1.13707,1.13713
"exness","EURUSD","2026-09-25 00:37:38.090Z",1.13706,1.13712
"exness","EURUSD","2026-09-25 00:37:47.412Z",1.13704,1.1371
"exness","EURUSD","2026-09-25 00:37:49.668Z",1.13705,1.13711
"exness","EURUSD","2026-09-25 00:38:04.761Z",1.13707,1.13713
"exness","EURUSD","2026-09-25 00:38:08.262Z",1.13706,1.13712
"exness","EURUSD","2026-09-25 00:38:12.152Z",1.13707,1.13713
"exness","EURUSD","2026-09-25 00:38:13.232Z",1.13705,1.13711
"exness","EURUSD","2026-09-25 00:38:19.302Z",1.13707,1.13713
"exness","EURUSD","2026-09-25 00:38:19.317Z",1.13709,1.13715
"exness","EURUSD","2026-09-25 00:38:22.865Z",1.13708,1.13714
"exness","EURUSD","2026-09-25 00:38:28.588Z",1.13709,1.13715
"exness","EURUSD","2026-09-25 00:38:31.309Z",1.13708,1.13714
"exness","EURUSD","2026-09-25 00:38:32.312Z",1.13709,1.13715
"exness","EURUSD","2026-09-25 00:38:33.879Z",1.13708,1.13714
"exness","EURUSD","2026-09-25 00:38:34.445Z",1.13706,1.13712
"exness","EURUSD","2026-09-25 00:38:34.478Z",1.13705,1.13711
"exness","EURUSD","2026-09-25 00:38:34.871Z",1.13703,1.13709
"exness","EURUSD","2026-09-25 00:38:37.486Z",1.13704,1.1371
"exness","EURUSD","2026-09-25 00:38:42.289Z",1.13702,1.13708
"exness","EURUSD","2026-09-25 00:38:43.153Z",1.13701,1.13707
"exness","EURUSD","2026-09-25 00:38:44.185Z",1.13702,1.13708
"exness","EURUSD","2026-09-25 00:38:47.180Z",1.13704,1.1371
"exness","EURUSD","2026-09-25 00:38:51.947Z",1.13703,1.13709
"exness","EURUSD","2026-09-25 00:39:05.491Z",1.13702,1.13708
"exness","EURUSD","2026-09-25 00:39:06.501Z",1.13703,1.13709
"exness","EURUSD","2026-09-25 00:39:08.904Z",1.13704,1.1371
"exness","EURUSD","2026-09-25 00:39:12.337Z",1.13703,1.13709
"exness","EURUSD","2026-09-25 00:39:15.047Z",1.13704,1.1371
"exness","EURUSD","2026-09-25 00:39:17.346Z",1.13703,1.13709
"exness","EURUSD","2026-09-25 00:39:18.346Z",1.13704,1.1371
"exness","EURUSD","2026-09-25 00:39:18.365Z",1.13706,1.13712
"exness","EURUSD","2026-09-25 00:39:18.449Z",1.13707,1.13713
"exness","EURUSD","2026-09-25 00:39:18.489Z",1.13705,1.13711
"exness","EURUSD","2026-09-25 00:39:22.785Z",1.13704,1.1371
"exness","EURUSD","2026-09-25 00:39:23.791Z",1.13705,1.13711
"exness","EURUSD","2026-09-25 00:39:26.531Z",1.13704,1.1371
"exness","EURUSD","2026-09-25 00:39:29.131Z",1.13703,1.13709
"exness","EURUSD","2026-09-25 00:39:30.611Z",1.13704,1.1371
"exness","EURUSD","2026-09-25 00:39:31.684Z",1.13703,1.13709
"exness","EURUSD","2026-09-25 00:39:39.832Z",1.13704,1.1371
"exness","EURUSD","2026-09-25 00:39:41.812Z",1.13703,1.13709
"exness","EURUSD","2026-09-25 00:39:48.023Z",1.13705,1.13711
"exness","EURUSD","2026-09-25 00:39:52.094Z",1.13706,1.13712
"exness","EURUSD","2026-09-25 00:39:54.425Z",1.13705,1.13711
"exness","EURUSD","2026-09-25 00:39:55.229Z",1.13703,1.13709
"exness","EURUSD","2026-09-25 00:39:57.189Z",1.13704,1.1371
"exness","EURUSD","2026-09-25 00:40:04.428Z",1.13705,1.13711
"exness","EURUSD","2026-09-25 00:40:05.668Z",1.13706,1.13712
"exness","EURUSD","2026-09-25 00:40:06.996Z",1.13704,1.1371
"exness","EURUSD","2026-09-25 00:40:12.296Z",1.13705,1.13711
"exness","EURUSD","2026-09-25 00:40:12.885Z",1.13707,1.13713
"exness","EURUSD","2026-09-25 00:40:13.021Z",1.13708,1.13714
"exness","EURUSD","2026-09-25 00:40:42.295Z",1.13706,1.13712
"exness","EURUSD","2026-09-25 00:40:44.015Z",1.13708,1.13714
"exness","EURUSD","2026-09-25 00:40:44.062Z",1.1371,1.13716
"exness","EURUSD","2026-09-25 00:40:44.848Z",1.13711,1.13717
"exness","EURUSD","2026-09-25 00:40:44.851Z",1.13713,1.13719
"exness","EURUSD","2026-09-25 00:40:46.087Z",1.13711,1.13717
"exness","EURUSD","2026-09-25 00:40:49.419Z",1.1371,1.13716
"exness","EURUSD","2026-09-25 00:40:51.462Z",1.13709,1.13715
"exness","EURUSD","2026-09-25 00:41:03.502Z",1.13707,1.13713
"exness","EURUSD","2026-09-25 00:41:04.508Z",1.13706,1.13712
"exness","EURUSD","2026-09-25 00:41:09.116Z",1.13707,1.13713
"exness","EURUSD","2026-09-25 00:41:10.159Z",1.13706,1.13712
"exness","EURUSD","2026-09-25 00:41:11.394Z",1.13704,1.1371
"exness","EURUSD","2026-09-25 00:41:13.096Z",1.13706,1.13712
"exness","EURUSD","2026-09-25 00:41:18.240Z",1.13705,1.13711
"exness","EURUSD","2026-09-25 00:41:19.222Z",1.13707,1.13713
"exness","EURUSD","2026-09-25 00:41:19.280Z",1.13709,1.13715
"exness","EURUSD","2026-09-25 00:41:21.232Z",1.13706,1.13712
"exness","EURUSD","2026-09-25 00:41:23.197Z",1.13707,1.13713
"exness","EURUSD","2026-09-25 00:41:25.019Z",1.13705,1.13711
"exness","EURUSD","2026-09-25 00:41:26.227Z",1.13706,1.13712
"exness","EURUSD","2026-09-25 00:41:27.271Z",1.13705,1.13711
"exness","EURUSD","2026-09-25 00:41:35.545Z",1.13707,1.13713
"exness","EURUSD","2026-09-25 00:41:35.599Z",1.13709,1.13715
"exness","EURUSD","2026-09-25 00:41:46.567Z",1.13711,1.13717
"exness","EURUSD","2026-09-25 00:41:46.575Z",1.13713,1.13719
"exness","EURUSD","2026-09-25 00:41:49.258Z",1.13712,1.13718
"exness","EURUSD","2026-09-25 00:41:58.195Z",1.13711,1.13717
"exness","EURUSD","2026-09-25 00:42:02.027Z",1.13709,1.13715
"exness","EURUSD","2026-09-25 00:42:55.141Z",1.13711,1.13717
"exness","EURUSD","2026-09-25 00:42:55.171Z",1.13713,1.13719
"exness","EURUSD","2026-09-25 00:42:55.218Z",1.13714,1.1372
"exness","EURUSD","2026-09-25 00:42:56.259Z",1.13715,1.13721
"exness","EURUSD","2026-09-25 00:42:57.886Z",1.13714,1.1372
"exness","EURUSD","2026-09-25 00:43:11.806Z",1.13712,1.13718
"exness","EURUSD","2026-09-25 00:43:11.814Z",1.1371,1.13716
"exness","EURUSD","2026-09-25 00:43:11.836Z",1.13709,1.13715
"exness","EURUSD","2026-09-25 00:43:13.412Z",1.13708,1.13714
"exness","EURUSD","2026-09-25 00:43:14.907Z",1.13709,1.13715
"exness","EURUSD","2026-09-25 00:43:17.988Z",1.13711,1.13717
"exness","EURUSD","2026-09-25 00:43:19.234Z",1.13712,1.13718
"exness","EURUSD","2026-09-25 00:43:20.340Z",1.13711,1.13717
"exness","EURUSD","2026-09-25 00:43:22.039Z",1.13709,1.13715
"exness","EURUSD","2026-09-25 00:43:22.137Z",1.13707,1.13713
"exness","EURUSD","2026-09-25 00:43:22.201Z",1.13706,1.13712
"exness","EURUSD","2026-09-25 00:43:23.861Z",1.13705,1.13711
"exness","EURUSD","2026-09-25 00:43:25.044Z",1.13706,1.13712
"exness","EURUSD","2026-09-25 00:43:35.662Z",1.13708,1.13714
"exness","EURUSD","2026-09-25 00:43:37.395Z",1.13709,1.13715
"exness","EURUSD","2026-09-25 00:43:40.494Z",1.13708,1.13714
"exness","EURUSD","2026-09-25 00:44:07.812Z",1.13709,1.13715
"exness","EURUSD","2026-09-25 00:44:09.170Z",1.1371,1.13716
"exness","EURUSD","2026-09-25 00:44:11.476Z",1.13709,1.13715
"exness","EURUSD","2026-09-25 00:44:16.141Z",1.13708,1.13714
"exness","EURUSD","2026-09-25 00:44:18.534Z",1.13709,1.13715
"exness","EURUSD","2026-09-25 00:44:25.385Z",1.13708,1.13714
"exness","EURUSD","2026-09-25 00:44:35.949Z",1.13709,1.13715
"exness","EURUSD","2026-09-25 00:44:40.139Z",1.13708,1.13714
"exness","EURUSD","2026-09-25 00:44:43.274Z",1.13709,1.13715
"exness","EURUSD","2026-09-25 00:44:58.793Z",1.13711,1.13717
"exness","EURUSD","2026-09-25 00:44:58.814Z",1.13712,1.13718
"exness","EURUSD","2026-09-25 00:44:58.900Z",1.13714,1.1372
"exness","EURUSD","2026-09-25 00:45:01.578Z",1.13713,1.13719
"exness","EURUSD","2026-09-25 00:45:05.260Z",1.13714,1.1372
"exness","EURUSD","2026-09-25 00:45:06.511Z",1.13713,1.13719
"exness","EURUSD","2026-09-25 00:45:10.318Z",1.13712,1.13718
"exness","EURUSD","2026-09-25 00:45:12.792Z",1.13714,1.1372
"exness","EURUSD","2026-09-25 00:45:14.864Z",1.13713,1.13719
"exness","EURUSD","2026-09-25 00:45:18.491Z",1.13714,1.1372
"exness","EURUSD","2026-09-25 00:45:19.531Z",1.13713,1.13719
"exness","EURUSD","2026-09-25 00:45:25.975Z",1.13714,1.1372
"exness","EURUSD","2026-09-25 00:45:31.903Z",1.13713,1.13719
"exness","EURUSD","2026-09-25 00:45:47.635Z",1.13714,1.1372
"exness","EURUSD","2026-09-25 00:45:55.205Z",1.13712,1.13718
"exness","EURUSD","2026-09-25 00:45:56.230Z",1.13713,1.13719
"exness","EURUSD","2026-09-25 00:46:03.936Z",1.13711,1.13717
"exness","EURUSD","2026-09-25 00:46:04.970Z",1.1371,1.13716
"exness","EURUSD","2026-09-25 00:46:06.202Z",1.13708,1.13714
"exness","EURUSD","2026-09-25 00:46:07.873Z",1.13707,1.13713
"exness","EURUSD","2026-09-25 00:46:09.199Z",1.13708,1.13714
"exness","EURUSD","2026-09-25 00:46:13.593Z",1.13709,1.13715
"exness","EURUSD","2026-09-25 00:46:14.641Z",1.13708,1.13714
"exness","EURUSD","2026-09-25 00:46:25.821Z",1.13709,1.13715
"exness","EURUSD","2026-09-25 00:46:29.929Z",1.13708,1.13714
"exness","EURUSD","2026-09-25 00:46:34.361Z",1.13709,1.13715
"exness","EURUSD","2026-09-25 00:46:42.508Z",1.13708,1.13714
"exness","EURUSD","2026-09-25 00:46:48.070Z",1.13706,1.13712
"exness","EURUSD","2026-09-25 00:46:49.287Z",1.13707,1.13713
"exness","EURUSD","2026-09-25 00:46:50.615Z",1.13708,1.13714
"exness","EURUSD","2026-09-25 00:47:01.965Z",1.1371,1.13716
"exness","EURUSD","2026-09-25 00:47:02.028Z",1.13712,1.13718
"exness","EURUSD","2026-09-25 00:47:03.117Z",1.13709,1.13715
"exness","EURUSD","2026-09-25 00:47:08.281Z",1.13708,1.13714
"exness","EURUSD","2026-09-25 00:47:25.802Z",1.13707,1.13713
"exness","EURUSD","2026-09-25 00:47:26.152Z",1.13706,1.13712
"exness","EURUSD","2026-09-25 00:47:26.613Z",1.13704,1.1371
"exness","EURUSD","2026-09-25 00:47:31.992Z",1.13705,1.13711
"exness","EURUSD","2026-09-25 00:47:33.843Z",1.13704,1.1371
"exness","EURUSD","2026-09-25 00:47:34.870Z",1.13703,1.13709
"exness","EURUSD","2026-09-25 00:47:34.901Z",1.13701,1.13707
"exness","EURUSD","2026-09-25 00:47:34.931Z",1.137,1.13706
"exness","EURUSD","2026-09-25 00:47:34.967Z",1.1369799999999999,1.13704
"exness","EURUSD","2026-09-25 00:47:35.768Z",1.13697,1.13703
"exness","EURUSD","2026-09-25 00:47:36.805Z",1.13699,1.13705
"exness","EURUSD","2026-09-25 00:47:39.633Z",1.137,1.13706
"exness","EURUSD","2026-09-25 00:47:44.168Z",1.13699,1.13705
"exness","EURUSD","2026-09-25 00:47:47.729Z",1.137,1.13706
"exness","EURUSD","2026-09-25 00:47:52.161Z",1.13699,1.13705
"exness","EURUSD","2026-09-25 00:47:56.718Z",1.1369799999999999,1.13704
"exness","EURUSD","2026-09-25 00:48:14.356Z",1.13697,1.13703
"exness","EURUSD","2026-09-25 00:48:15.416Z",1.1369799999999999,1.13704
"exness","EURUSD","2026-09-25 00:48:15.862Z",1.13702,1.13708
"exness","EURUSD","2026-09-25 00:48:15.896Z",1.13703,1.13709
"exness","EURUSD","2026-09-25 00:48:15.975Z",1.13701,1.13707
"exness","EURUSD","2026-09-25 00:48:17.021Z",1.13699,1.13705
"exness","EURUSD","2026-09-25 00:48:18.630Z",1.13701,1.13707
"exness","EURUSD","2026-09-25 00:48:30.937Z",1.137,1.13706
"exness","EURUSD","2026-09-25 00:48:33.180Z",1.13702,1.13708
"exness","EURUSD","2026-09-25 00:48:34.595Z",1.13703,1.13709
"exness","EURUSD","2026-09-25 00:48:34.800Z",1.13705,1.13711
"exness","EURUSD","2026-09-25 00:48:39.760Z",1.13704,1.1371
"exness","EURUSD","2026-09-25 00:48:44.891Z",1.13705,1.13711
"exness","EURUSD","2026-09-25 00:48:45.895Z",1.13704,1.1371
"exness","EURUSD","2026-09-25 00:48:49.027Z",1.13703,1.13709
"exness","EURUSD","2026-09-25 00:48:50.107Z",1.13702,1.13708
"exness","EURUSD","2026-09-25 00:48:59.433Z",1.13701,1.13707
"exness","EURUSD","2026-09-25 00:49:00.448Z",1.13702,1.13708
"exness","EURUSD","2026-09-25 00:49:13.241Z",1.13704,1.1371
"exness","EURUSD","2026-09-25 00:49:14.326Z",1.13703,1.13709
"exness","EURUSD","2026-09-25 00:49:22.391Z",1.13704,1.1371
"exness","EURUSD","2026-09-25 00:49:23.598Z",1.13705,1.13711
"exness","EURUSD","2026-09-25 00:49:28.945Z",1.13704,1.1371
"exness","EURUSD","2026-09-25 00:49:30.123Z",1.13705,1.13711
"exness","EURUSD","2026-09-25 00:49:36.024Z",1.13704,1.1371
"exness","EURUSD","2026-09-25 00:49:38.752Z",1.13707,1.13713
"exness","EURUSD","2026-09-25 00:49:38.766Z",1.13708,1.13714
"exness","EURUSD","2026-09-25 00:49:40.152Z",1.13707,1.13713
"exness","EURUSD","2026-09-25 00:49:46.867Z",1.13706,1.13712
"exness","EURUSD","2026-09-25 00:49:49.661Z",1.13707,1.13713
"exness","EURUSD","2026-09-25 00:49:56.241Z",1.13706,1.13712
"exness","EURUSD","2026-09-25 00:49:57.297Z",1.13707,1.13713
"exness","EURUSD","2026-09-25 00:49:58.395Z",1.13706,1.13712
"exness","EURUSD","2026-09-25 00:49:59.795Z",1.13705,1.13711
"exness","EURUSD","2026-09-25 00:50:00.945Z",1.13706,1.13712
"exness","EURUSD","2026-09-25 00:50:05.125Z",1.13705,1.13711
"exness","EURUSD","2026-09-25 00:50:08.400Z",1.13704,1.1371
"exness","EURUSD","2026-09-25 00:50:13.692Z",1.13706,1.13712
"exness","EURUSD","2026-09-25 00:50:21.853Z",1.13708,1.13714
"exness","EURUSD","2026-09-25 00:50:21.866Z",1.13709,1.13715
"exness","EURUSD","2026-09-25 00:50:22.589Z",1.13711,1.13717
"exness","EURUSD","2026-09-25 00:50:23.073Z",1.13712,1.13718
"exness","EURUSD","2026-09-25 00:50:23.796Z",1.13713,1.13719
"exness","EURUSD","2026-09-25 00:50:25.127Z",1.13714,1.1372
"exness","EURUSD","2026-09-25 00:50:34.323Z",1.13715,1.13721
"exness","EURUSD","2026-09-25 00:50:35.600Z",1.13714,1.1372
"exness","EURUSD","2026-09-25 00:50:39.608Z",1.13715,1.13721
"exness","EURUSD","2026-09-25 00:50:50.317Z",1.13714,1.1372
"exness","EURUSD","2026-09-25 00:50:56.578Z",1.13715,1.13721
"exness","EURUSD","2026-09-25 00:50:57.855Z",1.13714,1.1372
"exness","EURUSD","2026-09-25 00:51:05.134Z",1.13715,1.13721
"exness","EURUSD","2026-09-25 00:51:11.396Z",1.13716,1.1372200000000001
"exness","EURUSD","2026-09-25 00:51:15.512Z",1.13718,1.13724
"exness","EURUSD","2026-09-25 00:51:15.622Z",1.1372,1.13726
"exness","EURUSD","2026-09-25 00:51:18.487Z",1.13719,1.13725
"exness","EURUSD","2026-09-25 00:51:25.042Z",1.1372,1.13726
"exness","EURUSD","2026-09-25 00:51:26.264Z",1.13719,1.13725
"exness","EURUSD","2026-09-25 00:51:30.488Z",1.13721,1.13727
"exness","EURUSD","2026-09-25 00:51:30.507Z",1.13723,1.13729
"exness","EURUSD","2026-09-25 00:51:30.546Z",1.13724,1.1373
"exness","EURUSD","2026-09-25 00:51:33.329Z",1.1372200000000001,1.13728
"exness","EURUSD","2026-09-25 00:51:33.874Z",1.1372,1.13726
"exness","EURUSD","2026-09-25 00:51:42.859Z",1.13719,1.13725
"exness","EURUSD","2026-09-25 00:51:45.738Z",1.13718,1.13724
"exness","EURUSD","2026-09-25 00:51:49.622Z",1.13717,1.13723
"exness","EURUSD","2026-09-25 00:51:52.062Z",1.13715,1.13721
"exness","EURUSD","2026-09-25 00:51:53.118Z",1.13716,1.1372200000000001
"exness","EURUSD","2026-09-25 00:51:55.437Z",1.13714,1.1372
"exness","EURUSD","2026-09-25 00:51:58.993Z",1.13715,1.13721
"exness","EURUSD","2026-09-25 00:52:07.465Z",1.13717,1.13723
"exness","EURUSD","2026-09-25 00:52:07.477Z",1.13719,1.13725
"exness","EURUSD","2026-09-25 00:52:08.862Z",1.13717,1.13723
"exness","EURUSD","2026-09-25 00:52:10.194Z",1.13716,1.1372200000000001
"exness","EURUSD","2026-09-25 00:52:11.339Z",1.13715,1.13721
"exness","EURUSD","2026-09-25 00:52:12.911Z",1.13714,1.1372
"exness","EURUSD","2026-09-25 00:52:13.196Z",1.13717,1.13723
"exness","EURUSD","2026-09-25 00:52:16.548Z",1.13716,1.1372200000000001
"exness","EURUSD","2026-09-25 00:52:22.356Z",1.13718,1.13724
"exness","EURUSD","2026-09-25 00:52:24.805Z",1.13717,1.13723
"exness","EURUSD","2026-09-25 00:52:29.701Z",1.13718,1.13724
"exness","EURUSD","2026-09-25 00:52:30.766Z",1.13719,1.13725
"exness","EURUSD","2026-09-25 00:52:33.569Z",1.1372,1.13726
"exness","EURUSD","2026-09-25 00:52:40.554Z",1.1372200000000001,1.13728
"exness","EURUSD","2026-09-25 00:52:41.874Z",1.13721,1.13727
"exness","EURUSD","2026-09-25 00:52:46.184Z",1.13719,1.13725
"exness","EURUSD","2026-09-25 00:52:47.244Z",1.1372,1.13726
"exness","EURUSD","2026-09-25 00:52:57.714Z",1.13721,1.13727
"exness","EURUSD","2026-09-25 00:52:58.747Z",1.13723,1.13729
"exness","EURUSD","2026-09-25 00:53:01.020Z",1.13724,1.1373
"exness","EURUSD","2026-09-25 00:53:02.943Z",1.1372200000000001,1.13728
"exness","EURUSD","2026-09-25 00:53:04.842Z",1.13724,1.1373
"exness","EURUSD","2026-09-25 00:53:13.474Z",1.13723,1.13729
"exness","EURUSD","2026-09-25 00:53:21.245Z",1.13721,1.13727
"exness","EURUSD","2026-09-25 00:53:21.429Z",1.13719,1.13725
"exness","EURUSD","2026-09-25 00:53:22.613Z",1.13718,1.13724
"exness","EURUSD","2026-09-25 00:53:25.095Z",1.13719,1.13725
"exness","EURUSD","2026-09-25 00:53:27.144Z",1.13718,1.13724
"exness","EURUSD","2026-09-25 00:53:31.098Z",1.13717,1.13723
"exness","EURUSD","2026-09-25 00:53:36.125Z",1.13719,1.13725
"exness","EURUSD","2026-09-25 00:53:38.228Z",1.1372,1.13726
"exness","EURUSD","2026-09-25 00:53:39.074Z",1.13721,1.13727
"exness","EURUSD","2026-09-25 00:53:40.313Z",1.13723,1.13729
"exness","EURUSD","2026-09-25 00:53:41.400Z",1.1372200000000001,1.13728
"exness","EURUSD","2026-09-25 00:53:45.877Z",1.13721,1.13727
"exness","EURUSD","2026-09-25 00:53:46.000Z",1.13719,1.13725
"exness","EURUSD","2026-09-25 00:53:46.568Z",1.1372200000000001,1.13728
"exness","EURUSD","2026-09-25 00:53:47.497Z",1.13724,1.1373
"exness","EURUSD","2026-09-25 00:53:50.500Z",1.1372200000000001,1.13728
"exness","EURUSD","2026-09-25 00:53:52.753Z",1.13721,1.13727
"exness","EURUSD","2026-09-25 00:53:54.317Z",1.1372200000000001,1.13728
"exness","EURUSD","2026-09-25 00:53:58.645Z",1.13723,1.13729
"exness","EURUSD","2026-09-25 00:54:00.459Z",1.13721,1.13727
"exness","EURUSD","2026-09-25 00:54:01.934Z",1.13719,1.13725
"exness","EURUSD","2026-09-25 00:54:06.694Z",1.13718,1.13724
"exness","EURUSD","2026-09-25 00:54:06.920Z",1.1372,1.13726
"exness","EURUSD","2026-09-25 00:54:07.091Z",1.1372200000000001,1.13728
"exness","EURUSD","2026-09-25 00:54:08.741Z",1.1372,1.13726
"exness","EURUSD","2026-09-25 00:54:09.750Z",1.13719,1.13725
"exness","EURUSD","2026-09-25 00:54:12.215Z",1.1372,1.13726
"exness","EURUSD","2026-09-25 00:54:17.789Z",1.1372200000000001,1.13728
"exness","EURUSD","2026-09-25 00:54:19.300Z",1.13721,1.13727
"exness","EURUSD","2026-09-25 00:54:21.742Z",1.13719,1.13725
"exness","EURUSD","2026-09-25 00:54:26.748Z",1.13718,1.13724
"exness","EURUSD","2026-09-25 00:54:32.103Z",1.13719,1.13725
"exness","EURUSD","2026-09-25 00:54:32.402Z",1.13721,1.13727
"exness","EURUSD","2026-09-25 00:54:48.586Z",1.13719,1.13725
"exness","EURUSD","2026-09-25 00:54:50.197Z",1.1372200000000001,1.13728
"exness","EURUSD","2026-09-25 00:54:50.599Z",1.13723,1.13729
"exness","EURUSD","2026-09-25 00:54:51.610Z",1.13724,1.1373
"exness","EURUSD","2026-09-25 00:54:58.557Z",1.1372200000000001,1.13728
"exness","EURUSD","2026-09-25 00:54:59.765Z",1.13724,1.1373
"exness","EURUSD","2026-09-25 00:55:00.114Z",1.1372200000000001,1.13728
"exness","EURUSD","2026-09-25 00:55:01.133Z",1.13724,1.1373
"exness","EURUSD","2026-09-25 00:55:01.747Z",1.1372200000000001,1.13728
"exness","EURUSD","2026-09-25 00:55:01.772Z",1.1372,1.13726
"exness","EURUSD","2026-09-25 00:55:02.393Z",1.13719,1.13725
"exness","EURUSD","2026-09-25 00:55:03.389Z",1.13717,1.13723
"exness","EURUSD","2026-09-25 00:55:04.491Z",1.13718,1.13724
"exness","EURUSD","2026-09-25 00:55:05.312Z",1.1372,1.13726
"exness","EURUSD","2026-09-25 00:55:05.376Z",1.1372200000000001,1.13728
"exness","EURUSD","2026-09-25 00:55:06.145Z",1.13724,1.1373
"exness","EURUSD","2026-09-25 00:55:08.355Z",1.13725,1.13731
"exness","EURUSD","2026-09-25 00:55:09.697Z",1.13724,1.1373
"exness","EURUSD","2026-09-25 00:55:15.252Z",1.13725,1.13731
"exness","EURUSD","2026-09-25 00:55:16.291Z",1.13727,1.13733
"exness","EURUSD","2026-09-25 00:55:17.446Z",1.13728,1.13734
"exness","EURUSD","2026-09-25 00:55:18.463Z",1.13726,1.1373199999999999
"exness","EURUSD","2026-09-25 00:55:19.742Z",1.13727,1.13733
"exness","EURUSD","2026-09-25 00:55:29.270Z",1.13725,1.13731
"exness","EURUSD","2026-09-25 00:55:29.294Z",1.13723,1.13729
"exness","EURUSD","2026-09-25 00:55:30.330Z",1.13724,1.1373
"exness","EURUSD","2026-09-25 00:55:31.380Z",1.13725,1.13731
"exness","EURUSD","2026-09-25 00:55:38.668Z",1.13724,1.1373
"exness","EURUSD","2026-09-25 00:55:43.594Z",1.13725,1.13731
"exness","EURUSD","2026-09-25 00:55:43.615Z",1.13727,1.13733
"exness","EURUSD","2026-09-25 00:55:44.699Z",1.13728,1.13734
"exness","EURUSD","2026-09-25 00:55:44.850Z",1.13729,1.13735
"exness","EURUSD","2026-09-25 00:55:44.862Z",1.13731,1.13737
"exness","EURUSD","2026-09-25 00:55:44.864Z",1.1373199999999999,1.13738
"exness","EURUSD","2026-09-25 00:55:44.874Z",1.13734,1.1374
"exness","EURUSD","2026-09-25 00:55:46.089Z",1.13736,1.13742
"exness","EURUSD","2026-09-25 00:55:47.664Z",1.13734,1.1374
"exness","EURUSD","2026-09-25 00:55:49.011Z",1.13735,1.13741
"exness","EURUSD","2026-09-25 00:55:57.128Z",1.13734,1.1374
"exness","EURUSD","2026-09-25 00:55:58.165Z",1.13733,1.13739
"exness","EURUSD","2026-09-25 00:55:59.503Z",1.13735,1.13741
"exness","EURUSD","2026-09-25 00:56:01.703Z",1.13734,1.1374
"exness","EURUSD","2026-09-25 00:56:03.047Z",1.1373199999999999,1.13738
"exness","EURUSD","2026-09-25 00:56:04.580Z",1.13733,1.13739
"exness","EURUSD","2026-09-25 00:56:10.098Z",1.13734,1.1374
"exness","EURUSD","2026-09-25 00:56:12.348Z",1.13735,1.13741
"exness","EURUSD","2026-09-25 00:56:13.420Z",1.13734,1.1374
"exness","EURUSD","2026-09-25 00:56:15.111Z",1.13736,1.13742
"exness","EURUSD","2026-09-25 00:56:17.350Z",1.13738,1.13744
"exness","EURUSD","2026-09-25 00:56:18.190Z",1.13739,1.13745
"exness","EURUSD","2026-09-25 00:56:20.304Z",1.1374,1.13746
"exness","EURUSD","2026-09-25 00:56:20.728Z",1.13737,1.13743
"exness","EURUSD","2026-09-25 00:56:20.751Z",1.13735,1.13741
"exness","EURUSD","2026-09-25 00:56:21.900Z",1.13734,1.1374
"exness","EURUSD","2026-09-25 00:56:29.658Z",1.13735,1.13741
"exness","EURUSD","2026-09-25 00:56:33.576Z",1.13734,1.1374
"exness","EURUSD","2026-09-25 00:56:35.861Z",1.13735,1.13741
"exness","EURUSD","2026-09-25 00:56:45.384Z",1.13736,1.13742
"exness","EURUSD","2026-09-25 00:56:49.330Z",1.13738,1.13744
"exness","EURUSD","2026-09-25 00:56:51.358Z",1.1374,1.13746
"exness","EURUSD","2026-09-25 00:56:52.449Z",1.13739,1.13745
"exness","EURUSD","2026-09-25 00:56:53.463Z",1.13737,1.13743
"exness","EURUSD","2026-09-25 00:56:57.464Z",1.13738,1.13744
"exness","EURUSD","2026-09-25 00:56:57.694Z",1.1374,1.13746
"exness","EURUSD","2026-09-25 00:57:01.052Z",1.13739,1.13745
"exness","EURUSD","2026-09-25 00:57:01.625Z",1.13741,1.13747
"exness","EURUSD","2026-09-25 00:57:02.647Z",1.13739,1.13745
"exness","EURUSD","2026-09-25 00:57:06.712Z",1.1374,1.13746
"exness","EURUSD","2026-09-25 00:57:08.019Z",1.13739,1.13745
"exness","EURUSD","2026-09-25 00:57:09.765Z",1.1374,1.13746
"exness","EURUSD","2026-09-25 00:57:15.614Z",1.13739,1.13745
"exness","EURUSD","2026-09-25 00:57:16.959Z",1.1374,1.13746
"exness","EURUSD","2026-09-25 00:57:18.216Z",1.13742,1.13748
"exness","EURUSD","2026-09-25 00:57:18.465Z",1.13743,1.1374900000000001
"exness","EURUSD","2026-09-25 00:57:22.144Z",1.13742,1.13748
"exness","EURUSD","2026-09-25 00:57:24.147Z",1.13743,1.1374900000000001
"exness","EURUSD","2026-09-25 00:57:26.350Z",1.13744,1.1375
"exness","EURUSD","2026-09-25 00:57:30.166Z",1.13742,1.13748
"exness","EURUSD","2026-09-25 00:57:30.593Z",1.1374,1.13746
"exness","EURUSD","2026-09-25 00:57:30.612Z",1.13738,1.13744
"exness","EURUSD","2026-09-25 00:57:30.704Z",1.13737,1.13743
"exness","EURUSD","2026-09-25 00:57:30.783Z",1.13735,1.13741
"exness","EURUSD","2026-09-25 00:57:30.803Z",1.13734,1.1374
"exness","EURUSD","2026-09-25 00:57:30.965Z",1.13733,1.13739
"exness","EURUSD","2026-09-25 00:57:31.448Z",1.1373199999999999,1.13738
"exness","EURUSD","2026-09-25 00:57:33.279Z",1.13735,1.13741
"exness","EURUSD","2026-09-25 00:57:33.293Z",1.13736,1.13742
"exness","EURUSD","2026-09-25 00:57:33.481Z",1.13738,1.13744
"exness","EURUSD","2026-09-25 00:57:34.664Z",1.13737,1.13743
"exness","EURUSD","2026-09-25 00:57:40.599Z",1.1374,1.13746
"exness","EURUSD","2026-09-25 00:57:41.278Z",1.13741,1.13747
"exness","EURUSD","2026-09-25 00:57:42.608Z",1.1374,1.13746
"exness","EURUSD","2026-09-25 00:57:48.892Z",1.13741,1.13747
"exness","EURUSD","2026-09-25 00:57:49.845Z",1.13742,1.13748
"exness","EURUSD","2026-09-25 00:57:50.961Z",1.13743,1.1374900000000001
"exness","EURUSD","2026-09-25 00:57:52.047Z",1.13742,1.13748
"exness","EURUSD","2026-09-25 00:57:53.272Z",1.13744,1.1375
"exness","EURUSD","2026-09-25 00:57:55.020Z",1.13745,1.13751
"exness","EURUSD","2026-09-25 00:57:55.140Z",1.13742,1.13748
"exness","EURUSD","2026-09-25 00:57:56.451Z",1.13743,1.1374900000000001
"exness","EURUSD","2026-09-25 00:57:57.457Z",1.13745,1.13751
"exness","EURUSD","2026-09-25 00:58:02.128Z",1.13746,1.13752
"exness","EURUSD","2026-09-25 00:58:03.357Z",1.13745,1.13751
"exness","EURUSD","2026-09-25 00:58:05.250Z",1.13743,1.1374900000000001
"exness","EURUSD","2026-09-25 00:58:10.220Z",1.13744,1.1375
"exness","EURUSD","2026-09-25 00:58:17.614Z",1.13745,1.13751
"exness","EURUSD","2026-09-25 00:58:18.623Z",1.13744,1.1375
"exness","EURUSD","2026-09-25 00:58:20.386Z",1.13742,1.13748
"exness","EURUSD","2026-09-25 00:58:20.416Z",1.1374,1.13746
"exness","EURUSD","2026-09-25 00:58:21.501Z",1.13739,1.13745
"exness","EURUSD","2026-09-25 00:58:23.821Z",1.1374,1.13746
"exness","EURUSD","2026-09-25 00:58:31.713Z",1.13741,1.13747
"exness","EURUSD","2026-09-25 00:58:33.719Z",1.13743,1.1374900000000001
"exness","EURUSD","2026-09-25 00:58:35.079Z",1.13744,1.1375
"exness","EURUSD","2026-09-25 00:58:37.047Z",1.13745,1.13751
"exness","EURUSD","2026-09-25 00:58:41.046Z",1.13744,1.1375
"exness","EURUSD","2026-09-25 00:58:43.046Z",1.13745,1.13751
"exness","EURUSD","2026-09-25 00:58:44.182Z",1.13746,1.13752
"exness","EURUSD","2026-09-25 00:58:45.193Z",1.13747,1.13753
"exness","EURUSD","2026-09-25 00:58:46.072Z",1.13748,1.13754
"exness","EURUSD","2026-09-25 00:58:46.238Z",1.1375,1.13756
"exness","EURUSD","2026-09-25 00:58:47.558Z",1.13748,1.13754
"exness","EURUSD","2026-09-25 00:58:48.623Z",1.13747,1.13753
"exness","EURUSD","2026-09-25 00:58:52.861Z",1.1374900000000001,1.13755
"exness","EURUSD","2026-09-25 00:58:53.740Z",1.13751,1.13757
"exness","EURUSD","2026-09-25 00:58:57.136Z",1.13753,1.1375899999999999
"exness","EURUSD","2026-09-25 00:58:57.362Z",1.13751,1.13757
"exness","EURUSD","2026-09-25 00:59:00.057Z",1.13752,1.13758
"exness","EURUSD","2026-09-25 00:59:01.460Z",1.13751,1.13757
"exness","EURUSD","2026-09-25 00:59:06.259Z",1.13753,1.1375899999999999
"exness","EURUSD","2026-09-25 00:59:07.282Z",1.13752,1.13758
"exness","EURUSD","2026-09-25 00:59:13.659Z",1.13753,1.1375899999999999
"exness","EURUSD","2026-09-25 00:59:20.244Z",1.13754,1.1376
"exness","EURUSD","2026-09-25 00:59:21.311Z",1.13756,1.13762
"exness","EURUSD","2026-09-25 00:59:28.270Z",1.13754,1.1376
"exness","EURUSD","2026-09-25 00:59:34.977Z",1.13755,1.13761
"exness","EURUSD","2026-09-25 00:59:37.139Z",1.13753,1.1375899999999999
"exness","EURUSD","2026-09-25 00:59:37.394Z",1.13751,1.13757
"exness","EURUSD","2026-09-25 00:59:37.588Z",1.1375,1.13756
"exness","EURUSD","2026-09-25 00:59:38.659Z",1.1374900000000001,1.13755
"exness","EURUSD","2026-09-25 00:59:43.449Z",1.13748,1.13754
"exness","EURUSD","2026-09-25 00:59:44.628Z",1.1374900000000001,1.13755
"exness","EURUSD","2026-09-25 00:59:47.777Z",1.13748,1.13754
"exness","EURUSD","2026-09-25 00:59:54.142Z",1.13746,1.13752
"exness","EURUSD","2026-09-25 00:59:55.227Z",1.13747,1.13753
"exness","EURUSD","2026-09-25 00:59:57.304Z",1.13748,1.13754
"exness","EURUSD","2026-09-25 01:00:00.022Z",1.1374900000000001,1.13755
"exness","EURUSD","2026-09-25 01:00:02.047Z",1.1375,1.13756
"exness","EURUSD","2026-09-25 01:00:03.059Z",1.1374900000000001,1.13755
"exness","EURUSD","2026-09-25 01:00:03.559Z",1.13747,1.13753
"exness","EURUSD","2026-09-25 01:00:04.675Z",1.1374900000000001,1.13755
"exness","EURUSD","2026-09-25 01:00:05.570Z",1.13747,1.13753
"exness","EURUSD","2026-09-25 01:00:05.646Z",1.13745,1.13751
"exness","EURUSD","2026-09-25 01:00:08.360Z",1.13747,1.13753
"exness","EURUSD","2026-09-25 01:00:08.568Z",1.1374900000000001,1.13755
"exness","EURUSD","2026-09-25 01:00:10.765Z",1.13747,1.13753
"exness","EURUSD","2026-09-25 01:00:10.809Z",1.13745,1.13751
"exness","EURUSD","2026-09-25 01:00:11.906Z",1.13744,1.1375
"exness","EURUSD","2026-09-25 01:00:13.061Z",1.13742,1.13748
"exness","EURUSD","2026-09-25 01:00:16.047Z",1.13743,1.1374900000000001
"exness","EURUSD","2026-09-25 01:00:17.231Z",1.13744,1.1375
"exness","EURUSD","2026-09-25 01:00:17.772Z",1.13746,1.13752
"exness","EURUSD","2026-09-25 01:00:17.789Z",1.13747,1.13753
"exness","EURUSD","2026-09-25 01:00:18.805Z",1.13748,1.13754
"exness","EURUSD","2026-09-25 01:00:19.867Z",1.13747,1.13753
"exness","EURUSD","2026-09-25 01:00:21.819Z",1.13746,1.13752
"exness","EURUSD","2026-09-25 01:00:23.292Z",1.13747,1.13753
"exness","EURUSD","2026-09-25 01:00:24.294Z",1.13746,1.13752
"exness","EURUSD","2026-09-25 01:00:24.340Z",1.13744,1.1375
"exness","EURUSD","2026-09-25 01:00:30.347Z",1.13746,1.13752
"exness","EURUSD","2026-09-25 01:00:30.369Z",1.13748,1.13754
"exness","EURUSD","2026-09-25 01:00:31.067Z",1.1374900000000001,1.13755
"exness","EURUSD","2026-09-25 01:00:32.290Z",1.1375,1.13756
"exness","EURUSD","2026-09-25 01:00:33.389Z",1.1374900000000001,1.13755
"exness","EURUSD","2026-09-25 01:00:37.540Z",1.1375,1.13756
"exness","EURUSD","2026-09-25 01:00:39.056Z",1.1374900000000001,1.13755
"exness","EURUSD","2026-09-25 01:00:42.386Z",1.13751,1.13757
"exness","EURUSD","2026-09-25 01:00:42.615Z",1.13753,1.1375899999999999
"exness","EURUSD","2026-09-25 01:00:43.548Z",1.13755,1.13761
"exness","EURUSD","2026-09-25 01:00:51.421Z",1.13754,1.1376
"exness","EURUSD","2026-09-25 01:00:53.048Z",1.13753,1.1375899999999999
"exness","EURUSD","2026-09-25 01:00:54.132Z",1.13754,1.1376
"exness","EURUSD","2026-09-25 01:00:56.041Z",1.13753,1.1375899999999999
"exness","EURUSD","2026-09-25 01:00:57.932Z",1.13754,1.1376
"exness","EURUSD","2026-09-25 01:01:00.053Z",1.13753,1.1375899999999999
"exness","EURUSD","2026-09-25 01:01:07.054Z",1.13751,1.13757
"exness","EURUSD","2026-09-25 01:01:07.716Z",1.1374900000000001,1.13755
"exness","EURUSD","2026-09-25 01:01:08.085Z",1.13748,1.13754
"exness","EURUSD","2026-09-25 01:01:10.359Z",1.1374900000000001,1.13755
"exness","EURUSD","2026-09-25 01:01:13.246Z",1.13748,1.13754
"exness","EURUSD","2026-09-25 01:01:19.630Z",1.1374900000000001,1.13755
"exness","EURUSD","2026-09-25 01:01:20.633Z",1.13748,1.13754
"exness","EURUSD","2026-09-25 01:01:37.240Z",1.1374900000000001,1.13755
"exness","EURUSD","2026-09-25 01:01:40.066Z",1.13748,1.13754
"exness","EURUSD","2026-09-25 01:01:41.595Z",1.13747,1.13753
"exness","EURUSD","2026-09-25 01:01:43.037Z",1.13748,1.13754
"exness","EURUSD","2026-09-25 01:01:47.184Z",1.1375,1.13756
"exness","EURUSD","2026-09-25 01:01:48.523Z",1.13748,1.13754
"exness","EURUSD","2026-09-25 01:01:54.756Z",1.1374900000000001,1.13755
"exness","EURUSD","2026-09-25 01:01:57.148Z",1.13751,1.13757
"exness","EURUSD","2026-09-25 01:01:57.344Z",1.13752,1.13758
"exness","EURUSD","2026-09-25 01:02:06.071Z",1.13753,1.1375899999999999
"exness","EURUSD","2026-09-25 01:02:10.309Z",1.13754,1.1376
"exness","EURUSD","2026-09-25 01:02:12.505Z",1.13755,1.13761
"exness","EURUSD","2026-09-25 01:02:13.646Z",1.13754,1.1376
"exness","EURUSD","2026-09-25 01:02:17.198Z",1.13752,1.13758
"exness","EURUSD","2026-09-25 01:02:17.410Z",1.13751,1.13757
"exness","EURUSD","2026-09-25 01:02:17.434Z",1.1374900000000001,1.13755
"exness","EURUSD","2026-09-25 01:02:25.907Z",1.1375,1.13756
"exness","EURUSD","2026-09-25 01:02:26.907Z",1.1374900000000001,1.13755
"exness","EURUSD","2026-09-25 01:02:38.649Z",1.13751,1.13757
"exness","EURUSD","2026-09-25 01:02:38.691Z",1.13753,1.1375899999999999
"exness","EURUSD","2026-09-25 01:02:39.046Z",1.13754,1.1376
"exness","EURUSD","2026-09-25 01:02:41.512Z",1.13752,1.13758
"exness","EURUSD","2026-09-25 01:02:41.541Z",1.1375,1.13756
"exness","EURUSD","2026-09-25 01:02:42.848Z",1.1374900000000001,1.13755
"exness","EURUSD","2026-09-25 01:02:48.173Z",1.13748,1.13754
"exness","EURUSD","2026-09-25 01:02:49.318Z",1.13747,1.13753
"exness","EURUSD","2026-09-25 01:02:50.321Z",1.13748,1.13754
"exness","EURUSD","2026-09-25 01:02:55.220Z",1.1374900000000001,1.13755
"exness","EURUSD","2026-09-25 01:03:00.081Z",1.13748,1.13754
"exness","EURUSD","2026-09-25 01:03:01.694Z",1.1375,1.13756
"exness","EURUSD","2026-09-25 01:03:05.031Z",1.13751,1.13757
"exness","EURUSD","2026-09-25 01:03:05.039Z",1.13753,1.1375899999999999
"exness","EURUSD","2026-09-25 01:03:05.069Z",1.13754,1.1376
"exness","EURUSD","2026-09-25 01:03:05.123Z",1.13755,1.13761
"exness","EURUSD","2026-09-25 01:03:06.220Z",1.13756,1.13762
"exness","EURUSD","2026-09-25 01:03:07.348Z",1.13755,1.13761
"exness","EURUSD","2026-09-25 01:03:22.255Z",1.13753,1.1375899999999999
"exness","EURUSD","2026-09-25 01:03:23.389Z",1.13754,1.1376
"exness","EURUSD","2026-09-25 01:03:37.227Z",1.13753,1.1375899999999999
"exness","EURUSD","2026-09-25 01:03:38.497Z",1.13754,1.1376
"exness","EURUSD","2026-09-25 01:03:40.449Z",1.13755,1.13761
"exness","EURUSD","2026-09-25 01:03:42.054Z",1.13756,1.13762
"exness","EURUSD","2026-09-25 01:03:48.612Z",1.13755,1.13761
"exness","EURUSD","2026-09-25 01:03:49.747Z",1.13756,1.13762
"exness","EURUSD","2026-09-25 01:03:49.753Z",1.13757,1.13763
"exness","EURUSD","2026-09-25 01:03:49.930Z",1.1375899999999999,1.13765
"exness","EURUSD","2026-09-25 01:03:51.214Z",1.13756,1.13762
"exness","EURUSD","2026-09-25 01:03:52.953Z",1.13757,1.13763
"exness","EURUSD","2026-09-25 01:03:53.476Z",1.13758,1.13764
"exness","EURUSD","2026-09-25 01:03:54.585Z",1.1375899999999999,1.13765
"exness","EURUSD","2026-09-25 01:03:54.784Z",1.13761,1.13767
"exness","EURUSD","2026-09-25 01:03:55.574Z",1.13762,1.13768
"exness","EURUSD","2026-09-25 01:03:56.638Z",1.13761,1.13767
"exness","EURUSD","2026-09-25 01:03:57.662Z",1.13762,1.13768
"exness","EURUSD","2026-09-25 01:04:01.570Z",1.13764,1.1377
"exness","EURUSD","2026-09-25 01:04:04.096Z",1.13765,1.13771
"exness","EURUSD","2026-09-25 01:04:06.249Z",1.13763,1.13769
"exness","EURUSD","2026-09-25 01:04:08.557Z",1.13764,1.1377
"exness","EURUSD","2026-09-25 01:04:11.161Z",1.13762,1.13768
"exness","EURUSD","2026-09-25 01:04:13.582Z",1.13763,1.13769
"exness","EURUSD","2026-09-25 01:04:20.685Z",1.13764,1.1377
"exness","EURUSD","2026-09-25 01:04:23.707Z",1.13766,1.13772
"exness","EURUSD","2026-09-25 01:04:25.467Z",1.13767,1.13773
"exness","EURUSD","2026-09-25 01:04:28.009Z",1.13769,1.13775
"exness","EURUSD","2026-09-25 01:04:30.061Z",1.13771,1.13777
"exness","EURUSD","2026-09-25 01:04:31.572Z",1.1377,1.13776
"exness","EURUSD","2026-09-25 01:04:33.890Z",1.13771,1.13777
"exness","EURUSD","2026-09-25 01:04:34.371Z",1.13773,1.13779
"exness","EURUSD","2026-09-25 01:04:34.401Z",1.13774,1.1378
"exness","EURUSD","2026-09-25 01:04:35.401Z",1.13775,1.13781
"exness","EURUSD","2026-09-25 01:04:35.750Z",1.13776,1.13782
"exness","EURUSD","2026-09-25 01:04:36.813Z",1.13777,1.1378300000000001
"exness","EURUSD","2026-09-25 01:04:36.836Z",1.13778,1.13784
"exness","EURUSD","2026-09-25 01:04:38.365Z",1.13779,1.13785
"exness","EURUSD","2026-09-25 01:04:39.812Z",1.13778,1.13784
"exness","EURUSD","2026-09-25 01:04:40.092Z",1.1378,1.13786
"exness","EURUSD","2026-09-25 01:04:40.128Z",1.13781,1.13787
"exness","EURUSD","2026-09-25 01:04:41.311Z",1.1378,1.13786
"exness","EURUSD","2026-09-25 01:04:41.556Z",1.13781,1.13787
"exness","EURUSD","2026-09-25 01:04:45.246Z",1.1378,1.13786
"exness","EURUSD","2026-09-25 01:04:46.341Z",1.13779,1.13785
"exness","EURUSD","2026-09-25 01:04:46.896Z",1.13781,1.13787
"exness","EURUSD","2026-09-25 01:04:48.293Z",1.1378,1.13786
"exness","EURUSD","2026-09-25 01:04:49.482Z",1.13779,1.13785
"exness","EURUSD","2026-09-25 01:04:52.074Z",1.13781,1.13787
"exness","EURUSD","2026-09-25 01:04:53.743Z",1.13779,1.13785
"exness","EURUSD","2026-09-25 01:04:55.889Z",1.13777,1.1378300000000001
"exness","EURUSD","2026-09-25 01:04:56.283Z",1.13776,1.13782
"exness","EURUSD","2026-09-25 01:04:57.254Z",1.13774,1.1378
"exness","EURUSD","2026-09-25 01:04:57.307Z",1.13773,1.13779
"exness","EURUSD","2026-09-25 01:04:59.829Z",1.13775,1.13781
"exness","EURUSD","2026-09-25 01:05:00.114Z",1.13773,1.13779
"exness","EURUSD","2026-09-25 01:05:00.302Z",1.13775,1.13781
"exness","EURUSD","2026-09-25 01:05:01.910Z",1.13776,1.13782
"exness","EURUSD","2026-09-25 01:05:05.818Z",1.13775,1.13781
"exness","EURUSD","2026-09-25 01:05:06.421Z",1.13773,1.13779
"exness","EURUSD","2026-09-25 01:05:07.046Z",1.13771,1.13777
"exness","EURUSD","2026-09-25 01:05:08.367Z",1.13773,1.13779
"exness","EURUSD","2026-09-25 01:05:09.396Z",1.13772,1.13778
"exness","EURUSD","2026-09-25 01:05:10.517Z",1.13771,1.13777
"exness","EURUSD","2026-09-25 01:05:10.680Z",1.13774,1.1378
"exness","EURUSD","2026-09-25 01:05:10.708Z",1.13775,1.13781
"exness","EURUSD","2026-09-25 01:05:11.902Z",1.13776,1.13782
"exness","EURUSD","2026-09-25 01:05:13.138Z",1.13773,1.13779
"exness","EURUSD","2026-09-25 01:05:16.957Z",1.13774,1.1378
"exness","EURUSD","2026-09-25 01:05:17.960Z",1.13773,1.13779
"exness","EURUSD","2026-09-25 01:05:22.066Z",1.13774,1.1378
"exness","EURUSD","2026-09-25 01:05:23.203Z",1.13773,1.13779
"exness","EURUSD","2026-09-25 01:05:24.722Z",1.13775,1.13781
"exness","EURUSD","2026-09-25 01:05:24.745Z",1.13777,1.1378300000000001
"exness","EURUSD","2026-09-25 01:05:24.867Z",1.13778,1.13784
"exness","EURUSD","2026-09-25 01:05:26.631Z",1.1378,1.13786
"exness","EURUSD","2026-09-25 01:05:27.775Z",1.13779,1.13785
"exness","EURUSD","2026-09-25 01:05:28.995Z",1.13778,1.13784
"exness","EURUSD","2026-09-25 01:05:31.096Z",1.1378,1.13786
"exness","EURUSD","2026-09-25 01:05:31.242Z",1.13782,1.13788
"exness","EURUSD","2026-09-25 01:05:35.123Z",1.13781,1.13787
"exness","EURUSD","2026-09-25 01:05:39.290Z",1.1378300000000001,1.13789
"exness","EURUSD","2026-09-25 01:05:40.358Z",1.13784,1.1379
"exness","EURUSD","2026-09-25 01:05:43.966Z",1.1378300000000001,1.13789
"exness","EURUSD","2026-09-25 01:05:46.255Z",1.13781,1.13787
"exness","EURUSD","2026-09-25 01:05:47.867Z",1.13782,1.13788
"exness","EURUSD","2026-09-25 01:05:50.278Z",1.13784,1.1379
"exness","EURUSD","2026-09-25 01:05:51.207Z",1.13786,1.13792
"exness","EURUSD","2026-09-25 01:05:54.450Z",1.13785,1.13791
"exness","EURUSD","2026-09-25 01:05:56.408Z",1.13787,1.1379299999999999
"exness","EURUSD","2026-09-25 01:05:57.945Z",1.13788,1.13794
"exness","EURUSD","2026-09-25 01:05:59.068Z",1.13786,1.13792
"exness","EURUSD","2026-09-25 01:05:59.999Z",1.13784,1.1379
"exness","EURUSD","2026-09-25 01:06:01.008Z",1.13787,1.1379299999999999
"exness","EURUSD","2026-09-25 01:06:03.090Z",1.13785,1.13791
"exness","EURUSD","2026-09-25 01:06:06.198Z",1.13786,1.13792
"exness","EURUSD","2026-09-25 01:06:12.475Z",1.13784,1.1379
"exness","EURUSD","2026-09-25 01:06:15.751Z",1.1378300000000001,1.13789
"exness","EURUSD","2026-09-25 01:06:22.798Z",1.13782,1.13788
"exness","EURUSD","2026-09-25 01:06:23.800Z",1.1378300000000001,1.13789
"exness","EURUSD","2026-09-25 01:06:24.083Z",1.13785,1.13791
"exness","EURUSD","2026-09-25 01:06:24.150Z",1.13787,1.1379299999999999
"exness","EURUSD","2026-09-25 01:06:25.229Z",1.13786,1.13792
"exness","EURUSD","2026-09-25 01:06:28.193Z",1.13787,1.1379299999999999
"exness","EURUSD","2026-09-25 01:06:30.278Z",1.13786,1.13792
"exness","EURUSD","2026-09-25 01:06:32.901Z",1.13788,1.13794
"exness","EURUSD","2026-09-25 01:06:34.736Z",1.13789,1.13795
"exness","EURUSD","2026-09-25 01:06:36.562Z",1.13788,1.13794
"exness","EURUSD","2026-09-25 01:06:43.284Z",1.13787,1.1379299999999999
"exness","EURUSD","2026-09-25 01:06:45.527Z",1.13788,1.13794
"exness","EURUSD","2026-09-25 01:06:49.221Z",1.1379,1.13796
"exness","EURUSD","2026-09-25 01:06:51.065Z",1.13788,1.13794
"exness","EURUSD","2026-09-25 01:06:52.152Z",1.13789,1.13795
"exness","EURUSD","2026-09-25 01:06:54.313Z",1.13788,1.13794
"exness","EURUSD","2026-09-25 01:06:56.747Z",1.13789,1.13795
"exness","EURUSD","2026-09-25 01:06:57.784Z",1.13788,1.13794
"exness","EURUSD","2026-09-25 01:06:58.810Z",1.13789,1.13795
"exness","EURUSD","2026-09-25 01:07:00.262Z",1.13788,1.13794
"exness","EURUSD","2026-09-25 01:07:06.288Z",1.13789,1.13795
"exness","EURUSD","2026-09-25 01:07:08.969Z",1.13788,1.13794
"exness","EURUSD","2026-09-25 01:07:12.907Z",1.13789,1.13795
"exness","EURUSD","2026-09-25 01:07:13.395Z",1.13787,1.1379299999999999
"exness","EURUSD","2026-09-25 01:07:13.419Z",1.13786,1.13792
"exness","EURUSD","2026-09-25 01:07:14.041Z",1.13784,1.1379
"exness","EURUSD","2026-09-25 01:07:16.054Z",1.1378300000000001,1.13789
"exness","EURUSD","2026-09-25 01:07:20.562Z",1.13784,1.1379
"exness","EURUSD","2026-09-25 01:07:21.606Z",1.1378300000000001,1.13789
"exness","EURUSD","2026-09-25 01:07:24.304Z",1.13784,1.1379
"exness","EURUSD","2026-09-25 01:07:33.766Z",1.13786,1.13792
"exness","EURUSD","2026-09-25 01:07:33.776Z",1.13788,1.13794
"exness","EURUSD","2026-09-25 01:07:33.956Z",1.13789,1.13795
"exness","EURUSD","2026-09-25 01:07:36.952Z",1.13788,1.13794
"exness","EURUSD","2026-09-25 01:07:39.364Z",1.13786,1.13792
"exness","EURUSD","2026-09-25 01:07:39.385Z",1.13784,1.1379
"exness","EURUSD","2026-09-25 01:07:39.859Z",1.1378300000000001,1.13789
"exness","EURUSD","2026-09-25 01:07:42.231Z",1.13785,1.13791
"exness","EURUSD","2026-09-25 01:07:42.403Z",1.13786,1.13792
"exness","EURUSD","2026-09-25 01:07:42.765Z",1.13788,1.13794
"exness","EURUSD","2026-09-25 01:07:45.018Z",1.13787,1.1379299999999999
"exness","EURUSD","2026-09-25 01:07:54.971Z",1.1379,1.13796
"exness","EURUSD","2026-09-25 01:07:57.875Z",1.13789,1.13795
"exness","EURUSD","2026-09-25 01:07:59.877Z",1.13788,1.13794
"exness","EURUSD","2026-09-25 01:08:00.914Z",1.1379,1.13796
"exness","EURUSD","2026-09-25 01:08:01.985Z",1.13789,1.13795
"exness","EURUSD","2026-09-25 01:08:04.047Z",1.13791,1.13797
"exness","EURUSD","2026-09-25 01:08:04.079Z",1.13792,1.13798
"exness","EURUSD","2026-09-25 01:08:05.457Z",1.1379299999999999,1.13799
"exness","EURUSD","2026-09-25 01:08:08.147Z",1.13792,1.13798
"exness","EURUSD","2026-09-25 01:08:09.193Z",1.1379299999999999,1.13799
"exness","EURUSD","2026-09-25 01:08:10.644Z",1.13792,1.13798
"exness","EURUSD","2026-09-25 01:08:12.664Z",1.1379299999999999,1.13799
"exness","EURUSD","2026-09-25 01:08:17.791Z",1.13791,1.13797
"exness","EURUSD","2026-09-25 01:08:19.011Z",1.1379,1.13796
"exness","EURUSD","2026-09-25 01:08:20.435Z",1.13789,1.13795
"exness","EURUSD","2026-09-25 01:08:20.608Z",1.13791,1.13797
"exness","EURUSD","2026-09-25 01:08:20.776Z",1.13789,1.13795
"exness","EURUSD","2026-09-25 01:08:20.918Z",1.13788,1.13794
"exness","EURUSD","2026-09-25 01:08:21.172Z",1.13786,1.13792
"exness","EURUSD","2026-09-25 01:08:22.561Z",1.13785,1.13791
"exness","EURUSD","2026-09-25 01:08:24.692Z",1.13787,1.1379299999999999
"exness","EURUSD","2026-09-25 01:08:28.714Z",1.13785,1.13791
"exness","EURUSD","2026-09-25 01:08:29.071Z",1.13784,1.1379
"exness","EURUSD","2026-09-25 01:08:30.271Z",1.13786,1.13792
"exness","EURUSD","2026-09-25 01:08:30.783Z",1.13788,1.13794
"exness","EURUSD","2026-09-25 01:08:32.376Z",1.13789,1.13795
"exness","EURUSD","2026-09-25 01:08:43.534Z",1.13788,1.13794
"exness","EURUSD","2026-09-25 01:08:49.692Z",1.13789,1.13795
"exness","EURUSD","2026-09-25 01:08:50.739Z",1.13788,1.13794
"exness","EURUSD","2026-09-25 01:08:52.375Z",1.13786,1.13792
"exness","EURUSD","2026-09-25 01:08:55.520Z",1.13788,1.13794
"exness","EURUSD","2026-09-25 01:09:03.131Z",1.13789,1.13795
"exness","EURUSD","2026-09-25 01:09:04.348Z",1.13788,1.13794
"exness","EURUSD","2026-09-25 01:09:07.546Z",1.13786,1.13792
"exness","EURUSD","2026-09-25 01:09:08.793Z",1.13785,1.13791
"exness","EURUSD","2026-09-25 01:09:12.608Z",1.13786,1.13792
"exness","EURUSD","2026-09-25 01:09:12.897Z",1.13788,1.13794
"exness","EURUSD","2026-09-25 01:09:15.122Z",1.13787,1.1379299999999999
"exness","EURUSD","2026-09-25 01:09:18.112Z",1.13788,1.13794
"exness","EURUSD","2026-09-25 01:09:18.835Z",1.1379,1.13796
"exness","EURUSD","2026-09-25 01:09:18.843Z",1.13792,1.13798
"exness","EURUSD","2026-09-25 01:09:18.899Z",1.1379299999999999,1.13799
"exness","EURUSD","2026-09-25 01:09:20.610Z",1.13794,1.138
"exness","EURUSD","2026-09-25 01:09:21.941Z",1.13792,1.13798
"exness","EURUSD","2026-09-25 01:09:24.409Z",1.13791,1.13797
"exness","EURUSD","2026-09-25 01:09:25.383Z",1.13789,1.13795
"exness","EURUSD","2026-09-25 01:09:25.550Z",1.13788,1.13794
"exness","EURUSD","2026-09-25 01:09:26.643Z",1.1379,1.13796
"exness","EURUSD","2026-09-25 01:09:28.784Z",1.13792,1.13798
"exness","EURUSD","2026-09-25 01:09:28.827Z",1.13794,1.138
"exness","EURUSD","2026-09-25 01:09:29.970Z",1.13795,1.13801
"exness","EURUSD","2026-09-25 01:09:30.984Z",1.13794,1.138
"exness","EURUSD","2026-09-25 01:09:34.118Z",1.1379299999999999,1.13799
"exness","EURUSD","2026-09-25 01:09:36.639Z",1.13794,1.138
"exness","EURUSD","2026-09-25 01:09:45.647Z",1.1379299999999999,1.13799
"exness","EURUSD","2026-09-25 01:09:47.690Z",1.13791,1.13797
"exness","EURUSD","2026-09-25 01:09:47.932Z",1.13789,1.13795
"exness","EURUSD","2026-09-25 01:09:47.983Z",1.13788,1.13794
"exness","EURUSD","2026-09-25 01:09:50.660Z",1.13789,1.13795
"exness","EURUSD","2026-09-25 01:09:52.836Z",1.13791,1.13797
"exness","EURUSD","2026-09-25 01:09:53.918Z",1.1379299999999999,1.13799
"exness","EURUSD","2026-09-25 01:09:58.865Z",1.1379,1.13796
"exness","EURUSD","2026-09-25 01:09:59.949Z",1.13791,1.13797
"exness","EURUSD","2026-09-25 01:10:01.996Z",1.1379,1.13796
"exness","EURUSD","2026-09-25 01:10:03.954Z",1.13788,1.13794
"exness","EURUSD","2026-09-25 01:10:05.085Z",1.13787,1.1379299999999999
"exness","EURUSD","2026-09-25 01:10:06.106Z",1.13788,1.13794
"exness","EURUSD","2026-09-25 01:10:08.697Z",1.13789,1.13795
"exness","EURUSD","2026-09-25 01:10:12.022Z",1.13787,1.1379299999999999
"exness","EURUSD","2026-09-25 01:10:13.040Z",1.13786,1.13792
"exness","EURUSD","2026-09-25 01:10:14.556Z",1.13787,1.1379299999999999
"exness","EURUSD","2026-09-25 01:10:15.423Z",1.1379,1.13796
"exness","EURUSD","2026-09-25 01:10:16.436Z",1.13789,1.13795
"exness","EURUSD","2026-09-25 01:10:18.709Z",1.13788,1.13794
"exness","EURUSD","2026-09-25 01:10:23.353Z",1.13786,1.13792
"exness","EURUSD","2026-09-25 01:10:24.721Z",1.13785,1.13791
"exness","EURUSD","2026-09-25 01:10:25.854Z",1.13786,1.13792
"exness","EURUSD","2026-09-25 01:10:28.008Z",1.13785,1.13791
"exness","EURUSD","2026-09-25 01:10:28.595Z",1.1378300000000001,1.13789
"exness","EURUSD","2026-09-25 01:10:28.771Z",1.13786,1.13792
"exness","EURUSD","2026-09-25 01:10:29.540Z",1.13788,1.13794
"exness","EURUSD","2026-09-25 01:10:29.724Z",1.13789,1.13795
"exness","EURUSD","2026-09-25 01:10:30.298Z",1.13791,1.13797
"exness","EURUSD","2026-09-25 01:10:31.085Z",1.13792,1.13798
"exness","EURUSD","2026-09-25 01:10:32.315Z",1.13791,1.13797
"exness","EURUSD","2026-09-25 01:10:36.211Z",1.1379,1.13796
"exness","EURUSD","2026-09-25 01:10:39.506Z",1.13789,1.13795
"exness","EURUSD","2026-09-25 01:10:42.928Z",1.1379,1.13796
"exness","EURUSD","2026-09-25 01:10:44.130Z",1.13791,1.13797
"exness","EURUSD","2026-09-25 01:10:44.925Z",1.1379299999999999,1.13799
"exness","EURUSD","2026-09-25 01:10:47.149Z",1.13792,1.13798
"exness","EURUSD","2026-09-25 01:10:48.800Z",1.1379299999999999,1.13799
"exness","EURUSD","2026-09-25 01:10:52.143Z",1.13791,1.13797
"exness","EURUSD","2026-09-25 01:10:57.436Z",1.1379,1.13796
"exness","EURUSD","2026-09-25 01:10:58.597Z",1.13788,1.13794
"exness","EURUSD","2026-09-25 01:10:59.908Z",1.13789,1.13795
"exness","EURUSD","2026-09-25 01:11:01.913Z",1.1379,1.13796
"exness","EURUSD","2026-09-25 01:11:03.080Z",1.13791,1.13797
"exness","EURUSD","2026-09-25 01:11:05.485Z",1.1379,1.13796
"exness","EURUSD","2026-09-25 01:11:15.090Z",1.13792,1.13798
"exness","EURUSD","2026-09-25 01:11:15.103Z",1.13794,1.138
"exness","EURUSD","2026-09-25 01:11:15.165Z",1.13795,1.13801
"exness","EURUSD","2026-09-25 01:11:16.450Z",1.13794,1.138
"exness","EURUSD","2026-09-25 01:11:17.463Z",1.13796,1.13802
"exness","EURUSD","2026-09-25 01:11:18.809Z",1.13795,1.13801
"exness","EURUSD","2026-09-25 01:11:20.624Z",1.13794,1.138
"exness","EURUSD","2026-09-25 01:11:25.794Z",1.13796,1.13802
"exness","EURUSD","2026-09-25 01:11:26.010Z",1.13798,1.13804
"exness","EURUSD","2026-09-25 01:11:27.211Z",1.13797,1.13803
"exness","EURUSD","2026-09-25 01:11:28.218Z",1.13798,1.13804
"exness","EURUSD","2026-09-25 01:11:29.341Z",1.13797,1.13803
"exness","EURUSD","2026-09-25 01:11:30.365Z",1.13796,1.13802
"exness","EURUSD","2026-09-25 01:11:31.379Z",1.13798,1.13804
"exness","EURUSD","2026-09-25 01:11:32.440Z",1.13796,1.13802
"exness","EURUSD","2026-09-25 01:11:33.738Z",1.13797,1.13803
"exness","EURUSD","2026-09-25 01:11:33.757Z",1.13799,1.13805
"exness","EURUSD","2026-09-25 01:11:33.898Z",1.138,1.13806
"exness","EURUSD","2026-09-25 01:11:37.168Z",1.13802,1.13808
"exness","EURUSD","2026-09-25 01:11:39.664Z",1.13801,1.13807
"exness","EURUSD","2026-09-25 01:11:40.750Z",1.138,1.13806
"exness","EURUSD","2026-09-25 01:11:41.761Z",1.13801,1.13807
"exness","EURUSD","2026-09-25 01:11:41.802Z",1.13803,1.13809
"exness","EURUSD","2026-09-25 01:11:43.938Z",1.13801,1.13807
"exness","EURUSD","2026-09-25 01:11:45.052Z",1.13802,1.13808
"exness","EURUSD","2026-09-25 01:11:46.301Z",1.138,1.13806
"exness","EURUSD","2026-09-25 01:11:47.714Z",1.13798,1.13804
"exness","EURUSD","2026-09-25 01:11:49.923Z",1.13799,1.13805
"exness","EURUSD","2026-09-25 01:11:51.076Z",1.138,1.13806
"exness","EURUSD","2026-09-25 01:11:55.479Z",1.13799,1.13805
"exness","EURUSD","2026-09-25 01:11:57.459Z",1.138,1.13806
"exness","EURUSD","2026-09-25 01:11:58.985Z",1.13802,1.13808
"exness","EURUSD","2026-09-25 01:11:59.216Z",1.13804,1.1381000000000001
"exness","EURUSD","2026-09-25 01:11:59.714Z",1.13805,1.13811
"exness","EURUSD","2026-09-25 01:12:00.739Z",1.13804,1.1381000000000001
"exness","EURUSD","2026-09-25 01:12:01.980Z",1.13802,1.13808
"exness","EURUSD","2026-09-25 01:12:03.198Z",1.13801,1.13807
"exness","EURUSD","2026-09-25 01:12:04.403Z",1.13802,1.13808
"exness","EURUSD","2026-09-25 01:12:05.896Z",1.13803,1.13809
"exness","EURUSD","2026-09-25 01:12:08.312Z",1.13801,1.13807
"exness","EURUSD","2026-09-25 01:12:11.089Z",1.13802,1.13808
"exness","EURUSD","2026-09-25 01:12:11.444Z",1.138,1.13806
"exness","EURUSD","2026-09-25 01:12:13.491Z",1.13802,1.13808
"exness","EURUSD","2026-09-25 01:12:14.556Z",1.13803,1.13809
"exness","EURUSD","2026-09-25 01:12:15.588Z",1.13802,1.13808
"exness","EURUSD","2026-09-25 01:12:16.676Z",1.13803,1.13809
"exness","EURUSD","2026-09-25 01:12:19.349Z",1.13802,1.13808
"exness","EURUSD","2026-09-25 01:12:21.879Z",1.13803,1.13809
"exness","EURUSD","2026-09-25 01:12:23.590Z",1.13802,1.13808
"exness","EURUSD","2026-09-25 01:12:24.731Z",1.13803,1.13809
"exness","EURUSD","2026-09-25 01:12:25.771Z",1.13802,1.13808
"exness","EURUSD","2026-09-25 01:12:27.811Z",1.13803,1.13809
"exness","EURUSD","2026-09-25 01:12:31.962Z",1.13802,1.13808
"exness","EURUSD","2026-09-25 01:12:33.199Z",1.13803,1.13809
"exness","EURUSD","2026-09-25 01:12:34.204Z",1.13804,1.1381000000000001
"exness","EURUSD","2026-09-25 01:12:35.070Z",1.13802,1.13808
"exness","EURUSD","2026-09-25 01:12:36.091Z",1.13801,1.13807
"exness","EURUSD","2026-09-25 01:12:36.286Z",1.13799,1.13805
"exness","EURUSD","2026-09-25 01:12:40.585Z",1.13797,1.13803
"exness","EURUSD","2026-09-25 01:12:43.789Z",1.13798,1.13804
"exness","EURUSD","2026-09-25 01:12:45.406Z",1.13797,1.13803
"exness","EURUSD","2026-09-25 01:12:46.849Z",1.13798,1.13804
"exness","EURUSD","2026-09-25 01:12:48.016Z",1.13797,1.13803
"exness","EURUSD","2026-09-25 01:12:49.988Z",1.13795,1.13801
"exness","EURUSD","2026-09-25 01:12:50.976Z",1.13794,1.138
"exness","EURUSD","2026-09-25 01:12:53.002Z",1.13796,1.13802
"exness","EURUSD","2026-09-25 01:12:53.145Z",1.13798,1.13804
"exness","EURUSD","2026-09-25 01:12:58.048Z",1.13797,1.13803
"exness","EURUSD","2026-09-25 01:13:10.417Z",1.13799,1.13805
"exness","EURUSD","2026-09-25 01:13:11.066Z",1.138,1.13806
"exness","EURUSD","2026-09-25 01:13:11.086Z",1.13802,1.13808
"exness","EURUSD","2026-09-25 01:13:11.428Z",1.13803,1.13809
"exness","EURUSD","2026-09-25 01:13:12.613Z",1.13804,1.1381000000000001
"exness","EURUSD","2026-09-25 01:13:13.817Z",1.13802,1.13808
"exness","EURUSD","2026-09-25 01:13:18.886Z",1.13803,1.13809
"exness","EURUSD","2026-09-25 01:13:24.691Z",1.13802,1.13808
"exness","EURUSD","2026-09-25 01:13:25.852Z",1.13803,1.13809
"exness","EURUSD","2026-09-25 01:13:28.062Z",1.13804,1.1381000000000001
"exness","EURUSD","2026-09-25 01:13:29.331Z",1.13802,1.13808
"exness","EURUSD","2026-09-25 01:13:30.392Z",1.13803,1.13809
"exness","EURUSD","2026-09-25 01:13:33.674Z",1.13804,1.1381000000000001
"exness","EURUSD","2026-09-25 01:13:41.962Z",1.13803,1.13809
"exness","EURUSD","2026-09-25 01:13:46.426Z",1.13805,1.13811
"exness","EURUSD","2026-09-25 01:13:46.451Z",1.13807,1.13813
"exness","EURUSD","2026-09-25 01:13:46.719Z",1.13808,1.13814
"exness","EURUSD","2026-09-25 01:13:46.779Z",1.13809,1.13815
"exness","EURUSD","2026-09-25 01:13:47.660Z",1.13811,1.13817
"exness","EURUSD","2026-09-25 01:13:47.785Z",1.13812,1.13818
"exness","EURUSD","2026-09-25 01:13:48.981Z",1.13813,1.13819
"exness","EURUSD","2026-09-25 01:13:50.147Z",1.13814,1.1381999999999999
"exness","EURUSD","2026-09-25 01:13:51.303Z",1.13815,1.13821
"exness","EURUSD","2026-09-25 01:13:52.616Z",1.13813,1.13819
"exness","EURUSD","2026-09-25 01:13:54.843Z",1.13814,1.1381999999999999
"exness","EURUSD","2026-09-25 01:13:57.627Z",1.13813,1.13819
"exness","EURUSD","2026-09-25 01:13:58.776Z",1.13812,1.13818
"exness","EURUSD","2026-09-25 01:14:00.128Z",1.13811,1.13817
"exness","EURUSD","2026-09-25 01:14:01.146Z",1.13813,1.13819
"exness","EURUSD","2026-09-25 01:14:01.985Z",1.13815,1.13821
"exness","EURUSD","2026-09-25 01:14:02.768Z",1.13813,1.13819
"exness","EURUSD","2026-09-25 01:14:03.857Z",1.13812,1.13818
"exness","EURUSD","2026-09-25 01:14:05.290Z",1.13813,1.13819
"exness","EURUSD","2026-09-25 01:14:06.839Z",1.13814,1.1381999999999999
"exness","EURUSD","2026-09-25 01:14:07.845Z",1.13816,1.13822
"exness","EURUSD","2026-09-25 01:14:08.959Z",1.13815,1.13821
"exness","EURUSD","2026-09-25 01:14:11.220Z",1.13817,1.13823
"exness","EURUSD","2026-09-25 01:14:14.134Z",1.13816,1.13822
"exness","EURUSD","2026-09-25 01:14:19.685Z",1.13814,1.1381999999999999
"exness","EURUSD","2026-09-25 01:14:20.903Z",1.13813,1.13819
"exness","EURUSD","2026-09-25 01:14:21.678Z",1.13816,1.13822
"exness","EURUSD","2026-09-25 01:14:21.700Z",1.13818,1.13824
"exness","EURUSD","2026-09-25 01:14:22.811Z",1.13817,1.13823
"exness","EURUSD","2026-09-25 01:14:23.818Z",1.13816,1.13822
"exness","EURUSD","2026-09-25 01:14:27.070Z",1.13815,1.13821
"exness","EURUSD","2026-09-25 01:14:28.793Z",1.13817,1.13823
"exness","EURUSD","2026-09-25 01:14:29.406Z",1.13818,1.13824
"exness","EURUSD","2026-09-25 01:14:29.447Z",1.1381999999999999,1.13826
"exness","EURUSD","2026-09-25 01:14:30.739Z",1.13819,1.13825
"exness","EURUSD","2026-09-25 01:14:33.212Z",1.13818,1.13824
"exness","EURUSD","2026-09-25 01:14:39.785Z",1.13817,1.13823
"exness","EURUSD","2026-09-25 01:14:39.795Z",1.13815,1.13821
"exness","EURUSD","2026-09-25 01:14:39.886Z",1.13814,1.1381999999999999
"exness","EURUSD","2026-09-25 01:14:39.926Z",1.13812,1.13818
"exness","EURUSD","2026-09-25 01:14:41.240Z",1.13814,1.1381999999999999
"exness","EURUSD","2026-09-25 01:14:45.987Z",1.13813,1.13819
"exness","EURUSD","2026-09-25 01:14:51.129Z",1.13812,1.13818
"exness","EURUSD","2026-09-25 01:14:53.195Z",1.13813,1.13819
"exness","EURUSD","2026-09-25 01:14:59.406Z",1.13815,1.13821
"exness","EURUSD","2026-09-25 01:14:59.427Z",1.13817,1.13823
"exness","EURUSD","2026-09-25 01:15:00.815Z",1.13815,1.13821
"exness","EURUSD","2026-09-25 01:15:02.734Z",1.13813,1.13819
"exness","EURUSD","2026-09-25 01:15:03.744Z",1.13814,1.1381999999999999
"exness","EURUSD","2026-09-25 01:15:05.064Z",1.13815,1.13821
"exness","EURUSD","2026-09-25 01:15:06.105Z",1.13816,1.13822
"exness","EURUSD","2026-09-25 01:15:09.618Z",1.13815,1.13821
"exness","EURUSD","2026-09-25 01:15:09.797Z",1.13818,1.13824
"exness","EURUSD","2026-09-25 01:15:10.870Z",1.13817,1.13823
"exness","EURUSD","2026-09-25 01:15:13.799Z",1.13816,1.13822
"exness","EURUSD","2026-09-25 01:15:16.473Z",1.13814,1.1381999999999999
"exness","EURUSD","2026-09-25 01:15:17.649Z",1.13815,1.13821
"exness","EURUSD","2026-09-25 01:15:18.671Z",1.13814,1.1381999999999999
"exness","EURUSD","2026-09-25 01:15:22.346Z",1.13813,1.13819
"exness","EURUSD","2026-09-25 01:15:22.609Z",1.13811,1.13817
"exness","EURUSD","2026-09-25 01:15:23.715Z",1.13812,1.13818
"exness","EURUSD","2026-09-25 01:15:24.880Z",1.13813,1.13819
"exness","EURUSD","2026-09-25 01:15:25.075Z",1.13815,1.13821
"exness","EURUSD","2026-09-25 01:15:25.142Z",1.13816,1.13822
"exness","EURUSD","2026-09-25 01:15:28.854Z",1.13815,1.13821
"exness","EURUSD","2026-09-25 01:15:30.108Z",1.13814,1.1381999999999999
"exness","EURUSD","2026-09-25 01:15:35.924Z",1.13812,1.13818
"exness","EURUSD","2026-09-25 01:15:42.024Z",1.13815,1.13821
"exness","EURUSD","2026-09-25 01:15:43.382Z",1.13814,1.1381999999999999
"exness","EURUSD","2026-09-25 01:15:43.583Z",1.13812,1.13818
"exness","EURUSD","2026-09-25 01:15:45.044Z",1.13814,1.1381999999999999
"exness","EURUSD","2026-09-25 01:15:47.251Z",1.13815,1.13821
"exness","EURUSD","2026-09-25 01:15:49.245Z",1.13814,1.1381999999999999
"exness","EURUSD","2026-09-25 01:15:53.602Z",1.13813,1.13819
"exness","EURUSD","2026-09-25 01:15:57.331Z",1.13814,1.1381999999999999
"exness","EURUSD","2026-09-25 01:16:02.257Z",1.13815,1.13821
"exness","EURUSD","2026-09-25 01:16:04.425Z",1.13814,1.1381999999999999
"exness","EURUSD","2026-09-25 01:16:06.945Z",1.13813,1.13819
"exness","EURUSD","2026-09-25 01:16:07.067Z",1.13811,1.13817
"exness","EURUSD","2026-09-25 01:16:07.074Z",1.1381000000000001,1.13816
"exness","EURUSD","2026-09-25 01:16:07.080Z",1.13808,1.13814
"exness","EURUSD","2026-09-25 01:16:07.101Z",1.13807,1.13813
"exness","EURUSD","2026-09-25 01:16:07.123Z",1.13805,1.13811
"exness","EURUSD","2026-09-25 01:16:07.869Z",1.13804,1.1381000000000001
"exness","EURUSD","2026-09-25 01:16:09.137Z",1.13803,1.13809
"exness","EURUSD","2026-09-25 01:16:10.709Z",1.13804,1.1381000000000001
"exness","EURUSD","2026-09-25 01:16:11.869Z",1.13805,1.13811
"exness","EURUSD","2026-09-25 01:16:12.997Z",1.13804,1.1381000000000001
"exness","EURUSD","2026-09-25 01:16:14.009Z",1.13803,1.13809
"exness","EURUSD","2026-09-25 01:16:15.028Z",1.13802,1.13808
"exness","EURUSD","2026-09-25 01:16:19.869Z",1.13803,1.13809
"exness","EURUSD","2026-09-25 01:16:20.967Z",1.13802,1.13808
"exness","EURUSD","2026-09-25 01:16:25.063Z",1.138,1.13806
"exness","EURUSD","2026-09-25 01:16:33.574Z",1.13802,1.13808
"exness","EURUSD","2026-09-25 01:16:35.058Z",1.138,1.13806
"exness","EURUSD","2026-09-25 01:16:36.228Z",1.13802,1.13808
"exness","EURUSD","2026-09-25 01:16:39.937Z",1.13803,1.13809
"exness","EURUSD","2026-09-25 01:16:46.166Z",1.13804,1.1381000000000001
"exness","EURUSD","2026-09-25 01:16:51.310Z",1.13802,1.13808
"exness","EURUSD","2026-09-25 01:16:52.348Z",1.138,1.13806
"exness","EURUSD","2026-09-25 01:16:52.677Z",1.13799,1.13805
"exness","EURUSD","2026-09-25 01:16:53.808Z",1.13802,1.13808
"exness","EURUSD","2026-09-25 01:16:53.884Z",1.13803,1.13809
"exness","EURUSD","2026-09-25 01:16:54.921Z",1.13804,1.1381000000000001
"exness","EURUSD","2026-09-25 01:16:55.381Z",1.13801,1.13807
"exness","EURUSD","2026-09-25 01:16:59.206Z",1.13802,1.13808
"exness","EURUSD","2026-09-25 01:16:59.790Z",1.13804,1.1381000000000001
"exness","EURUSD","2026-09-25 01:17:00.068Z",1.13805,1.13811
"exness","EURUSD","2026-09-25 01:17:01.254Z",1.13806,1.13812
"exness","EURUSD","2026-09-25 01:17:04.138Z",1.13804,1.1381000000000001
"exness","EURUSD","2026-09-25 01:17:06.263Z",1.13805,1.13811
"exness","EURUSD","2026-09-25 01:17:10.921Z",1.13806,1.13812
"exness","EURUSD","2026-09-25 01:17:15.073Z",1.13807,1.13813
"exness","EURUSD","2026-09-25 01:17:16.379Z",1.13806,1.13812
"exness","EURUSD","2026-09-25 01:17:18.706Z",1.13808,1.13814
"exness","EURUSD","2026-09-25 01:17:22.721Z",1.1381000000000001,1.13816
"exness","EURUSD","2026-09-25 01:17:22.739Z",1.13811,1.13817
"exness","EURUSD","2026-09-25 01:17:26.371Z",1.1381000000000001,1.13816
"exness","EURUSD","2026-09-25 01:17:27.384Z",1.13809,1.13815
"exness","EURUSD","2026-09-25 01:17:27.716Z",1.13811,1.13817
"exness","EURUSD","2026-09-25 01:17:34.958Z",1.1381000000000001,1.13816
"exness","EURUSD","2026-09-25 01:17:35.953Z",1.13812,1.13818
"exness","EURUSD","2026-09-25 01:17:36.027Z",1.13814,1.1381999999999999
"exness","EURUSD","2026-09-25 01:17:37.032Z",1.13815,1.13821
"exness","EURUSD","2026-09-25 01:17:38.220Z",1.13813,1.13819
"exness","EURUSD","2026-09-25 01:17:39.490Z",1.13812,1.13818
"exness","EURUSD","2026-09-25 01:17:40.601Z",1.13811,1.13817
"exness","EURUSD","2026-09-25 01:17:42.168Z",1.13813,1.13819
"exness","EURUSD","2026-09-25 01:17:43.780Z",1.13814,1.1381999999999999
"exness","EURUSD","2026-09-25 01:17:48.409Z",1.13813,1.13819
"exness","EURUSD","2026-09-25 01:17:53.266Z",1.13811,1.13817
"exness","EURUSD","2026-09-25 01:17:53.314Z",1.13809,1.13815
"exness","EURUSD","2026-09-25 01:17:54.292Z",1.13808,1.13814
"exness","EURUSD","2026-09-25 01:18:03.928Z",1.13806,1.13812
"exness","EURUSD","2026-09-25 01:18:05.153Z",1.13807,1.13813
"exness","EURUSD","2026-09-25 01:18:10.968Z",1.13806,1.13812
"exness","EURUSD","2026-09-25 01:18:16.702Z",1.13805,1.13811
"exness","EURUSD","2026-09-25 01:18:19.973Z",1.13806,1.13812
"exness","EURUSD","2026-09-25 01:18:22.620Z",1.13805,1.13811
"exness","EURUSD","2026-09-25 01:18:23.264Z",1.13803,1.13809
"exness","EURUSD","2026-09-25 01:18:25.664Z",1.13804,1.1381000000000001
"exness","EURUSD","2026-09-25 01:18:26.670Z",1.13803,1.13809
"exness","EURUSD","2026-09-25 01:18:28.052Z",1.13801,1.13807
"exness","EURUSD","2026-09-25 01:18:28.175Z",1.138,1.13806
"exness","EURUSD","2026-09-25 01:18:36.270Z",1.13798,1.13804
"exness","EURUSD","2026-09-25 01:18:38.423Z",1.13797,1.13803
"exness","EURUSD","2026-09-25 01:18:39.013Z",1.13796,1.13802
"exness","EURUSD","2026-09-25 01:18:40.440Z",1.13795,1.13801
"exness","EURUSD","2026-09-25 01:18:43.357Z",1.13796,1.13802
"exness","EURUSD","2026-09-25 01:18:45.500Z",1.13795,1.13801
"exness","EURUSD","2026-09-25 01:18:46.557Z",1.13796,1.13802
"exness","EURUSD","2026-09-25 01:18:54.647Z",1.13798,1.13804
"exness","EURUSD","2026-09-25 01:18:55.666Z",1.13797,1.13803
"exness","EURUSD","2026-09-25 01:18:57.705Z",1.13796,1.13802
"exness","EURUSD","2026-09-25 01:19:00.537Z",1.13795,1.13801
"exness","EURUSD","2026-09-25 01:19:00.602Z",1.1379299999999999,1.13799
"exness","EURUSD","2026-09-25 01:19:00.667Z",1.13792,1.13798
"exness","EURUSD","2026-09-25 01:19:01.967Z",1.13791,1.13797
"exness","EURUSD","2026-09-25 01:19:03.197Z",1.13792,1.13798
"exness","EURUSD","2026-09-25 01:19:05.627Z",1.13791,1.13797
"exness","EURUSD","2026-09-25 01:19:28.044Z",1.13789,1.13795
"exness","EURUSD","2026-09-25 01:19:29.235Z",1.13788,1.13794
"exness","EURUSD","2026-09-25 01:19:30.628Z",1.13787,1.1379299999999999
"exness","EURUSD","2026-09-25 01:19:32.129Z",1.13788,1.13794
"exness","EURUSD","2026-09-25 01:19:33.165Z",1.13787,1.1379299999999999
"exness","EURUSD","2026-09-25 01:19:36.216Z",1.13788,1.13794
"exness","EURUSD","2026-09-25 01:19:37.627Z",1.13787,1.1379299999999999
"exness","EURUSD","2026-09-25 01:19:42.493Z",1.13788,1.13794
"exness","EURUSD","2026-09-25 01:19:47.569Z",1.13787,1.1379299999999999
"exness","EURUSD","2026-09-25 01:19:50.434Z",1.13786,1.13792
"exness","EURUSD","2026-09-25 01:19:51.585Z",1.13784,1.1379
"exness","EURUSD","2026-09-25 01:19:55.322Z",1.13785,1.13791
"exness","EURUSD","2026-09-25 01:19:56.370Z",1.13786,1.13792
"exness","EURUSD","2026-09-25 01:19:58.530Z",1.13785,1.13791
"exness","EURUSD","2026-09-25 01:20:01.045Z",1.13784,1.1379
"exness","EURUSD","2026-09-25 01:20:02.050Z",1.13786,1.13792
"exness","EURUSD","2026-09-25 01:20:03.405Z",1.13787,1.1379299999999999
"exness","EURUSD","2026-09-25 01:20:04.423Z",1.13786,1.13792
"exness","EURUSD","2026-09-25 01:20:06.969Z",1.13785,1.13791
"exness","EURUSD","2026-09-25 01:20:10.323Z",1.13786,1.13792
"exness","EURUSD","2026-09-25 01:20:16.646Z",1.13787,1.1379299999999999
"exness","EURUSD","2026-09-25 01:20:18.157Z",1.13786,1.13792
"exness","EURUSD","2026-09-25 01:20:21.235Z",1.13787,1.1379299999999999
"exness","EURUSD","2026-09-25 01:20:24.941Z",1.13786,1.13792
"exness","EURUSD","2026-09-25 01:20:25.370Z",1.13788,1.13794
"exness","EURUSD","2026-09-25 01:20:26.871Z",1.13789,1.13795
"exness","EURUSD","2026-09-25 01:20:30.744Z",1.13791,1.13797
"exness","EURUSD","2026-09-25 01:20:30.781Z",1.13792,1.13798
"exness","EURUSD","2026-09-25 01:20:30.848Z",1.13794,1.138
"exness","EURUSD","2026-09-25 01:20:31.858Z",1.13791,1.13797
"exness","EURUSD","2026-09-25 01:20:35.708Z",1.13792,1.13798
"exness","EURUSD","2026-09-25 01:20:47.082Z",1.13791,1.13797
"exness","EURUSD","2026-09-25 01:20:49.556Z",1.13789,1.13795
"exness","EURUSD","2026-09-25 01:20:52.931Z",1.13792,1.13798
"exness","EURUSD","2026-09-25 01:20:53.045Z",1.1379299999999999,1.13799
"exness","EURUSD","2026-09-25 01:20:57.042Z",1.13791,1.13797
"exness","EURUSD","2026-09-25 01:20:57.066Z",1.13789,1.13795
"exness","EURUSD","2026-09-25 01:20:59.420Z",1.1379,1.13796
"exness","EURUSD","2026-09-25 01:21:00.446Z",1.13791,1.13797
"exness","EURUSD","2026-09-25 01:21:03.951Z",1.13792,1.13798
"exness","EURUSD","2026-09-25 01:21:08.539Z",1.13794,1.138
"exness","EURUSD","2026-09-25 01:21:20.085Z",1.13792,1.13798
"exness","EURUSD","2026-09-25 01:21:20.127Z",1.1379,1.13796
"exness","EURUSD","2026-09-25 01:21:22.577Z",1.13789,1.13795
"exness","EURUSD","2026-09-25 01:21:23.632Z",1.1379,1.13796
"exness","EURUSD","2026-09-25 01:21:24.829Z",1.13792,1.13798
"exness","EURUSD","2026-09-25 01:21:26.231Z",1.13791,1.13797
"exness","EURUSD","2026-09-25 01:21:27.640Z",1.1379,1.13796
"exness","EURUSD","2026-09-25 01:21:27.894Z",1.13789,1.13795
"exness","EURUSD","2026-09-25 01:21:28.983Z",1.13787,1.1379299999999999
"exness","EURUSD","2026-09-25 01:21:37.047Z",1.13789,1.13795
"exness","EURUSD","2026-09-25 01:21:46.173Z",1.13791,1.13797
"exness","EURUSD","2026-09-25 01:21:46.187Z",1.1379299999999999,1.13799
"exness","EURUSD","2026-09-25 01:21:46.259Z",1.13794,1.138
"exness","EURUSD","2026-09-25 01:21:49.397Z",1.1379299999999999,1.13799
"exness","EURUSD","2026-09-25 01:21:53.920Z",1.13792,1.13798
"exness","EURUSD","2026-09-25 01:21:59.819Z",1.13791,1.13797
"exness","EURUSD","2026-09-25 01:22:02.276Z",1.1379299999999999,1.13799
"exness","EURUSD","2026-09-25 01:22:16.292Z",1.13792,1.13798
"exness","EURUSD","2026-09-25 01:22:23.177Z",1.13794,1.138
"exness","EURUSD","2026-09-25 01:22:29.912Z",1.13795,1.13801
"exness","EURUSD","2026-09-25 01:22:31.174Z",1.13794,1.138
"exness","EURUSD","2026-09-25 01:22:31.981Z",1.13796,1.13802
"exness","EURUSD","2026-09-25 01:22:34.564Z",1.13798,1.13804
"exness","EURUSD","2026-09-25 01:22:40.021Z",1.13796,1.13802
"exness","EURUSD","2026-09-25 01:22:40.055Z",1.13794,1.138
"exness","EURUSD","2026-09-25 01:22:40.302Z",1.1379299999999999,1.13799
"exness","EURUSD","2026-09-25 01:22:41.321Z",1.13794,1.138
"exness","EURUSD","2026-09-25 01:22:45.147Z",1.13795,1.13801
"exness","EURUSD","2026-09-25 01:22:46.870Z",1.1379299999999999,1.13799
"exness","EURUSD","2026-09-25 01:22:48.152Z",1.13794,1.138
"exness","EURUSD","2026-09-25 01:23:00.723Z",1.1379299999999999,1.13799
"exness","EURUSD","2026-09-25 01:23:02.299Z",1.13792,1.13798
"exness","EURUSD","2026-09-25 01:23:03.323Z",1.1379299999999999,1.13799
"exness","EURUSD","2026-09-25 01:23:12.247Z",1.13792,1.13798
"exness","EURUSD","2026-09-25 01:23:13.530Z",1.1379299999999999,1.13799
"exness","EURUSD","2026-09-25 01:23:17.074Z",1.13792,1.13798
"exness","EURUSD","2026-09-25 01:23:20.101Z",1.13794,1.138
"exness","EURUSD","2026-09-25 01:23:21.143Z",1.13796,1.13802
"exness","EURUSD","2026-09-25 01:23:21.312Z",1.13797,1.13803
"exness","EURUSD","2026-09-25 01:23:23.502Z",1.13796,1.13802
"exness","EURUSD","2026-09-25 01:23:25.367Z",1.13794,1.138
"exness","EURUSD","2026-09-25 01:23:47.535Z",1.1379299999999999,1.13799
"exness","EURUSD","2026-09-25 01:23:48.843Z",1.13794,1.138
"exness","EURUSD","2026-09-25 01:23:50.079Z",1.13792,1.13798
"exness","EURUSD","2026-09-25 01:23:52.416Z",1.1379299999999999,1.13799
"exness","EURUSD","2026-09-25 01:23:53.433Z",1.13794,1.138
"exness","EURUSD","2026-09-25 01:23:58.555Z",1.1379299999999999,1.13799
"exness","EURUSD","2026-09-25 01:24:00.146Z",1.13794,1.138
"exness","EURUSD","2026-09-25 01:24:02.125Z",1.13795,1.13801
"exness","EURUSD","2026-09-25 01:24:03.304Z",1.13794,1.138
"exness","EURUSD","2026-09-25 01:24:07.065Z",1.13795,1.13801
"exness","EURUSD","2026-09-25 01:24:08.240Z",1.13796,1.13802
"exness","EURUSD","2026-09-25 01:24:09.578Z",1.13797,1.13803
"exness","EURUSD","2026-09-25 01:24:19.891Z",1.13796,1.13802
"exness","EURUSD","2026-09-25 01:24:21.422Z",1.13794,1.138
"exness","EURUSD","2026-09-25 01:24:21.520Z",1.1379299999999999,1.13799
"exness","EURUSD","2026-09-25 01:24:22.557Z",1.13792,1.13798
"exness","EURUSD","2026-09-25 01:24:22.779Z",1.13791,1.13797
"exness","EURUSD","2026-09-25 01:24:32.526Z",1.1379299999999999,1.13799
"exness","EURUSD","2026-09-25 01:24:34.181Z",1.13791,1.13797
"exness","EURUSD","2026-09-25 01:24:35.234Z",1.1379,1.13796
"exness","EURUSD","2026-09-25 01:24:37.699Z",1.13788,1.13794
"exness","EURUSD","2026-09-25 01:24:40.168Z",1.13787,1.1379299999999999
"exness","EURUSD","2026-09-25 01:24:42.582Z",1.13789,1.13795
"exness","EURUSD","2026-09-25 01:24:54.346Z",1.13788,1.13794
"exness","EURUSD","2026-09-25 01:24:56.029Z",1.13789,1.13795
"exness","EURUSD","2026-09-25 01:24:58.937Z",1.13788,1.13794
"exness","EURUSD","2026-09-25 01:25:01.277Z",1.13789,1.13795
"exness","EURUSD","2026-09-25 01:25:08.839Z",1.1379,1.13796
"exness","EURUSD","2026-09-25 01:25:10.077Z",1.13789,1.13795
"exness","EURUSD","2026-09-25 01:25:13.500Z",1.13788,1.13794
"exness","EURUSD","2026-09-25 01:25:16.071Z",1.13789,1.13795
"exness","EURUSD","2026-09-25 01:25:19.679Z",1.1379,1.13796
"exness","EURUSD","2026-09-25 01:25:27.975Z",1.13788,1.13794
"exness","EURUSD","2026-09-25 01:25:29.195Z",1.13787,1.1379299999999999
"exness","EURUSD","2026-09-25 01:25:29.351Z",1.13786,1.13792
"exness","EURUSD","2026-09-25 01:25:32.076Z",1.13789,1.13795
"exness","EURUSD","2026-09-25 01:25:43.284Z",1.13787,1.1379299999999999
"exness","EURUSD","2026-09-25 01:25:48.242Z",1.13789,1.13795
"exness","EURUSD","2026-09-25 01:25:48.341Z",1.1379,1.13796
"exness","EURUSD","2026-09-25 01:25:48.357Z",1.13792,1.13798
"exness","EURUSD","2026-09-25 01:25:48.412Z",1.13794,1.138
"exness","EURUSD","2026-09-25 01:25:48.532Z",1.13795,1.13801
"exness","EURUSD","2026-09-25 01:25:51.938Z",1.13794,1.138
"exness","EURUSD","2026-09-25 01:25:58.478Z",1.13792,1.13798
"exness","EURUSD","2026-09-25 01:25:58.491Z",1.1379,1.13796
"exness","EURUSD","2026-09-25 01:25:58.523Z",1.13788,1.13794
"exness","EURUSD","2026-09-25 01:25:58.552Z",1.13787,1.1379299999999999
"exness","EURUSD","2026-09-25 01:25:59.319Z",1.13786,1.13792
"exness","EURUSD","2026-09-25 01:26:00.397Z",1.13787,1.1379299999999999
"exness","EURUSD","2026-09-25 01:26:01.298Z",1.13785,1.13791
"exness","EURUSD","2026-09-25 01:26:02.452Z",1.13784,1.1379
"exness","EURUSD","2026-09-25 01:26:04.349Z",1.13786,1.13792
"exness","EURUSD","2026-09-25 01:26:05.406Z",1.13785,1.13791
"exness","EURUSD","2026-09-25 01:26:22.854Z",1.13784,1.1379
"exness","EURUSD","2026-09-25 01:26:25.533Z",1.1378300000000001,1.13789
"exness","EURUSD","2026-09-25 01:26:26.729Z",1.13784,1.1379
"exness","EURUSD","2026-09-25 01:26:27.767Z",1.13786,1.13792
"exness","EURUSD","2026-09-25 01:26:29.363Z",1.13787,1.1379299999999999
"exness","EURUSD","2026-09-25 01:26:31.071Z",1.13786,1.13792
"exness","EURUSD","2026-09-25 01:26:42.200Z",1.13788,1.13794
"exness","EURUSD","2026-09-25 01:26:44.760Z",1.13787,1.1379299999999999
"exness","EURUSD","2026-09-25 01:26:48.744Z",1.13788,1.13794
"exness","EURUSD","2026-09-25 01:26:59.805Z",1.13787,1.1379299999999999
"exness","EURUSD","2026-09-25 01:27:02.034Z",1.13786,1.13792
"exness","EURUSD","2026-09-25 01:27:05.354Z",1.13785,1.13791
"exness","EURUSD","2026-09-25 01:27:06.285Z",1.13788,1.13794
"exness","EURUSD","2026-09-25 01:27:08.708Z",1.13787,1.1379299999999999
"exness","EURUSD","2026-09-25 01:27:18.169Z",1.13788,1.13794
"exness","EURUSD","2026-09-25 01:27:19.313Z",1.13789,1.13795
"exness","EURUSD","2026-09-25 01:27:20.378Z",1.1379,1.13796
"exness","EURUSD","2026-09-25 01:27:36.563Z",1.13789,1.13795
"exness","EURUSD","2026-09-25 01:27:41.154Z",1.13787,1.1379299999999999
"exness","EURUSD","2026-09-25 01:27:44.562Z",1.13788,1.13794
"exness","EURUSD","2026-09-25 01:27:49.929Z",1.13789,1.13795
"exness","EURUSD","2026-09-25 01:27:59.844Z",1.13788,1.13794
"exness","EURUSD","2026-09-25 01:28:02.981Z",1.13787,1.1379299999999999
"exness","EURUSD","2026-09-25 01:28:05.621Z",1.13788,1.13794
"exness","EURUSD","2026-09-25 01:28:12.657Z",1.13787,1.1379299999999999
"exness","EURUSD","2026-09-25 01:28:15.630Z",1.13785,1.13791
"exness","EURUSD","2026-09-25 01:28:15.695Z",1.1378300000000001,1.13789
"exness","EURUSD","2026-09-25 01:28:19.170Z",1.13784,1.1379
"exness","EURUSD","2026-09-25 01:28:22.994Z",1.13785,1.13791
"exness","EURUSD","2026-09-25 01:28:27.315Z",1.1378300000000001,1.13789
"exness","EURUSD","2026-09-25 01:28:30.126Z",1.13784,1.1379
"exness","EURUSD","2026-09-25 01:28:31.391Z",1.13782,1.13788
"exness","EURUSD","2026-09-25 01:28:31.765Z",1.1378,1.13786
"exness","EURUSD","2026-09-25 01:28:31.845Z",1.13779,1.13785
"exness","EURUSD","2026-09-25 01:28:32.597Z",1.13777,1.1378300000000001
"exness","EURUSD","2026-09-25 01:28:33.860Z",1.13778,1.13784
"exness","EURUSD","2026-09-25 01:28:39.450Z",1.1378,1.13786
"exness","EURUSD","2026-09-25 01:28:40.476Z",1.13779,1.13785
"exness","EURUSD","2026-09-25 01:28:42.046Z",1.13778,1.13784
"exness","EURUSD","2026-09-25 01:28:51.267Z",1.13776,1.13782
"exness","EURUSD","2026-09-25 01:28:52.307Z",1.13778,1.13784
"exness","EURUSD","2026-09-25 01:28:57.460Z",1.13777,1.1378300000000001
"exness","EURUSD","2026-09-25 01:28:57.622Z",1.13775,1.13781
"exness","EURUSD","2026-09-25 01:28:57.710Z",1.13774,1.1378
"exness","EURUSD","2026-09-25 01:28:58.801Z",1.13773,1.13779
"exness","EURUSD","2026-09-25 01:29:01.106Z",1.13775,1.13781
"exness","EURUSD","2026-09-25 01:29:03.723Z",1.13774,1.1378
"exness","EURUSD","2026-09-25 01:29:05.151Z",1.13775,1.13781
"exness","EURUSD","2026-09-25 01:29:12.459Z",1.13773,1.13779
"exness","EURUSD","2026-09-25 01:29:13.993Z",1.13774,1.1378
"exness","EURUSD","2026-09-25 01:29:28.086Z",1.13775,1.13781
"exness","EURUSD","2026-09-25 01:29:30.436Z",1.13774,1.1378
"exness","EURUSD","2026-09-25 01:29:32.530Z",1.13772,1.13778
"exness","EURUSD","2026-09-25 01:29:33.846Z",1.13775,1.13781
"exness","EURUSD","2026-09-25 01:29:35.181Z",1.13773,1.13779
"exness","EURUSD","2026-09-25 01:29:36.283Z",1.13771,1.13777
"exness","EURUSD","2026-09-25 01:29:40.929Z",1.1377,1.13776
"exness","EURUSD","2026-09-25 01:29:42.831Z",1.13768,1.13774
"exness","EURUSD","2026-09-25 01:29:44.820Z",1.13769,1.13775
"exness","EURUSD","2026-09-25 01:29:44.868Z",1.13771,1.13777
"exness","EURUSD","2026-09-25 01:29:46.080Z",1.13772,1.13778
"exness","EURUSD","2026-09-25 01:29:47.575Z",1.13773,1.13779
"exness","EURUSD","2026-09-25 01:29:49.438Z",1.13774,1.1378
"exness","EURUSD","2026-09-25 01:29:50.444Z",1.13773,1.13779
"exness","EURUSD","2026-09-25 01:29:51.453Z",1.13772,1.13778
"exness","EURUSD","2026-09-25 01:29:52.935Z",1.13771,1.13777
"exness","EURUSD","2026-09-25 01:29:58.311Z",1.13772,1.13778
"exness","EURUSD","2026-09-25 01:30:01.398Z",1.1377,1.13776
"exness","EURUSD","2026-09-25 01:30:02.967Z",1.13771,1.13777
"exness","EURUSD","2026-09-25 01:30:05.457Z",1.13772,1.13778
"exness","EURUSD","2026-09-25 01:30:06.968Z",1.13771,1.13777
"exness","EURUSD","2026-09-25 01:30:08.693Z",1.13769,1.13775
"exness","EURUSD","2026-09-25 01:30:08.746Z",1.13768,1.13774
"exness","EURUSD","2026-09-25 01:30:09.944Z",1.13767,1.13773
"exness","EURUSD","2026-09-25 01:30:10.952Z",1.13768,1.13774
"exness","EURUSD","2026-09-25 01:30:12.032Z",1.13769,1.13775
"exness","EURUSD","2026-09-25 01:30:15.942Z",1.13768,1.13774
"exness","EURUSD","2026-09-25 01:30:18.017Z",1.13767,1.13773
"exness","EURUSD","2026-09-25 01:30:18.200Z",1.13765,1.13771
"exness","EURUSD","2026-09-25 01:30:19.174Z",1.13764,1.1377
"exness","EURUSD","2026-09-25 01:30:26.048Z",1.13763,1.13769
"exness","EURUSD","2026-09-25 01:30:28.510Z",1.13762,1.13768
"exness","EURUSD","2026-09-25 01:30:29.968Z",1.13763,1.13769
"exness","EURUSD","2026-09-25 01:30:40.824Z",1.13762,1.13768
"exness","EURUSD","2026-09-25 01:30:47.684Z",1.13763,1.13769
"exness","EURUSD","2026-09-25 01:30:49.435Z",1.1376,1.13766
"exness","EURUSD","2026-09-25 01:30:51.562Z",1.1375899999999999,1.13765
"exness","EURUSD","2026-09-25 01:30:54.367Z",1.1376,1.13766
"exness","EURUSD","2026-09-25 01:30:56.102Z",1.1375899999999999,1.13765
"exness","EURUSD","2026-09-25 01:30:58.701Z",1.13758,1.13764
"exness","EURUSD","2026-09-25 01:31:04.454Z",1.1375899999999999,1.13765
"exness","EURUSD","2026-09-25 01:31:05.474Z",1.1376,1.13766
"exness","EURUSD","2026-09-25 01:31:09.051Z",1.1375899999999999,1.13765
"exness","EURUSD","2026-09-25 01:31:12.427Z",1.13758,1.13764
"exness","EURUSD","2026-09-25 01:31:13.058Z",1.13756,1.13762
"exness","EURUSD","2026-09-25 01:31:13.090Z",1.13755,1.13761
"exness","EURUSD","2026-09-25 01:31:13.701Z",1.13756,1.13762
"exness","EURUSD","2026-09-25 01:31:14.546Z",1.13758,1.13764
"exness","EURUSD","2026-09-25 01:31:15.551Z",1.1375899999999999,1.13765
"exness","EURUSD","2026-09-25 01:31:20.864Z",1.13758,1.13764
"exness","EURUSD","2026-09-25 01:31:23.458Z",1.13756,1.13762
"exness","EURUSD","2026-09-25 01:31:24.668Z",1.13755,1.13761
"exness","EURUSD","2026-09-25 01:31:25.672Z",1.13757,1.13763
"exness","EURUSD","2026-09-25 01:31:26.320Z",1.1375899999999999,1.13765
"exness","EURUSD","2026-09-25 01:31:35.015Z",1.13761,1.13767
"exness","EURUSD","2026-09-25 01:31:36.435Z",1.13762,1.13768
"exness","EURUSD","2026-09-25 01:31:41.789Z",1.13763,1.13769
"exness","EURUSD","2026-09-25 01:31:43.571Z",1.13764,1.1377
"exness","EURUSD","2026-09-25 01:31:46.000Z",1.13763,1.13769
"exness","EURUSD","2026-09-25 01:31:46.393Z",1.13761,1.13767
"exness","EURUSD","2026-09-25 01:31:46.423Z",1.1376,1.13766
"exness","EURUSD","2026-09-25 01:31:49.504Z",1.13761,1.13767
"exness","EURUSD","2026-09-25 01:31:49.794Z",1.13763,1.13769
"exness","EURUSD","2026-09-25 01:31:51.157Z",1.13764,1.1377
"exness","EURUSD","2026-09-25 01:32:01.888Z",1.13763,1.13769
"exness","EURUSD","2026-09-25 01:32:08.436Z",1.13762,1.13768
"exness","EURUSD","2026-09-25 01:32:09.742Z",1.13763,1.13769
"exness","EURUSD","2026-09-25 01:32:16.166Z",1.13764,1.1377
"exness","EURUSD","2026-09-25 01:32:17.751Z",1.13763,1.13769
"exness","EURUSD","2026-09-25 01:32:22.702Z",1.13764,1.1377
"exness","EURUSD","2026-09-25 01:32:31.160Z",1.13763,1.13769
"exness","EURUSD","2026-09-25 01:32:33.082Z",1.13761,1.13767
"exness","EURUSD","2026-09-25 01:32:33.126Z",1.1376,1.13766
"exness","EURUSD","2026-09-25 01:32:33.202Z",1.13758,1.13764
"exness","EURUSD","2026-09-25 01:32:37.587Z",1.1375899999999999,1.13765
"exness","EURUSD","2026-09-25 01:32:39.070Z",1.13757,1.13763
"exness","EURUSD","2026-09-25 01:32:45.771Z",1.13758,1.13764
"exness","EURUSD","2026-09-25 01:32:49.454Z",1.1375899999999999,1.13765
"exness","EURUSD","2026-09-25 01:32:50.460Z",1.13758,1.13764
"exness","EURUSD","2026-09-25 01:32:53.623Z",1.13756,1.13762
"exness","EURUSD","2026-09-25 01:32:55.361Z",1.13757,1.13763
"exness","EURUSD","2026-09-25 01:33:01.270Z",1.13758,1.13764
"exness","EURUSD","2026-09-25 01:33:06.040Z",1.13757,1.13763
"exness","EURUSD","2026-09-25 01:33:08.266Z",1.13758,1.13764
"exness","EURUSD","2026-09-25 01:33:17.593Z",1.1375899999999999,1.13765
"exness","EURUSD","2026-09-25 01:33:19.730Z",1.13758,1.13764
"exness","EURUSD","2026-09-25 01:33:19.746Z",1.13756,1.13762
"exness","EURUSD","2026-09-25 01:33:19.780Z",1.13754,1.1376
"exness","EURUSD","2026-09-25 01:33:19.917Z",1.13753,1.1375899999999999
"exness","EURUSD","2026-09-25 01:33:22.841Z",1.13752,1.13758
"exness","EURUSD","2026-09-25 01:33:23.901Z",1.13754,1.1376
"exness","EURUSD","2026-09-25 01:33:34.013Z",1.13753,1.1375899999999999
"exness","EURUSD","2026-09-25 01:33:34.114Z",1.13756,1.13762
"exness","EURUSD","2026-09-25 01:33:37.231Z",1.13755,1.13761
"exness","EURUSD","2026-09-25 01:33:40.250Z",1.13756,1.13762
"exness","EURUSD","2026-09-25 01:33:41.285Z",1.13755,1.13761
"exness","EURUSD","2026-09-25 01:33:44.961Z",1.13756,1.13762
"exness","EURUSD","2026-09-25 01:33:46.028Z",1.13755,1.13761
"exness","EURUSD","2026-09-25 01:33:47.049Z",1.13756,1.13762
"exness","EURUSD","2026-09-25 01:33:48.134Z",1.13755,1.13761
"exness","EURUSD","2026-09-25 01:33:49.197Z",1.13756,1.13762
"exness","EURUSD","2026-09-25 01:33:52.618Z",1.13758,1.13764
"exness","EURUSD","2026-09-25 01:33:53.267Z",1.1375899999999999,1.13765
"exness","EURUSD","2026-09-25 01:33:55.161Z",1.13758,1.13764
"exness","EURUSD","2026-09-25 01:33:55.751Z",1.13755,1.13761
"exness","EURUSD","2026-09-25 01:33:56.994Z",1.13754,1.1376
"exness","EURUSD","2026-09-25 01:34:00.154Z",1.13753,1.1375899999999999
"exness","EURUSD","2026-09-25 01:34:02.629Z",1.13754,1.1376
"exness","EURUSD","2026-09-25 01:34:04.649Z",1.13752,1.13758
"exness","EURUSD","2026-09-25 01:34:09.286Z",1.13753,1.1375899999999999
"exness","EURUSD","2026-09-25 01:34:10.738Z",1.13752,1.13758
"exness","EURUSD","2026-09-25 01:34:17.236Z",1.13754,1.1376
"exness","EURUSD","2026-09-25 01:34:18.376Z",1.13753,1.1375899999999999
"exness","EURUSD","2026-09-25 01:34:28.970Z",1.1375,1.13756
"exness","EURUSD","2026-09-25 01:34:30.084Z",1.1374900000000001,1.13755
"exness","EURUSD","2026-09-25 01:34:31.450Z",1.1375,1.13756
"exness","EURUSD","2026-09-25 01:34:34.977Z",1.13751,1.13757
"exness","EURUSD","2026-09-25 01:34:56.002Z",1.1375,1.13756
"exness","EURUSD","2026-09-25 01:34:58.129Z",1.13752,1.13758
"exness","EURUSD","2026-09-25 01:35:04.376Z",1.1375,1.13756
"exness","EURUSD","2026-09-25 01:35:06.611Z",1.1374900000000001,1.13755
"exness","EURUSD","2026-09-25 01:35:12.660Z",1.13752,1.13758
"exness","EURUSD","2026-09-25 01:35:19.024Z",1.13754,1.1376
"exness","EURUSD","2026-09-25 01:35:19.057Z",1.13756,1.13762
"exness","EURUSD","2026-09-25 01:35:21.314Z",1.13752,1.13758
"exness","EURUSD","2026-09-25 01:35:26.881Z",1.13751,1.13757
"exness","EURUSD","2026-09-25 01:35:34.197Z",1.13752,1.13758
"exness","EURUSD","2026-09-25 01:35:36.426Z",1.13754,1.1376
"exness","EURUSD","2026-09-25 01:35:36.525Z",1.13755,1.13761
"exness","EURUSD","2026-09-25 01:35:37.763Z",1.13756,1.13762
"exness","EURUSD","2026-09-25 01:35:38.298Z",1.13758,1.13764
"exness","EURUSD","2026-09-25 01:35:38.307Z",1.1375899999999999,1.13765
"exness","EURUSD","2026-09-25 01:35:38.364Z",1.1376,1.13766
"exness","EURUSD","2026-09-25 01:35:41.577Z",1.1375899999999999,1.13765
"exness","EURUSD","2026-09-25 01:35:42.960Z",1.1376,1.13766
"exness","EURUSD","2026-09-25 01:35:51.086Z",1.13761,1.13767
"exness","EURUSD","2026-09-25 01:35:55.712Z",1.13763,1.13769
"exness","EURUSD","2026-09-25 01:35:56.799Z",1.13765,1.13771
"exness","EURUSD","2026-09-25 01:36:00.734Z",1.13767,1.13773
"exness","EURUSD","2026-09-25 01:36:04.868Z",1.13765,1.13771
"exness","EURUSD","2026-09-25 01:36:06.062Z",1.13764,1.1377
"exness","EURUSD","2026-09-25 01:36:07.238Z",1.13765,1.13771
"exness","EURUSD","2026-09-25 01:36:08.458Z",1.13766,1.13772
"exness","EURUSD","2026-09-25 01:36:09.709Z",1.13765,1.13771
"exness","EURUSD","2026-09-25 01:36:12.873Z",1.13766,1.13772
"exness","EURUSD","2026-09-25 01:36:14.877Z",1.13765,1.13771
"exness","EURUSD","2026-09-25 01:36:26.608Z",1.13766,1.13772
"exness","EURUSD","2026-09-25 01:36:27.632Z",1.13767,1.13773
"exness","EURUSD","2026-09-25 01:36:33.021Z",1.13765,1.13771
"exness","EURUSD","2026-09-25 01:36:34.100Z",1.13766,1.13772
"exness","EURUSD","2026-09-25 01:36:35.055Z",1.13764,1.1377
"exness","EURUSD","2026-09-25 01:36:40.113Z",1.13765,1.13771
"exness","EURUSD","2026-09-25 01:36:47.395Z",1.13763,1.13769
"exness","EURUSD","2026-09-25 01:36:54.275Z",1.13764,1.1377
"exness","EURUSD","2026-09-25 01:36:55.348Z",1.13763,1.13769
"exness","EURUSD","2026-09-25 01:37:02.328Z",1.13766,1.13772
"exness","EURUSD","2026-09-25 01:37:06.484Z",1.13767,1.13773
"exness","EURUSD","2026-09-25 01:37:10.309Z",1.13766,1.13772
"exness","EURUSD","2026-09-25 01:37:13.661Z",1.13767,1.13773
"exness","EURUSD","2026-09-25 01:37:14.795Z",1.13766,1.13772
"exness","EURUSD","2026-09-25 01:37:16.816Z",1.13765,1.13771
"exness","EURUSD","2026-09-25 01:37:18.073Z",1.13767,1.13773
"exness","EURUSD","2026-09-25 01:37:23.413Z",1.13766,1.13772
"exness","EURUSD","2026-09-25 01:37:25.359Z",1.13768,1.13774
"exness","EURUSD","2026-09-25 01:37:27.493Z",1.13767,1.13773
"exness","EURUSD","2026-09-25 01:37:31.268Z",1.13768,1.13774
"exness","EURUSD","2026-09-25 01:37:37.481Z",1.13767,1.13773
"exness","EURUSD","2026-09-25 01:37:42.765Z",1.13768,1.13774
"exness","EURUSD","2026-09-25 01:37:59.591Z",1.1377,1.13776
"exness","EURUSD","2026-09-25 01:37:59.612Z",1.13772,1.13778
"exness","EURUSD","2026-09-25 01:38:01.303Z",1.13771,1.13777
"exness","EURUSD","2026-09-25 01:38:03.027Z",1.1377,1.13776
"exness","EURUSD","2026-09-25 01:38:04.168Z",1.13771,1.13777
"exness","EURUSD","2026-09-25 01:38:13.010Z",1.13773,1.13779
"exness","EURUSD","2026-09-25 01:38:16.775Z",1.13772,1.13778
"exness","EURUSD","2026-09-25 01:38:19.781Z",1.13771,1.13777
"exness","EURUSD","2026-09-25 01:38:26.993Z",1.1377,1.13776
"exness","EURUSD","2026-09-25 01:38:33.141Z",1.13772,1.13778
"exness","EURUSD","2026-09-25 01:38:41.991Z",1.13773,1.13779
"exness","EURUSD","2026-09-25 01:38:43.283Z",1.13772,1.13778
"exness","EURUSD","2026-09-25 01:38:50.336Z",1.13773,1.13779
"exness","EURUSD","2026-09-25 01:38:50.358Z",1.13775,1.13781
"exness","EURUSD","2026-09-25 01:39:00.350Z",1.13774,1.1378
"exness","EURUSD","2026-09-25 01:39:03.747Z",1.13775,1.13781
"exness","EURUSD","2026-09-25 01:39:11.428Z",1.13773,1.13779
"exness","EURUSD","2026-09-25 01:39:14.394Z",1.13774,1.1378
"exness","EURUSD","2026-09-25 01:39:18.957Z",1.13775,1.13781
"exness","EURUSD","2026-09-25 01:39:26.715Z",1.13776,1.13782
"exness","EURUSD","2026-09-25 01:39:29.599Z",1.13777,1.1378300000000001
"exness","EURUSD","2026-09-25 01:39:32.122Z",1.13776,1.13782
"exness","EURUSD","2026-09-25 01:39:33.412Z",1.13774,1.1378
"exness","EURUSD","2026-09-25 01:39:35.242Z",1.13775,1.13781
"exness","EURUSD","2026-09-25 01:39:36.446Z",1.13774,1.1378
"exness","EURUSD","2026-09-25 01:39:38.298Z",1.13775,1.13781
"exness","EURUSD","2026-09-25 01:39:42.048Z",1.13774,1.1378
"exness","EURUSD","2026-09-25 01:39:43.351Z",1.13775,1.13781
"exness","EURUSD","2026-09-25 01:39:44.969Z",1.13774,1.1378
"exness","EURUSD","2026-09-25 01:39:46.090Z",1.13773,1.13779
"exness","EURUSD","2026-09-25 01:39:48.164Z",1.13771,1.13777
"exness","EURUSD","2026-09-25 01:39:48.594Z",1.13769,1.13775
"exness","EURUSD","2026-09-25 01:39:50.684Z",1.1377,1.13776
"exness","EURUSD","2026-09-25 01:39:53.403Z",1.13772,1.13778
"exness","EURUSD","2026-09-25 01:39:54.486Z",1.13773,1.13779
"exness","EURUSD","2026-09-25 01:39:56.630Z",1.13775,1.13781
"exness","EURUSD","2026-09-25 01:39:57.679Z",1.13774,1.1378
"exness","EURUSD","2026-09-25 01:39:58.692Z",1.13775,1.13781
"exness","EURUSD","2026-09-25 01:39:59.698Z",1.13774,1.1378
"exness","EURUSD","2026-09-25 01:40:04.935Z",1.13775,1.13781
"exness","EURUSD","2026-09-25 01:40:04.982Z",1.13773,1.13779
"exness","EURUSD","2026-09-25 01:40:06.011Z",1.13772,1.13778
"exness","EURUSD","2026-09-25 01:40:10.427Z",1.13771,1.13777
"exness","EURUSD","2026-09-25 01:40:13.532Z",1.13772,1.13778
"exness","EURUSD","2026-09-25 01:40:21.519Z",1.13773,1.13779
"exness","EURUSD","2026-09-25 01:40:22.333Z",1.1377,1.13776
"exness","EURUSD","2026-09-25 01:40:24.931Z",1.13769,1.13775
"exness","EURUSD","2026-09-25 01:40:29.725Z",1.1377,1.13776
"exness","EURUSD","2026-09-25 01:40:37.604Z",1.13771,1.13777
"exness","EURUSD","2026-09-25 01:40:42.484Z",1.1377,1.13776
"exness","EURUSD","2026-09-25 01:40:43.237Z",1.13768,1.13774
"exness","EURUSD","2026-09-25 01:40:43.391Z",1.13767,1.13773
"exness","EURUSD","2026-09-25 01:40:44.470Z",1.13766,1.13772
"exness","EURUSD","2026-09-25 01:40:45.592Z",1.13767,1.13773
"exness","EURUSD","2026-09-25 01:40:47.390Z",1.13766,1.13772
"exness","EURUSD","2026-09-25 01:40:48.647Z",1.13767,1.13773
"exness","EURUSD","2026-09-25 01:40:52.654Z",1.13768,1.13774
"exness","EURUSD","2026-09-25 01:40:57.524Z",1.13767,1.13773
"exness","EURUSD","2026-09-25 01:41:02.552Z",1.13769,1.13775
"exness","EURUSD","2026-09-25 01:41:04.857Z",1.13768,1.13774
"exness","EURUSD","2026-09-25 01:41:07.054Z",1.1377,1.13776
"exness","EURUSD","2026-09-25 01:41:08.147Z",1.13769,1.13775
"exness","EURUSD","2026-09-25 01:41:08.629Z",1.13767,1.13773
"exness","EURUSD","2026-09-25 01:41:09.817Z",1.13766,1.13772
"exness","EURUSD","2026-09-25 01:41:17.169Z",1.13768,1.13774
"exness","EURUSD","2026-09-25 01:41:20.089Z",1.13767,1.13773
"exness","EURUSD","2026-09-25 01:41:21.427Z",1.13766,1.13772
"exness","EURUSD","2026-09-25 01:41:24.788Z",1.13764,1.1377
"exness","EURUSD","2026-09-25 01:41:26.656Z",1.13767,1.13773
"exness","EURUSD","2026-09-25 01:41:41.673Z",1.13766,1.13772
"exness","EURUSD","2026-09-25 01:41:49.863Z",1.13768,1.13774
"exness","EURUSD","2026-09-25 01:41:52.210Z",1.13767,1.13773
"exness","EURUSD","2026-09-25 01:41:56.118Z",1.13768,1.13774
"exness","EURUSD","2026-09-25 01:42:02.506Z",1.13767,1.13773
"exness","EURUSD","2026-09-25 01:42:03.511Z",1.13769,1.13775
"exness","EURUSD","2026-09-25 01:42:05.554Z",1.13768,1.13774
"exness","EURUSD","2026-09-25 01:42:06.758Z",1.13769,1.13775
"exness","EURUSD","2026-09-25 01:42:07.948Z",1.1377,1.13776
"exness","EURUSD","2026-09-25 01:42:09.434Z",1.13769,1.13775
"exness","EURUSD","2026-09-25 01:42:10.751Z",1.13768,1.13774
"exness","EURUSD","2026-09-25 01:42:13.344Z",1.13769,1.13775
"exness","EURUSD","2026-09-25 01:42:18.681Z",1.13768,1.13774
"exness","EURUSD","2026-09-25 01:42:25.735Z",1.1377,1.13776
"exness","EURUSD","2026-09-25 01:42:32.211Z",1.13769,1.13775
"exness","EURUSD","2026-09-25 01:42:36.152Z",1.1377,1.13776
"exness","EURUSD","2026-09-25 01:42:38.174Z",1.13769,1.13775
"exness","EURUSD","2026-09-25 01:42:38.354Z",1.13767,1.13773
"exness","EURUSD","2026-09-25 01:42:38.402Z",1.13765,1.13771
"exness","EURUSD","2026-09-25 01:42:40.628Z",1.13764,1.1377
"exness","EURUSD","2026-09-25 01:42:42.349Z",1.13765,1.13771
"exness","EURUSD","2026-09-25 01:42:49.193Z",1.13764,1.1377
"exness","EURUSD","2026-09-25 01:42:55.415Z",1.13763,1.13769
"exness","EURUSD","2026-09-25 01:42:59.346Z",1.13764,1.1377
"exness","EURUSD","2026-09-25 01:43:05.966Z",1.13766,1.13772
"exness","EURUSD","2026-09-25 01:43:08.298Z",1.13765,1.13771
"exness","EURUSD","2026-09-25 01:43:10.473Z",1.13766,1.13772
"exness","EURUSD","2026-09-25 01:43:11.977Z",1.13765,1.13771
"exness","EURUSD","2026-09-25 01:43:14.382Z",1.13766,1.13772
"exness","EURUSD","2026-09-25 01:43:16.676Z",1.13764,1.1377
"exness","EURUSD","2026-09-25 01:43:18.279Z",1.13765,1.13771
"exness","EURUSD","2026-09-25 01:43:20.926Z",1.13767,1.13773
"exness","EURUSD","2026-09-25 01:43:22.113Z",1.13766,1.13772
"exness","EURUSD","2026-09-25 01:43:27.632Z",1.13765,1.13771
"exness","EURUSD","2026-09-25 01:43:33.347Z",1.13766,1.13772
"exness","EURUSD","2026-09-25 01:43:38.567Z",1.13767,1.13773
"exness","EURUSD","2026-09-25 01:43:40.449Z",1.13769,1.13775
"exness","EURUSD","2026-09-25 01:43:46.791Z",1.13768,1.13774
"exness","EURUSD","2026-09-25 01:43:49.999Z",1.13769,1.13775
"exness","EURUSD","2026-09-25 01:43:53.471Z",1.13768,1.13774
"exness","EURUSD","2026-09-25 01:43:59.167Z",1.13767,1.13773
"exness","EURUSD","2026-09-25 01:44:05.225Z",1.13768,1.13774
"exness","EURUSD","2026-09-25 01:44:06.595Z",1.13767,1.13773
"exness","EURUSD","2026-09-25 01:44:11.163Z",1.13766,1.13772
"exness","EURUSD","2026-09-25 01:44:23.662Z",1.13765,1.13771
"exness","EURUSD","2026-09-25 01:44:24.686Z",1.13766,1.13772
"exness","EURUSD","2026-09-25 01:44:25.403Z",1.13764,1.1377
"exness","EURUSD","2026-09-25 01:44:26.496Z",1.13763,1.13769
"exness","EURUSD","2026-09-25 01:44:27.896Z",1.13764,1.1377
"exness","EURUSD","2026-09-25 01:44:34.010Z",1.13762,1.13768
"exness","EURUSD","2026-09-25 01:44:35.126Z",1.13761,1.13767
"exness","EURUSD","2026-09-25 01:44:37.896Z",1.13762,1.13768
"exness","EURUSD","2026-09-25 01:44:38.114Z",1.1375899999999999,1.13765
"exness","EURUSD","2026-09-25 01:44:38.277Z",1.13758,1.13764
"exness","EURUSD","2026-09-25 01:44:40.701Z",1.13756,1.13762
"exness","EURUSD","2026-09-25 01:44:43.972Z",1.13757,1.13763
"exness","EURUSD","2026-09-25 01:44:44.307Z",1.13755,1.13761
"exness","EURUSD","2026-09-25 01:44:45.799Z",1.13754,1.1376
"exness","EURUSD","2026-09-25 01:44:54.864Z",1.13753,1.1375899999999999
"exness","EURUSD","2026-09-25 01:44:59.031Z",1.13751,1.13757
"exness","EURUSD","2026-09-25 01:45:01.164Z",1.13752,1.13758
"exness","EURUSD","2026-09-25 01:45:02.417Z",1.13753,1.1375899999999999
"exness","EURUSD","2026-09-25 01:45:03.532Z",1.13752,1.13758
"exness","EURUSD","2026-09-25 01:45:04.617Z",1.13753,1.1375899999999999
"exness","EURUSD","2026-09-25 01:45:09.054Z",1.13752,1.13758
"exness","EURUSD","2026-09-25 01:45:13.861Z",1.13753,1.1375899999999999
"exness","EURUSD","2026-09-25 01:45:14.115Z",1.13755,1.13761
"exness","EURUSD","2026-09-25 01:45:15.773Z",1.13756,1.13762
"exness","EURUSD","2026-09-25 01:45:17.866Z",1.13755,1.13761
"exness","EURUSD","2026-09-25 01:45:27.838Z",1.13752,1.13758
"exness","EURUSD","2026-09-25 01:45:36.912Z",1.13754,1.1376
"exness","EURUSD","2026-09-25 01:45:43.235Z",1.13753,1.1375899999999999
"exness","EURUSD","2026-09-25 01:45:48.302Z",1.13752,1.13758
"exness","EURUSD","2026-09-25 01:45:53.520Z",1.13751,1.13757
"exness","EURUSD","2026-09-25 01:45:54.641Z",1.13752,1.13758
"exness","EURUSD","2026-09-25 01:45:55.911Z",1.13751,1.13757
"exness","EURUSD","2026-09-25 01:45:57.554Z",1.13753,1.1375899999999999
"exness","EURUSD","2026-09-25 01:45:58.764Z",1.13754,1.1376
"exness","EURUSD","2026-09-25 01:45:59.808Z",1.13753,1.1375899999999999
"exness","EURUSD","2026-09-25 01:46:09.097Z",1.13754,1.1376
"exness","EURUSD","2026-09-25 01:46:10.858Z",1.13753,1.1375899999999999
"exness","EURUSD","2026-09-25 01:46:13.121Z",1.13754,1.1376
"exness","EURUSD","2026-09-25 01:46:39.785Z",1.13753,1.1375899999999999
"exness","EURUSD","2026-09-25 01:46:41.029Z",1.13751,1.13757
"exness","EURUSD","2026-09-25 01:46:43.042Z",1.1374900000000001,1.13755
"exness","EURUSD","2026-09-25 01:46:43.150Z",1.13748,1.13754
"exness","EURUSD","2026-09-25 01:46:43.173Z",1.13747,1.13753
"exness","EURUSD","2026-09-25 01:46:44.214Z",1.1374900000000001,1.13755
"exness","EURUSD","2026-09-25 01:46:46.629Z",1.13748,1.13754
"exness","EURUSD","2026-09-25 01:46:49.241Z",1.13747,1.13753
"exness","EURUSD","2026-09-25 01:46:50.577Z",1.13746,1.13752
"exness","EURUSD","2026-09-25 01:46:51.838Z",1.13745,1.13751
"exness","EURUSD","2026-09-25 01:46:52.916Z",1.13746,1.13752
"exness","EURUSD","2026-09-25 01:46:57.080Z",1.13744,1.1375
"exness","EURUSD","2026-09-25 01:46:57.095Z",1.13742,1.13748
"exness","EURUSD","2026-09-25 01:46:57.121Z",1.13741,1.13747
"exness","EURUSD","2026-09-25 01:46:58.306Z",1.13742,1.13748
"exness","EURUSD","2026-09-25 01:46:59.899Z",1.13743,1.1374900000000001
"exness","EURUSD","2026-09-25 01:47:00.908Z",1.13744,1.1375
"exness","EURUSD","2026-09-25 01:47:09.546Z",1.13746,1.13752
"exness","EURUSD","2026-09-25 01:47:10.661Z",1.13745,1.13751
"exness","EURUSD","2026-09-25 01:47:12.309Z",1.13744,1.1375
"exness","EURUSD","2026-09-25 01:47:16.374Z",1.13746,1.13752
"exness","EURUSD","2026-09-25 01:47:16.396Z",1.13747,1.13753
"exness","EURUSD","2026-09-25 01:47:16.465Z",1.1374900000000001,1.13755
"exness","EURUSD","2026-09-25 01:47:17.809Z",1.13746,1.13752
"exness","EURUSD","2026-09-25 01:47:21.566Z",1.13747,1.13753
"exness","EURUSD","2026-09-25 01:47:28.296Z",1.13745,1.13751
"exness","EURUSD","2026-09-25 01:47:29.640Z",1.13747,1.13753
"exness","EURUSD","2026-09-25 01:47:34.050Z",1.13746,1.13752
"exness","EURUSD","2026-09-25 01:47:35.057Z",1.13747,1.13753
"exness","EURUSD","2026-09-25 01:47:37.102Z",1.13746,1.13752
"exness","EURUSD","2026-09-25 01:47:38.716Z",1.13744,1.1375
"exness","EURUSD","2026-09-25 01:47:46.128Z",1.13745,1.13751
"exness","EURUSD","2026-09-25 01:47:47.143Z",1.13743,1.1374900000000001
"exness","EURUSD","2026-09-25 01:47:47.585Z",1.13746,1.13752
"exness","EURUSD","2026-09-25 01:47:48.605Z",1.13745,1.13751
"exness","EURUSD","2026-09-25 01:47:48.823Z",1.13743,1.1374900000000001
"exness","EURUSD","2026-09-25 01:47:49.328Z",1.13745,1.13751
"exness","EURUSD","2026-09-25 01:47:50.235Z",1.13747,1.13753
"exness","EURUSD","2026-09-25 01:47:50.345Z",1.13748,1.13754
"exness","EURUSD","2026-09-25 01:47:50.378Z",1.1375,1.13756
"exness","EURUSD","2026-09-25 01:47:50.557Z",1.13751,1.13757
"exness","EURUSD","2026-09-25 01:47:52.930Z",1.1375,1.13756
"exness","EURUSD","2026-09-25 01:48:00.418Z",1.13751,1.13757
"exness","EURUSD","2026-09-25 01:48:02.410Z",1.1375,1.13756
"exness","EURUSD","2026-09-25 01:48:10.345Z",1.1374900000000001,1.13755
"exness","EURUSD","2026-09-25 01:48:12.609Z",1.13748,1.13754
"exness","EURUSD","2026-09-25 01:48:14.787Z",1.1374900000000001,1.13755
"exness","EURUSD","2026-09-25 01:48:17.913Z",1.13748,1.13754
"exness","EURUSD","2026-09-25 01:48:18.989Z",1.13747,1.13753
"exness","EURUSD","2026-09-25 01:48:28.620Z",1.13746,1.13752
"exness","EURUSD","2026-09-25 01:48:36.649Z",1.13747,1.13753
"exness","EURUSD","2026-09-25 01:48:40.217Z",1.13746,1.13752
"exness","EURUSD","2026-09-25 01:48:41.264Z",1.13747,1.13753
"exness","EURUSD","2026-09-25 01:48:42.684Z",1.13748,1.13754
"exness","EURUSD","2026-09-25 01:48:47.079Z",1.1374900000000001,1.13755
"exness","EURUSD","2026-09-25 01:48:54.689Z",1.1375,1.13756
"exness","EURUSD","2026-09-25 01:48:55.774Z",1.13748,1.13754
"exness","EURUSD","2026-09-25 01:48:58.994Z",1.13747,1.13753
"exness","EURUSD","2026-09-25 01:49:00.406Z",1.13748,1.13754
"exness","EURUSD","2026-09-25 01:49:01.957Z",1.1374900000000001,1.13755
"exness","EURUSD","2026-09-25 01:49:03.121Z",1.1375,1.13756
"exness","EURUSD","2026-09-25 01:49:03.148Z",1.13752,1.13758
"exness","EURUSD","2026-09-25 01:49:04.169Z",1.1375,1.13756
"exness","EURUSD","2026-09-25 01:49:05.319Z",1.13752,1.13758
"exness","EURUSD","2026-09-25 01:49:17.365Z",1.13753,1.1375899999999999
"exness","EURUSD","2026-09-25 01:49:23.567Z",1.13752,1.13758
"exness","EURUSD","2026-09-25 01:49:27.160Z",1.13753,1.1375899999999999
"exness","EURUSD","2026-09-25 01:49:31.182Z",1.13752,1.13758
"exness","EURUSD","2026-09-25 01:49:34.765Z",1.1375,1.13756
"exness","EURUSD","2026-09-25 01:49:35.810Z",1.13752,1.13758
"exness","EURUSD","2026-09-25 01:49:42.355Z",1.13753,1.1375899999999999
"exness","EURUSD","2026-09-25 01:49:50.839Z",1.13751,1.13757
"exness","EURUSD","2026-09-25 01:49:52.101Z",1.13752,1.13758
"exness","EURUSD","2026-09-25 01:49:53.103Z",1.13753,1.1375899999999999
"exness","EURUSD","2026-09-25 01:50:06.034Z",1.13752,1.13758
"exness","EURUSD","2026-09-25 01:50:08.233Z",1.13753,1.1375899999999999
"exness","EURUSD","2026-09-25 01:50:09.810Z",1.13752,1.13758
"exness","EURUSD","2026-09-25 01:50:10.147Z",1.1375,1.13756
"exness","EURUSD","2026-09-25 01:50:19.703Z",1.1374900000000001,1.13755
"exness","EURUSD","2026-09-25 01:50:20.133Z",1.13751,1.13757
"exness","EURUSD","2026-09-25 01:50:23.916Z",1.1375,1.13756
"exness","EURUSD","2026-09-25 01:50:25.093Z",1.1374900000000001,1.13755
"exness","EURUSD","2026-09-25 01:50:26.180Z",1.1375,1.13756
"exness","EURUSD","2026-09-25 01:50:28.356Z",1.13752,1.13758
"exness","EURUSD","2026-09-25 01:50:32.076Z",1.13753,1.1375899999999999
"exness","EURUSD","2026-09-25 01:50:34.996Z",1.13751,1.13757
"exness","EURUSD","2026-09-25 01:50:37.116Z",1.13752,1.13758
"exness","EURUSD","2026-09-25 01:50:38.295Z",1.13751,1.13757
"exness","EURUSD","2026-09-25 01:50:39.397Z",1.13752,1.13758
"exness","EURUSD","2026-09-25 01:50:40.604Z",1.13751,1.13757
"exness","EURUSD","2026-09-25 01:50:44.107Z",1.1375,1.13756
"exness","EURUSD","2026-09-25 01:50:46.763Z",1.13751,1.13757
"exness","EURUSD","2026-09-25 01:50:47.646Z",1.13753,1.1375899999999999
"exness","EURUSD","2026-09-25 01:50:48.946Z",1.13752,1.13758
"exness","EURUSD","2026-09-25 01:50:55.960Z",1.13753,1.1375899999999999
"exness","EURUSD","2026-09-25 01:51:00.917Z",1.13752,1.13758
"exness","EURUSD","2026-09-25 01:51:11.414Z",1.13751,1.13757
"exness","EURUSD","2026-09-25 01:51:12.678Z",1.1375,1.13756
"exness","EURUSD","2026-09-25 01:51:15.438Z",1.13751,1.13757
"exness","EURUSD","2026-09-25 01:51:21.583Z",1.1374900000000001,1.13755
"exness","EURUSD","2026-09-25 01:51:23.269Z",1.1375,1.13756
"exness","EURUSD","2026-09-25 01:51:30.394Z",1.13748,1.13754
"exness","EURUSD","2026-09-25 01:51:31.423Z",1.1374900000000001,1.13755
"exness","EURUSD","2026-09-25 01:51:37.579Z",1.13747,1.13753
"exness","EURUSD","2026-09-25 01:51:39.154Z",1.13748,1.13754
"exness","EURUSD","2026-09-25 01:51:40.296Z",1.1374900000000001,1.13755
"exness","EURUSD","2026-09-25 01:51:42.729Z",1.13748,1.13754
"exness","EURUSD","2026-09-25 01:51:44.080Z",1.1374900000000001,1.13755
"exness","EURUSD","2026-09-25 01:51:45.481Z",1.13747,1.13753
"exness","EURUSD","2026-09-25 01:51:45.512Z",1.13745,1.13751
"exness","EURUSD","2026-09-25 01:51:46.584Z",1.13744,1.1375
"exness","EURUSD","2026-09-25 01:51:48.106Z",1.13745,1.13751
"exness","EURUSD","2026-09-25 01:51:52.544Z",1.13744,1.1375
"exness","EURUSD","2026-09-25 01:51:53.697Z",1.13745,1.13751
"exness","EURUSD","2026-09-25 01:51:54.816Z",1.13744,1.1375
"exness","EURUSD","2026-09-25 01:51:55.690Z",1.13742,1.13748
"exness","EURUSD","2026-09-25 01:51:59.123Z",1.13743,1.1374900000000001
"exness","EURUSD","2026-09-25 01:52:00.133Z",1.13744,1.1375
"exness","EURUSD","2026-09-25 01:52:01.320Z",1.13745,1.13751
"exness","EURUSD","2026-09-25 01:52:04.107Z",1.13744,1.1375
"exness","EURUSD","2026-09-25 01:52:08.044Z",1.13745,1.13751
"exness","EURUSD","2026-09-25 01:52:12.330Z",1.13746,1.13752
"exness","EURUSD","2026-09-25 01:52:15.644Z",1.13745,1.13751
"exness","EURUSD","2026-09-25 01:52:22.317Z",1.13744,1.1375
"exness","EURUSD","2026-09-25 01:52:25.447Z",1.13743,1.1374900000000001
"exness","EURUSD","2026-09-25 01:52:26.527Z",1.13744,1.1375
"exness","EURUSD","2026-09-25 01:52:27.930Z",1.13745,1.13751
"exness","EURUSD","2026-09-25 01:52:30.053Z",1.13744,1.1375
"exness","EURUSD","2026-09-25 01:52:34.959Z",1.13743,1.1374900000000001
"exness","EURUSD","2026-09-25 01:52:36.043Z",1.13744,1.1375
"exness","EURUSD","2026-09-25 01:52:37.054Z",1.13742,1.13748
"exness","EURUSD","2026-09-25 01:52:39.107Z",1.13744,1.1375
"exness","EURUSD","2026-09-25 01:52:42.421Z",1.13745,1.13751
"exness","EURUSD","2026-09-25 01:52:43.657Z",1.13746,1.13752
"exness","EURUSD","2026-09-25 01:52:44.837Z",1.13745,1.13751
"exness","EURUSD","2026-09-25 01:52:55.010Z",1.13744,1.1375
"exness","EURUSD","2026-09-25 01:52:56.758Z",1.13745,1.13751
"exness","EURUSD","2026-09-25 01:53:01.703Z",1.13744,1.1375
"exness","EURUSD","2026-09-25 01:53:05.097Z",1.13745,1.13751
"exness","EURUSD","2026-09-25 01:53:13.085Z",1.13744,1.1375
"exness","EURUSD","2026-09-25 01:53:14.433Z",1.13745,1.13751
"exness","EURUSD","2026-09-25 01:53:26.958Z",1.13746,1.13752
"exness","EURUSD","2026-09-25 01:53:31.072Z",1.13745,1.13751
"exness","EURUSD","2026-09-25 01:53:36.286Z",1.13746,1.13752
"exness","EURUSD","2026-09-25 01:53:40.714Z",1.13748,1.13754
"exness","EURUSD","2026-09-25 01:53:40.773Z",1.1374900000000001,1.13755
"exness","EURUSD","2026-09-25 01:53:45.283Z",1.13748,1.13754
"exness","EURUSD","2026-09-25 01:53:47.473Z",1.1375,1.13756
"exness","EURUSD","2026-09-25 01:53:53.070Z",1.1374900000000001,1.13755
"exness","EURUSD","2026-09-25 01:54:02.107Z",1.1375,1.13756
"exness","EURUSD","2026-09-25 01:54:23.878Z",1.13748,1.13754
"exness","EURUSD","2026-09-25 01:54:24.773Z",1.13746,1.13752
"exness","EURUSD","2026-09-25 01:54:24.883Z",1.1374900000000001,1.13755
"exness","EURUSD","2026-09-25 01:54:26.048Z",1.1375,1.13756
"exness","EURUSD","2026-09-25 01:54:37.316Z",1.1374900000000001,1.13755
"exness","EURUSD","2026-09-25 01:54:38.510Z",1.1375,1.13756
"exness","EURUSD","2026-09-25 01:54:45.721Z",1.1374900000000001,1.13755
"exness","EURUSD","2026-09-25 01:54:48.800Z",1.1375,1.13756
"exness","EURUSD","2026-09-25 01:54:50.032Z",1.1374900000000001,1.13755
"exness","EURUSD","2026-09-25 01:54:54.798Z",1.13748,1.13754
"exness","EURUSD","2026-09-25 01:54:59.696Z",1.1374900000000001,1.13755
"exness","EURUSD","2026-09-25 01:55:00.958Z",1.13748,1.13754
"exness","EURUSD","2026-09-25 01:55:05.719Z",1.13746,1.13752
"exness","EURUSD","2026-09-25 01:55:05.994Z",1.13744,1.1375
"exness","EURUSD","2026-09-25 01:55:08.766Z",1.13745,1.13751
"exness","EURUSD","2026-09-25 01:55:34.978Z",1.13744,1.1375
"exness","EURUSD","2026-09-25 01:55:42.327Z",1.13743,1.1374900000000001
"exness","EURUSD","2026-09-25 01:55:43.806Z",1.13745,1.13751
"exness","EURUSD","2026-09-25 01:55:53.076Z",1.13747,1.13753
"exness","EURUSD","2026-09-25 01:55:53.121Z",1.13748,1.13754
"exness","EURUSD","2026-09-25 01:55:54.143Z",1.1374900000000001,1.13755
"exness","EURUSD","2026-09-25 01:55:55.151Z",1.13747,1.13753
"exness","EURUSD","2026-09-25 01:55:59.210Z",1.13746,1.13752
"exness","EURUSD","2026-09-25 01:56:00.442Z",1.13745,1.13751
"exness","EURUSD","2026-09-25 01:56:02.968Z",1.13744,1.1375
"exness","EURUSD","2026-09-25 01:56:04.319Z",1.13745,1.13751
"exness","EURUSD","2026-09-25 01:56:07.305Z",1.13743,1.1374900000000001
"exness","EURUSD","2026-09-25 01:56:07.776Z",1.13741,1.13747
"exness","EURUSD","2026-09-25 01:56:08.908Z",1.13742,1.13748
"exness","EURUSD","2026-09-25 01:56:25.701Z",1.13743,1.1374900000000001
"exness","EURUSD","2026-09-25 01:56:26.765Z",1.13742,1.13748
"exness","EURUSD","2026-09-25 01:56:29.487Z",1.13744,1.1375
"exness","EURUSD","2026-09-25 01:56:30.589Z",1.13742,1.13748
"exness","EURUSD","2026-09-25 01:56:34.793Z",1.1374,1.13746
"exness","EURUSD","2026-09-25 01:56:35.269Z",1.13738,1.13744
"exness","EURUSD","2026-09-25 01:56:35.396Z",1.13737,1.13743
"exness","EURUSD","2026-09-25 01:56:36.463Z",1.13738,1.13744
"exness","EURUSD","2026-09-25 01:56:40.201Z",1.13739,1.13745
"exness","EURUSD","2026-09-25 01:56:41.509Z",1.13741,1.13747
"exness","EURUSD","2026-09-25 01:56:42.798Z",1.13742,1.13748
"exness","EURUSD","2026-09-25 01:56:44.157Z",1.13741,1.13747
"exness","EURUSD","2026-09-25 01:56:48.395Z",1.1374,1.13746
"exness","EURUSD","2026-09-25 01:57:05.233Z",1.13739,1.13745
"exness","EURUSD","2026-09-25 01:57:09.103Z",1.1374,1.13746
"exness","EURUSD","2026-09-25 01:57:09.830Z",1.13742,1.13748
"exness","EURUSD","2026-09-25 01:57:11.664Z",1.13743,1.1374900000000001
"exness","EURUSD","2026-09-25 01:57:12.791Z",1.13742,1.13748
"exness","EURUSD","2026-09-25 01:57:13.872Z",1.13743,1.1374900000000001
"exness","EURUSD","2026-09-25 01:57:15.956Z",1.13744,1.1375
"exness","EURUSD","2026-09-25 01:57:17.549Z",1.13742,1.13748
"exness","EURUSD","2026-09-25 01:57:20.698Z",1.13741,1.13747
"exness","EURUSD","2026-09-25 01:57:22.560Z",1.13742,1.13748
"exness","EURUSD","2026-09-25 01:57:25.142Z",1.13743,1.1374900000000001
"exness","EURUSD","2026-09-25 01:57:26.283Z",1.13742,1.13748
"exness","EURUSD","2026-09-25 01:57:27.590Z",1.1374,1.13746
"exness","EURUSD","2026-09-25 01:57:30.882Z",1.13739,1.13745
"exness","EURUSD","2026-09-25 01:57:33.044Z",1.1374,1.13746
"exness","EURUSD","2026-09-25 01:57:35.141Z",1.13739,1.13745
"exness","EURUSD","2026-09-25 01:57:46.107Z",1.1374,1.13746
"exness","EURUSD","2026-09-25 01:57:47.326Z",1.13741,1.13747
"exness","EURUSD","2026-09-25 01:57:48.341Z",1.1374,1.13746
"exness","EURUSD","2026-09-25 01:57:50.647Z",1.13741,1.13747
"exness","EURUSD","2026-09-25 01:57:59.673Z",1.13743,1.1374900000000001
"exness","EURUSD","2026-09-25 01:58:00.403Z",1.13744,1.1375
"exness","EURUSD","2026-09-25 01:58:00.675Z",1.13746,1.13752
"exness","EURUSD","2026-09-25 01:58:04.664Z",1.13745,1.13751
"exness","EURUSD","2026-09-25 01:58:05.821Z",1.13747,1.13753
"exness","EURUSD","2026-09-25 01:58:09.804Z",1.13745,1.13751
"exness","EURUSD","2026-09-25 01:58:17.168Z",1.13746,1.13752
"exness","EURUSD","2026-09-25 01:58:26.746Z",1.13747,1.13753
"exness","EURUSD","2026-09-25 01:58:28.129Z",1.13746,1.13752
"exness","EURUSD","2026-09-25 01:58:39.803Z",1.13745,1.13751
"exness","EURUSD","2026-09-25 01:58:42.878Z",1.13744,1.1375
"exness","EURUSD","2026-09-25 01:58:44.279Z",1.13745,1.13751
"exness","EURUSD","2026-09-25 01:58:53.693Z",1.13747,1.13753
"exness","EURUSD","2026-09-25 01:58:54.366Z",1.1374900000000001,1.13755
"exness","EURUSD","2026-09-25 01:58:54.395Z",1.1375,1.13756
"exness","EURUSD","2026-09-25 01:58:55.675Z",1.13751,1.13757
"exness","EURUSD","2026-09-25 01:58:56.987Z",1.1375,1.13756
"exness","EURUSD","2026-09-25 01:59:00.963Z",1.13752,1.13758
"exness","EURUSD","2026-09-25 01:59:01.990Z",1.13751,1.13757
"exness","EURUSD","2026-09-25 01:59:03.213Z",1.1375,1.13756
"exness","EURUSD","2026-09-25 01:59:08.192Z",1.13751,1.13757
"exness","EURUSD","2026-09-25 01:59:09.546Z",1.1375,1.13756
"exness","EURUSD","2026-09-25 01:59:14.941Z",1.13751,1.13757
"exness","EURUSD","2026-09-25 01:59:14.960Z",1.13753,1.1375899999999999
"exness","EURUSD","2026-09-25 01:59:15.309Z",1.13754,1.1376
"exness","EURUSD","2026-09-25 01:59:15.405Z",1.13756,1.13762
"exness","EURUSD","2026-09-25 01:59:18.452Z",1.13755,1.13761
"exness","EURUSD","2026-09-25 01:59:23.735Z",1.13756,1.13762
"exness","EURUSD","2026-09-25 01:59:26.453Z",1.13755,1.13761
"exness","EURUSD","2026-09-25 01:59:28.334Z",1.13756,1.13762
"exness","EURUSD","2026-09-25 01:59:39.591Z",1.13755,1.13761
"exness","EURUSD","2026-09-25 01:59:42.977Z",1.13756,1.13762
"exness","EURUSD","2026-09-25 01:59:45.504Z",1.13755,1.13761
"exness","EURUSD","2026-09-25 01:59:46.777Z",1.13754,1.1376
"exness","EURUSD","2026-09-25 01:59:47.821Z",1.13752,1.13758
"exness","EURUSD","2026-09-25 01:59:48.079Z",1.1375,1.13756
"exness","EURUSD","2026-09-25 01:59:52.838Z",1.13751,1.13757
"exness","EURUSD","2026-09-25 01:59:57.635Z",1.13753,1.1375899999999999
"exness","EURUSD","2026-09-25 01:59:57.689Z",1.13754,1.1376
"exness","EURUSD","2026-09-25 01:59:59.651Z",1.13755,1.13761
"exness","EURUSD","2026-09-25 02:00:01.821Z",1.13752,1.13758
"exness","EURUSD","2026-09-25 02:00:02.857Z",1.13754,1.1376
"exness","EURUSD","2026-09-25 02:00:04.027Z",1.13755,1.13761
"exness","EURUSD","2026-09-25 02:00:13.023Z",1.13756,1.13762
"exness","EURUSD","2026-09-25 02:00:16.890Z",1.13758,1.13764
"exness","EURUSD","2026-09-25 02:00:18.021Z",1.13757,1.13763
"exness","EURUSD","2026-09-25 02:00:19.050Z",1.13756,1.13762
"exness","EURUSD","2026-09-25 02:00:23.145Z",1.13757,1.13763
"exness","EURUSD","2026-09-25 02:00:26.130Z",1.13756,1.13762
"exness","EURUSD","2026-09-25 02:00:34.958Z",1.13757,1.13763
"exness","EURUSD","2026-09-25 02:00:39.314Z",1.13756,1.13762
"exness","EURUSD","2026-09-25 02:00:40.329Z",1.13758,1.13764
"exness","EURUSD","2026-09-25 02:00:42.954Z",1.13757,1.13763
"exness","EURUSD","2026-09-25 02:00:43.091Z",1.13755,1.13761
"exness","EURUSD","2026-09-25 02:00:44.387Z",1.13754,1.1376
"exness","EURUSD","2026-09-25 02:00:45.441Z",1.13753,1.1375899999999999
"exness","EURUSD","2026-09-25 02:00:46.741Z",1.13752,1.13758
"exness","EURUSD","2026-09-25 02:00:47.830Z",1.13753,1.1375899999999999
"exness","EURUSD","2026-09-25 02:00:50.027Z",1.13754,1.1376
"exness","EURUSD","2026-09-25 02:00:53.419Z",1.13753,1.1375899999999999
"exness","EURUSD","2026-09-25 02:01:02.086Z",1.13751,1.13757
"exness","EURUSD","2026-09-25 02:01:07.141Z",1.1375,1.13756
"exness","EURUSD","2026-09-25 02:01:08.679Z",1.13751,1.13757
"exness","EURUSD","2026-09-25 02:01:12.748Z",1.1375,1.13756
"exness","EURUSD","2026-09-25 02:01:17.593Z",1.13751,1.13757
"exness","EURUSD","2026-09-25 02:01:22.614Z",1.1375,1.13756
"exness","EURUSD","2026-09-25 02:01:27.292Z",1.13753,1.1375899999999999
"exness","EURUSD","2026-09-25 02:01:28.791Z",1.13751,1.13757
"exness","EURUSD","2026-09-25 02:01:30.112Z",1.1375,1.13756
"exness","EURUSD","2026-09-25 02:01:35.321Z",1.1374900000000001,1.13755
"exness","EURUSD","2026-09-25 02:01:38.174Z",1.13748,1.13754
"exness","EURUSD","2026-09-25 02:01:44.556Z",1.1375,1.13756
"exness","EURUSD","2026-09-25 02:01:45.765Z",1.13751,1.13757
"exness","EURUSD","2026-09-25 02:01:51.655Z",1.1375,1.13756
"exness","EURUSD","2026-09-25 02:01:53.803Z",1.1374900000000001,1.13755
"exness","EURUSD","2026-09-25 02:02:01.105Z",1.1375,1.13756
"exness","EURUSD","2026-09-25 02:02:07.177Z",1.13751,1.13757
"exness","EURUSD","2026-09-25 02:02:16.686Z",1.13753,1.1375899999999999
"exness","EURUSD","2026-09-25 02:02:16.698Z",1.13755,1.13761
"exness","EURUSD","2026-09-25 02:02:16.776Z",1.13756,1.13762
"exness","EURUSD","2026-09-25 02:02:19.468Z",1.13755,1.13761
"exness","EURUSD","2026-09-25 02:02:20.500Z",1.13756,1.13762
"exness","EURUSD","2026-09-25 02:02:21.863Z",1.13754,1.1376
"exness","EURUSD","2026-09-25 02:02:22.876Z",1.13753,1.1375899999999999
"exness","EURUSD","2026-09-25 02:02:23.928Z",1.13754,1.1376
"exness","EURUSD","2026-09-25 02:02:27.889Z",1.13755,1.13761
"exness","EURUSD","2026-09-25 02:02:29.770Z",1.13753,1.1375899999999999
"exness","EURUSD","2026-09-25 02:02:29.948Z",1.13755,1.13761
"exness","EURUSD","2026-09-25 02:02:42.862Z",1.13756,1.13762
"exness","EURUSD","2026-09-25 02:02:52.769Z",1.13755,1.13761
"exness","EURUSD","2026-09-25 02:03:03.731Z",1.13754,1.1376
"exness","EURUSD","2026-09-25 02:03:11.076Z",1.13755,1.13761
"exness","EURUSD","2026-09-25 02:03:12.676Z",1.13754,1.1376
"exness","EURUSD","2026-09-25 02:03:17.058Z",1.13755,1.13761
"exness","EURUSD","2026-09-25 02:03:19.412Z",1.13757,1.13763
"exness","EURUSD","2026-09-25 02:03:21.345Z",1.13756,1.13762
"exness","EURUSD","2026-09-25 02:03:22.635Z",1.13755,1.13761
"exness","EURUSD","2026-09-25 02:03:32.758Z",1.13756,1.13762
"exness","EURUSD","2026-09-25 02:03:44.146Z",1.13757,1.13763
"exness","EURUSD","2026-09-25 02:03:44.673Z",1.1375899999999999,1.13765
"exness","EURUSD","2026-09-25 02:03:44.689Z",1.1376,1.13766
"exness","EURUSD","2026-09-25 02:03:44.860Z",1.13762,1.13768
"exness","EURUSD","2026-09-25 02:03:47.758Z",1.13761,1.13767
"exness","EURUSD","2026-09-25 02:03:50.114Z",1.1376,1.13766
"exness","EURUSD","2026-09-25 02:03:55.681Z",1.1375899999999999,1.13765
"exness","EURUSD","2026-09-25 02:03:56.826Z",1.1376,1.13766
"exness","EURUSD","2026-09-25 02:04:01.085Z",1.1375899999999999,1.13765
"exness","EURUSD","2026-09-25 02:04:02.356Z",1.1376,1.13766
"exness","EURUSD","2026-09-25 02:04:04.964Z",1.13761,1.13767
"exness","EURUSD","2026-09-25 02:04:06.862Z",1.1376,1.13766
"exness","EURUSD","2026-09-25 02:04:10.750Z",1.1375899999999999,1.13765
"exness","EURUSD","2026-09-25 02:04:17.799Z",1.13757,1.13763
"exness","EURUSD","2026-09-25 02:04:17.849Z",1.1375899999999999,1.13765
"exness","EURUSD","2026-09-25 02:04:19.055Z",1.1376,1.13766
"exness","EURUSD","2026-09-25 02:04:26.389Z",1.13758,1.13764
"exness","EURUSD","2026-09-25 02:04:26.409Z",1.13756,1.13762
"exness","EURUSD","2026-09-25 02:04:27.078Z",1.13754,1.1376
"exness","EURUSD","2026-09-25 02:04:28.249Z",1.13755,1.13761
"exness","EURUSD","2026-09-25 02:04:29.860Z",1.13758,1.13764
"exness","EURUSD","2026-09-25 02:04:30.958Z",1.13757,1.13763
"exness","EURUSD","2026-09-25 02:04:31.014Z",1.13755,1.13761
"exness","EURUSD","2026-09-25 02:04:48.513Z",1.13754,1.1376
"exness","EURUSD","2026-09-25 02:04:49.463Z",1.13752,1.13758
"exness","EURUSD","2026-09-25 02:04:52.843Z",1.13753,1.1375899999999999
"exness","EURUSD","2026-09-25 02:05:00.411Z",1.13754,1.1376
"exness","EURUSD","2026-09-25 02:05:01.441Z",1.13753,1.1375899999999999
"exness","EURUSD","2026-09-25 02:05:06.360Z",1.13754,1.1376
"exness","EURUSD","2026-09-25 02:05:07.796Z",1.13756,1.13762
"exness","EURUSD","2026-09-25 02:05:08.861Z",1.13757,1.13763
"exness","EURUSD","2026-09-25 02:05:08.958Z",1.13758,1.13764
"exness","EURUSD","2026-09-25 02:05:09.008Z",1.1376,1.13766
"exness","EURUSD","2026-09-25 02:05:10.195Z",1.1375899999999999,1.13765
"exness","EURUSD","2026-09-25 02:05:11.658Z",1.1376,1.13766
"exness","EURUSD","2026-09-25 02:05:15.568Z",1.13761,1.13767
"exness","EURUSD","2026-09-25 02:05:16.699Z",1.1376,1.13766
"exness","EURUSD","2026-09-25 02:05:17.865Z",1.13761,1.13767
"exness","EURUSD","2026-09-25 02:05:20.274Z",1.1376,1.13766
"exness","EURUSD","2026-09-25 02:05:21.355Z",1.13761,1.13767
"exness","EURUSD","2026-09-25 02:05:24.111Z",1.1376,1.13766
"exness","EURUSD","2026-09-25 02:05:31.089Z",1.13758,1.13764
"exness","EURUSD","2026-09-25 02:05:32.697Z",1.1376,1.13766
"exness","EURUSD","2026-09-25 02:05:36.490Z",1.13762,1.13768
"exness","EURUSD","2026-09-25 02:05:37.887Z",1.13763,1.13769
"exness","EURUSD","2026-09-25 02:05:50.400Z",1.13765,1.13771
"exness","EURUSD","2026-09-25 02:05:50.414Z",1.13767,1.13773
"exness","EURUSD","2026-09-25 02:05:51.658Z",1.13766,1.13772
"exness","EURUSD","2026-09-25 02:05:52.747Z",1.13765,1.13771
"exness","EURUSD","2026-09-25 02:06:00.168Z",1.13767,1.13773
"exness","EURUSD","2026-09-25 02:06:00.374Z",1.13769,1.13775
"exness","EURUSD","2026-09-25 02:06:00.969Z",1.1377,1.13776
"exness","EURUSD","2026-09-25 02:06:01.485Z",1.13767,1.13773
"exness","EURUSD","2026-09-25 02:06:01.869Z",1.13765,1.13771
"exness","EURUSD","2026-09-25 02:06:03.066Z",1.13764,1.1377
"exness","EURUSD","2026-09-25 02:06:04.530Z",1.13765,1.13771
"exness","EURUSD","2026-09-25 02:06:06.007Z",1.13766,1.13772
"exness","EURUSD","2026-09-25 02:06:08.111Z",1.13767,1.13773
"exness","EURUSD","2026-09-25 02:06:11.339Z",1.13766,1.13772
"exness","EURUSD","2026-09-25 02:06:12.165Z",1.13764,1.1377
"exness","EURUSD","2026-09-25 02:06:13.377Z",1.13763,1.13769
"exness","EURUSD","2026-09-25 02:06:14.596Z",1.13762,1.13768
"exness","EURUSD","2026-09-25 02:06:16.010Z",1.13765,1.13771
"exness","EURUSD","2026-09-25 02:06:17.575Z",1.13767,1.13773
"exness","EURUSD","2026-09-25 02:06:18.305Z",1.13768,1.13774
"exness","EURUSD","2026-09-25 02:06:18.995Z",1.13769,1.13775
"exness","EURUSD","2026-09-25 02:06:19.094Z",1.13767,1.13773
"exness","EURUSD","2026-09-25 02:06:20.173Z",1.13765,1.13771
"exness","EURUSD","2026-09-25 02:06:20.745Z",1.13767,1.13773
"exness","EURUSD","2026-09-25 02:06:21.950Z",1.13768,1.13774
"exness","EURUSD","2026-09-25 02:06:22.982Z",1.13769,1.13775
"exness","EURUSD","2026-09-25 02:06:24.055Z",1.13768,1.13774
"exness","EURUSD","2026-09-25 02:06:25.077Z",1.13769,1.13775
"exness","EURUSD","2026-09-25 02:06:26.046Z",1.1377,1.13776
"exness","EURUSD","2026-09-25 02:06:26.087Z",1.13772,1.13778
"exness","EURUSD","2026-09-25 02:06:26.281Z",1.13773,1.13779
"exness","EURUSD","2026-09-25 02:06:26.513Z",1.13775,1.13781
"exness","EURUSD","2026-09-25 02:06:26.547Z",1.13776,1.13782
"exness","EURUSD","2026-09-25 02:06:27.099Z",1.13778,1.13784
"exness","EURUSD","2026-09-25 02:06:27.201Z",1.13779,1.13785
"exness","EURUSD","2026-09-25 02:06:27.765Z",1.1378,1.13786
"exness","EURUSD","2026-09-25 02:06:28.523Z",1.13778,1.13784
"exness","EURUSD","2026-09-25 02:06:29.759Z",1.13777,1.1378300000000001
"exness","EURUSD","2026-09-25 02:06:30.001Z",1.13775,1.13781
"exness","EURUSD","2026-09-25 02:06:32.384Z",1.13776,1.13782
"exness","EURUSD","2026-09-25 02:06:33.778Z",1.13775,1.13781
"exness","EURUSD","2026-09-25 02:06:41.496Z",1.13777,1.1378300000000001
"exness","EURUSD","2026-09-25 02:06:42.070Z",1.13778,1.13784
"exness","EURUSD","2026-09-25 02:06:42.507Z",1.1378,1.13786
"exness","EURUSD","2026-09-25 02:06:45.841Z",1.13781,1.13787
"exness","EURUSD","2026-09-25 02:06:48.132Z",1.1378,1.13786
"exness","EURUSD","2026-09-25 02:06:49.139Z",1.13781,1.13787
"exness","EURUSD","2026-09-25 02:06:49.164Z",1.1378300000000001,1.13789
"exness","EURUSD","2026-09-25 02:06:49.203Z",1.13785,1.13791
"exness","EURUSD","2026-09-25 02:06:50.236Z",1.1378300000000001,1.13789
"exness","EURUSD","2026-09-25 02:06:51.289Z",1.13784,1.1379
"exness","EURUSD","2026-09-25 02:06:52.146Z",1.13782,1.13788
"exness","EURUSD","2026-09-25 02:06:52.308Z",1.1378,1.13786
"exness","EURUSD","2026-09-25 02:06:53.925Z",1.13779,1.13785
"exness","EURUSD","2026-09-25 02:06:54.979Z",1.1378,1.13786
"exness","EURUSD","2026-09-25 02:06:57.818Z",1.13779,1.13785
"exness","EURUSD","2026-09-25 02:07:04.322Z",1.13781,1.13787
"exness","EURUSD","2026-09-25 02:07:04.394Z",1.1378300000000001,1.13789
"exness","EURUSD","2026-09-25 02:07:06.450Z",1.13785,1.13791
"exness","EURUSD","2026-09-25 02:07:07.170Z",1.13786,1.13792
"exness","EURUSD","2026-09-25 02:07:08.451Z",1.13785,1.13791
"exness","EURUSD","2026-09-25 02:07:12.528Z",1.13784,1.1379
"exness","EURUSD","2026-09-25 02:07:14.318Z",1.13786,1.13792
"exness","EURUSD","2026-09-25 02:07:15.349Z",1.13784,1.1379
"exness","EURUSD","2026-09-25 02:07:16.514Z",1.13785,1.13791
"exness","EURUSD","2026-09-25 02:07:22.188Z",1.13786,1.13792
"exness","EURUSD","2026-09-25 02:07:23.970Z",1.13784,1.1379
"exness","EURUSD","2026-09-25 02:07:25.479Z",1.13785,1.13791
"exness","EURUSD","2026-09-25 02:07:28.040Z",1.1378300000000001,1.13789
"exness","EURUSD","2026-09-25 02:07:29.468Z",1.13784,1.1379
"exness","EURUSD","2026-09-25 02:07:30.912Z",1.13785,1.13791
"exness","EURUSD","2026-09-25 02:07:31.943Z",1.13784,1.1379
"exness","EURUSD","2026-09-25 02:07:33.014Z",1.13786,1.13792
"exness","EURUSD","2026-09-25 02:07:35.563Z",1.13784,1.1379
"exness","EURUSD","2026-09-25 02:07:36.650Z",1.13785,1.13791
"exness","EURUSD","2026-09-25 02:07:40.142Z",1.13786,1.13792
"exness","EURUSD","2026-09-25 02:07:40.591Z",1.13788,1.13794
"exness","EURUSD","2026-09-25 02:07:41.023Z",1.1379,1.13796
"exness","EURUSD","2026-09-25 02:07:41.414Z",1.13787,1.1379299999999999
"exness","EURUSD","2026-09-25 02:07:42.655Z",1.13785,1.13791
"exness","EURUSD","2026-09-25 02:07:45.582Z",1.13787,1.1379299999999999
"exness","EURUSD","2026-09-25 02:07:45.639Z",1.13789,1.13795
"exness","EURUSD","2026-09-25 02:07:49.169Z",1.13788,1.13794
"exness","EURUSD","2026-09-25 02:07:50.182Z",1.13787,1.1379299999999999
"exness","EURUSD","2026-09-25 02:07:51.297Z",1.13788,1.13794
"exness","EURUSD","2026-09-25 02:07:51.324Z",1.13786,1.13792
"exness","EURUSD","2026-09-25 02:07:51.862Z",1.13784,1.1379
"exness","EURUSD","2026-09-25 02:07:52.736Z",1.13787,1.1379299999999999
"exness","EURUSD","2026-09-25 02:07:53.346Z",1.13789,1.13795
"exness","EURUSD","2026-09-25 02:07:54.705Z",1.13787,1.1379299999999999
"exness","EURUSD","2026-09-25 02:07:57.233Z",1.13788,1.13794
"exness","EURUSD","2026-09-25 02:07:58.872Z",1.13787,1.1379299999999999
"exness","EURUSD","2026-09-25 02:07:59.040Z",1.13785,1.13791
"exness","EURUSD","2026-09-25 02:08:00.623Z",1.13787,1.1379299999999999
"exness","EURUSD","2026-09-25 02:08:01.272Z",1.13785,1.13791
"exness","EURUSD","2026-09-25 02:08:02.121Z",1.13787,1.1379299999999999
"exness","EURUSD","2026-09-25 02:08:04.384Z",1.13786,1.13792
"exness","EURUSD","2026-09-25 02:08:05.121Z",1.13784,1.1379
"exness","EURUSD","2026-09-25 02:08:06.991Z",1.13785,1.13791
"exness","EURUSD","2026-09-25 02:08:08.386Z",1.13784,1.1379
"exness","EURUSD","2026-09-25 02:08:14.176Z",1.13785,1.13791
"exness","EURUSD","2026-09-25 02:08:19.368Z",1.13784,1.1379
"exness","EURUSD","2026-09-25 02:08:21.364Z",1.13785,1.13791
"exness","EURUSD","2026-09-25 02:08:24.061Z",1.13784,1.1379
"exness","EURUSD","2026-09-25 02:08:25.177Z",1.1378300000000001,1.13789
"exness","EURUSD","2026-09-25 02:08:25.635Z",1.13782,1.13788
"exness","EURUSD","2026-09-25 02:08:26.374Z",1.1378,1.13786
"exness","EURUSD","2026-09-25 02:08:26.465Z",1.13779,1.13785
"exness","EURUSD","2026-09-25 02:08:27.059Z",1.13777,1.1378300000000001
"exness","EURUSD","2026-09-25 02:08:31.089Z",1.13778,1.13784
"exness","EURUSD","2026-09-25 02:08:34.127Z",1.13779,1.13785
"exness","EURUSD","2026-09-25 02:08:38.833Z",1.13778,1.13784
"exness","EURUSD","2026-09-25 02:08:39.185Z",1.13781,1.13787
"exness","EURUSD","2026-09-25 02:08:39.196Z",1.13782,1.13788
"exness","EURUSD","2026-09-25 02:08:39.210Z",1.13784,1.1379
"exness","EURUSD","2026-09-25 02:08:39.222Z",1.13785,1.13791
"exness","EURUSD","2026-09-25 02:08:40.273Z",1.1378300000000001,1.13789
"exness","EURUSD","2026-09-25 02:08:42.599Z",1.13784,1.1379
"exness","EURUSD","2026-09-25 02:08:43.664Z",1.13785,1.13791
"exness","EURUSD","2026-09-25 02:08:46.663Z",1.13784,1.1379
"exness","EURUSD","2026-09-25 02:08:47.834Z",1.1378300000000001,1.13789
"exness","EURUSD","2026-09-25 02:08:48.220Z",1.13781,1.13787
"exness","EURUSD","2026-09-25 02:08:48.848Z",1.13784,1.1379
"exness","EURUSD","2026-09-25 02:08:50.245Z",1.13785,1.13791
"exness","EURUSD","2026-09-25 02:08:50.741Z",1.13786,1.13792
"exness","EURUSD","2026-09-25 02:08:51.908Z",1.13787,1.1379299999999999
"exness","EURUSD","2026-09-25 02:08:52.969Z",1.13786,1.13792
"exness","EURUSD","2026-09-25 02:08:57.284Z",1.13785,1.13791
"exness","EURUSD","2026-09-25 02:08:58.327Z",1.13784,1.1379
"exness","EURUSD","2026-09-25 02:08:59.233Z",1.13782,1.13788
"exness","EURUSD","2026-09-25 02:09:01.575Z",1.1378300000000001,1.13789
"exness","EURUSD","2026-09-25 02:09:04.246Z",1.13785,1.13791
"exness","EURUSD","2026-09-25 02:09:05.854Z",1.13787,1.1379299999999999
"exness","EURUSD","2026-09-25 02:09:05.922Z",1.13788,1.13794
"exness","EURUSD","2026-09-25 02:09:07.069Z",1.13787,1.1379299999999999
"exness","EURUSD","2026-09-25 02:09:10.015Z",1.13785,1.13791
"exness","EURUSD","2026-09-25 02:09:10.935Z",1.13787,1.1379299999999999
"exness","EURUSD","2026-09-25 02:09:12.485Z",1.13789,1.13795
"exness","EURUSD","2026-09-25 02:09:13.642Z",1.13788,1.13794
"exness","EURUSD","2026-09-25 02:09:14.786Z",1.13787,1.1379299999999999
"exness","EURUSD","2026-09-25 02:09:18.205Z",1.13786,1.13792
"exness","EURUSD","2026-09-25 02:09:18.478Z",1.13784,1.1379
"exness","EURUSD","2026-09-25 02:09:20.993Z",1.13785,1.13791
"exness","EURUSD","2026-09-25 02:09:23.424Z",1.13784,1.1379
"exness","EURUSD","2026-09-25 02:09:27.334Z",1.1378300000000001,1.13789
"exness","EURUSD","2026-09-25 02:09:39.452Z",1.13785,1.13791
"exness","EURUSD","2026-09-25 02:09:51.267Z",1.1378300000000001,1.13789
"exness","EURUSD","2026-09-25 02:10:01.983Z",1.13782,1.13788
"exness","EURUSD","2026-09-25 02:10:03.574Z",1.1378,1.13786
"exness","EURUSD","2026-09-25 02:10:05.989Z",1.1378300000000001,1.13789
"exness","EURUSD","2026-09-25 02:10:07.029Z",1.13784,1.1379
"exness","EURUSD","2026-09-25 02:10:09.260Z",1.13785,1.13791
"exness","EURUSD","2026-09-25 02:10:10.479Z",1.13784,1.1379
"exness","EURUSD","2026-09-25 02:10:11.489Z",1.13785,1.13791
"exness","EURUSD","2026-09-25 02:10:14.884Z",1.13786,1.13792
"exness","EURUSD","2026-09-25 02:10:18.222Z",1.13785,1.13791
"exness","EURUSD","2026-09-25 02:10:19.292Z",1.13786,1.13792
"exness","EURUSD","2026-09-25 02:10:20.043Z",1.13787,1.1379299999999999
"exness","EURUSD","2026-09-25 02:10:26.776Z",1.13789,1.13795
"exness","EURUSD","2026-09-25 02:10:26.803Z",1.13786,1.13792
"exness","EURUSD","2026-09-25 02:10:30.733Z",1.13787,1.1379299999999999
"exness","EURUSD","2026-09-25 02:10:30.900Z",1.13785,1.13791
"exness","EURUSD","2026-09-25 02:10:32.601Z",1.1378300000000001,1.13789
"exness","EURUSD","2026-09-25 02:10:34.124Z",1.13782,1.13788
"exness","EURUSD","2026-09-25 02:10:35.152Z",1.13781,1.13787
"exness","EURUSD","2026-09-25 02:10:37.378Z",1.13782,1.13788
"exness","EURUSD","2026-09-25 02:10:37.928Z",1.1378,1.13786
"exness","EURUSD","2026-09-25 02:10:38.210Z",1.13778,1.13784
"exness","EURUSD","2026-09-25 02:10:38.882Z",1.13777,1.1378300000000001
"exness","EURUSD","2026-09-25 02:10:40.173Z",1.13778,1.13784
"exness","EURUSD","2026-09-25 02:10:46.596Z",1.13777,1.1378300000000001
"exness","EURUSD","2026-09-25 02:10:48.111Z",1.13779,1.13785
"exness","EURUSD","2026-09-25 02:10:54.426Z",1.13778,1.13784
"exness","EURUSD","2026-09-25 02:10:55.489Z",1.13779,1.13785
"exness","EURUSD","2026-09-25 02:10:57.340Z",1.13778,1.13784
"exness","EURUSD","2026-09-25 02:11:04.258Z",1.13777,1.1378300000000001
"exness","EURUSD","2026-09-25 02:11:06.343Z",1.13775,1.13781
"exness","EURUSD","2026-09-25 02:11:06.439Z",1.13774,1.1378
"exness","EURUSD","2026-09-25 02:11:07.643Z",1.13772,1.13778
"exness","EURUSD","2026-09-25 02:11:08.253Z",1.13771,1.13777
"exness","EURUSD","2026-09-25 02:11:08.311Z",1.13769,1.13775
"exness","EURUSD","2026-09-25 02:11:08.515Z",1.13768,1.13774
"exness","EURUSD","2026-09-25 02:11:09.538Z",1.13767,1.13773
"exness","EURUSD","2026-09-25 02:11:10.593Z",1.13768,1.13774
"exness","EURUSD","2026-09-25 02:11:17.743Z",1.1377,1.13776
"exness","EURUSD","2026-09-25 02:11:18.697Z",1.13771,1.13777
"exness","EURUSD","2026-09-25 02:11:19.695Z",1.13773,1.13779
"exness","EURUSD","2026-09-25 02:11:20.723Z",1.13771,1.13777
"exness","EURUSD","2026-09-25 02:11:22.163Z",1.13773,1.13779
"exness","EURUSD","2026-09-25 02:11:23.934Z",1.13772,1.13778
"exness","EURUSD","2026-09-25 02:11:31.900Z",1.13773,1.13779
"exness","EURUSD","2026-09-25 02:11:33.672Z",1.13772,1.13778
"exness","EURUSD","2026-09-25 02:11:36.939Z",1.13773,1.13779
"exness","EURUSD","2026-09-25 02:11:37.349Z",1.13771,1.13777
"exness","EURUSD","2026-09-25 02:11:38.307Z",1.13773,1.13779
"exness","EURUSD","2026-09-25 02:11:49.855Z",1.13774,1.1378
"exness","EURUSD","2026-09-25 02:11:53.615Z",1.13773,1.13779
"exness","EURUSD","2026-09-25 02:11:55.337Z",1.13774,1.1378
"exness","EURUSD","2026-09-25 02:11:58.129Z",1.13773,1.13779
"exness","EURUSD","2026-09-25 02:11:59.319Z",1.13774,1.1378
"exness","EURUSD","2026-09-25 02:12:00.589Z",1.13776,1.13782
"exness","EURUSD","2026-09-25 02:12:00.598Z",1.13778,1.13784
"exness","EURUSD","2026-09-25 02:12:00.627Z",1.1378,1.13786
"exness","EURUSD","2026-09-25 02:12:00.675Z",1.13781,1.13787
"exness","EURUSD","2026-09-25 02:12:02.772Z",1.1378,1.13786
"exness","EURUSD","2026-09-25 02:12:04.938Z",1.13781,1.13787
"exness","EURUSD","2026-09-25 02:12:06.088Z",1.1378,1.13786
"exness","EURUSD","2026-09-25 02:12:09.659Z",1.13781,1.13787
"exness","EURUSD","2026-09-25 02:12:15.692Z",1.1378,1.13786
"exness","EURUSD","2026-09-25 02:12:20.592Z",1.13779,1.13785
"exness","EURUSD","2026-09-25 02:12:27.182Z",1.13778,1.13784
"exness","EURUSD","2026-09-25 02:12:29.976Z",1.13777,1.1378300000000001
"exness","EURUSD","2026-09-25 02:12:37.190Z",1.13776,1.13782
"exness","EURUSD","2026-09-25 02:12:37.258Z",1.13774,1.1378
"exness","EURUSD","2026-09-25 02:12:37.514Z",1.13773,1.13779
"exness","EURUSD","2026-09-25 02:12:43.632Z",1.13775,1.13781
"exness","EURUSD","2026-09-25 02:12:44.738Z",1.13776,1.13782
"exness","EURUSD","2026-09-25 02:12:46.868Z",1.13775,1.13781
"exness","EURUSD","2026-09-25 02:12:54.993Z",1.13776,1.13782
"exness","EURUSD","2026-09-25 02:12:58.962Z",1.13775,1.13781
"exness","EURUSD","2026-09-25 02:13:00.134Z",1.13773,1.13779
"exness","EURUSD","2026-09-25 02:13:01.133Z",1.13774,1.1378
"exness","EURUSD","2026-09-25 02:13:02.918Z",1.13776,1.13782
"exness","EURUSD","2026-09-25 02:13:04.379Z",1.13778,1.13784
"exness","EURUSD","2026-09-25 02:13:11.683Z",1.13779,1.13785
"exness","EURUSD","2026-09-25 02:13:13.538Z",1.1378,1.13786
"exness","EURUSD","2026-09-25 02:13:16.815Z",1.13779,1.13785
"exness","EURUSD","2026-09-25 02:13:19.876Z",1.13777,1.1378300000000001
"exness","EURUSD","2026-09-25 02:13:21.933Z",1.13778,1.13784
"exness","EURUSD","2026-09-25 02:13:23.136Z",1.13777,1.1378300000000001
"exness","EURUSD","2026-09-25 02:13:36.348Z",1.13776,1.13782
"exness","EURUSD","2026-09-25 02:13:42.168Z",1.13775,1.13781
"exness","EURUSD","2026-09-25 02:13:43.231Z",1.13776,1.13782
"exness","EURUSD","2026-09-25 02:13:43.954Z",1.13773,1.13779
"exness","EURUSD","2026-09-25 02:13:44.265Z",1.13772,1.13778
"exness","EURUSD","2026-09-25 02:13:45.319Z",1.13771,1.13777
"exness","EURUSD","2026-09-25 02:13:46.470Z",1.13772,1.13778
"exness","EURUSD","2026-09-25 02:13:50.517Z",1.13773,1.13779
"exness","EURUSD","2026-09-25 02:13:51.034Z",1.13771,1.13777
"exness","EURUSD","2026-09-25 02:13:54.456Z",1.13772,1.13778
"exness","EURUSD","2026-09-25 02:13:55.558Z",1.13773,1.13779
"exness","EURUSD","2026-09-25 02:14:02.077Z",1.13774,1.1378
"exness","EURUSD","2026-09-25 02:14:02.115Z",1.13776,1.13782
"exness","EURUSD","2026-09-25 02:14:13.103Z",1.13775,1.13781
"exness","EURUSD","2026-09-25 02:14:15.868Z",1.13777,1.1378300000000001
"exness","EURUSD","2026-09-25 02:14:16.895Z",1.13778,1.13784
"exness","EURUSD","2026-09-25 02:14:25.727Z",1.13777,1.1378300000000001
"exness","EURUSD","2026-09-25 02:14:30.246Z",1.13776,1.13782
"exness","EURUSD","2026-09-25 02:14:31.591Z",1.13777,1.1378300000000001
"exness","EURUSD","2026-09-25 02:14:33.761Z",1.13776,1.13782
"exness","EURUSD","2026-09-25 02:14:35.883Z",1.13775,1.13781
"exness","EURUSD","2026-09-25 02:14:36.892Z",1.13776,1.13782
"exness","EURUSD","2026-09-25 02:14:40.320Z",1.13775,1.13781
"exness","EURUSD","2026-09-25 02:14:41.419Z",1.13777,1.1378300000000001
"exness","EURUSD","2026-09-25 02:14:51.270Z",1.13776,1.13782
"exness","EURUSD","2026-09-25 02:14:52.513Z",1.13774,1.1378
"exness","EURUSD","2026-09-25 02:14:54.558Z",1.13775,1.13781
"exness","EURUSD","2026-09-25 02:14:56.980Z",1.13776,1.13782
"exness","EURUSD","2026-09-25 02:14:59.170Z",1.13778,1.13784
"exness","EURUSD","2026-09-25 02:15:00.202Z",1.13777,1.1378300000000001
"exness","EURUSD","2026-09-25 02:15:04.132Z",1.13778,1.13784
"exness","EURUSD","2026-09-25 02:15:05.458Z",1.13777,1.1378300000000001
"exness","EURUSD","2026-09-25 02:15:16.692Z",1.13776,1.13782
"exness","EURUSD","2026-09-25 02:15:18.684Z",1.13778,1.13784
"exness","EURUSD","2026-09-25 02:15:20.418Z",1.13779,1.13785
"exness","EURUSD","2026-09-25 02:15:22.113Z",1.13778,1.13784
"exness","EURUSD","2026-09-25 02:15:28.730Z",1.13776,1.13782
"exness","EURUSD","2026-09-25 02:15:28.736Z",1.13774,1.1378
"exness","EURUSD","2026-09-25 02:15:28.764Z",1.13772,1.13778
"exness","EURUSD","2026-09-25 02:15:29.363Z",1.13771,1.13777
"exness","EURUSD","2026-09-25 02:15:30.915Z",1.13769,1.13775
"exness","EURUSD","2026-09-25 02:15:30.926Z",1.13768,1.13774
"exness","EURUSD","2026-09-25 02:15:32.057Z",1.13767,1.13773
"exness","EURUSD","2026-09-25 02:15:35.105Z",1.13765,1.13771
"exness","EURUSD","2026-09-25 02:15:35.233Z",1.13764,1.1377
"exness","EURUSD","2026-09-25 02:15:38.285Z",1.13765,1.13771
"exness","EURUSD","2026-09-25 02:15:41.927Z",1.13764,1.1377
"exness","EURUSD","2026-09-25 02:15:44.251Z",1.13766,1.13772
"exness","EURUSD","2026-09-25 02:15:45.744Z",1.13767,1.13773
"exness","EURUSD","2026-09-25 02:15:58.673Z",1.13766,1.13772
"exness","EURUSD","2026-09-25 02:15:59.679Z",1.13767,1.13773
"exness","EURUSD","2026-09-25 02:16:00.679Z",1.13765,1.13771
"exness","EURUSD","2026-09-25 02:16:01.687Z",1.13767,1.13773
"exness","EURUSD","2026-09-25 02:16:04.268Z",1.13768,1.13774
"exness","EURUSD","2026-09-25 02:16:05.380Z",1.13767,1.13773
"exness","EURUSD","2026-09-25 02:16:13.958Z",1.13766,1.13772
"exness","EURUSD","2026-09-25 02:16:14.964Z",1.13767,1.13773
"exness","EURUSD","2026-09-25 02:16:17.393Z",1.13766,1.13772
"exness","EURUSD","2026-09-25 02:16:19.330Z",1.13767,1.13773
"exness","EURUSD","2026-09-25 02:16:21.736Z",1.13768,1.13774
"exness","EURUSD","2026-09-25 02:16:23.067Z",1.13767,1.13773
"exness","EURUSD","2026-09-25 02:16:23.279Z",1.13765,1.13771
"exness","EURUSD","2026-09-25 02:16:24.435Z",1.13766,1.13772
"exness","EURUSD","2026-09-25 02:16:25.508Z",1.13768,1.13774
"exness","EURUSD","2026-09-25 02:16:28.228Z",1.13767,1.13773
"exness","EURUSD","2026-09-25 02:16:33.276Z",1.13768,1.13774
"exness","EURUSD","2026-09-25 02:16:37.075Z",1.13767,1.13773
"exness","EURUSD","2026-09-25 02:16:41.519Z",1.13768,1.13774
"exness","EURUSD","2026-09-25 02:16:42.434Z",1.13766,1.13772
"exness","EURUSD","2026-09-25 02:16:42.470Z",1.13764,1.1377
"exness","EURUSD","2026-09-25 02:16:43.089Z",1.13763,1.13769
"exness","EURUSD","2026-09-25 02:16:43.107Z",1.13761,1.13767
"exness","EURUSD","2026-09-25 02:16:44.155Z",1.1376,1.13766
"exness","EURUSD","2026-09-25 02:16:47.276Z",1.13761,1.13767
"exness","EURUSD","2026-09-25 02:16:48.399Z",1.1376,1.13766
"exness","EURUSD","2026-09-25 02:16:55.722Z",1.13758,1.13764
"exness","EURUSD","2026-09-25 02:17:01.639Z",1.1375899999999999,1.13765
"exness","EURUSD","2026-09-25 02:17:04.197Z",1.13758,1.13764
"exness","EURUSD","2026-09-25 02:17:09.989Z",1.13756,1.13762
"exness","EURUSD","2026-09-25 02:17:19.566Z",1.13757,1.13763
"exness","EURUSD","2026-09-25 02:17:21.557Z",1.1375899999999999,1.13765
"exness","EURUSD","2026-09-25 02:17:23.256Z",1.13758,1.13764
"exness","EURUSD","2026-09-25 02:17:37.725Z",1.13757,1.13763
"exness","EURUSD","2026-09-25 02:17:38.711Z",1.1376,1.13766
"exness","EURUSD","2026-09-25 02:17:42.003Z",1.1375899999999999,1.13765
"exness","EURUSD","2026-09-25 02:17:51.802Z",1.13757,1.13763
"exness","EURUSD","2026-09-25 02:17:55.470Z",1.13758,1.13764
"exness","EURUSD","2026-09-25 02:17:55.550Z",1.1376,1.13766
"exness","EURUSD","2026-09-25 02:17:55.563Z",1.13762,1.13768
"exness","EURUSD","2026-09-25 02:17:55.588Z",1.13763,1.13769
"exness","EURUSD","2026-09-25 02:17:57.101Z",1.13764,1.1377
"exness","EURUSD","2026-09-25 02:18:03.260Z",1.13763,1.13769
"exness","EURUSD","2026-09-25 02:18:06.025Z",1.13764,1.1377
"exness","EURUSD","2026-09-25 02:18:13.291Z",1.13763,1.13769
"exness","EURUSD","2026-09-25 02:18:20.130Z",1.13765,1.13771
"exness","EURUSD","2026-09-25 02:18:30.298Z",1.13764,1.1377
"exness","EURUSD","2026-09-25 02:18:33.558Z",1.13765,1.13771
"exness","EURUSD","2026-09-25 02:18:49.433Z",1.13767,1.13773
"exness","EURUSD","2026-09-25 02:18:50.026Z",1.13768,1.13774
"exness","EURUSD","2026-09-25 02:18:54.314Z",1.13769,1.13775
"exness","EURUSD","2026-09-25 02:19:00.138Z",1.1377,1.13776
"exness","EURUSD","2026-09-25 02:19:01.650Z",1.13769,1.13775
"exness","EURUSD","2026-09-25 02:19:04.202Z",1.1377,1.13776
"exness","EURUSD","2026-09-25 02:19:09.379Z",1.13769,1.13775
"exness","EURUSD","2026-09-25 02:19:12.478Z",1.13768,1.13774
"exness","EURUSD","2026-09-25 02:19:19.571Z",1.13769,1.13775
"exness","EURUSD","2026-09-25 02:19:25.303Z",1.1377,1.13776
"exness","EURUSD","2026-09-25 02:19:30.576Z",1.13769,1.13775
"exness","EURUSD","2026-09-25 02:19:35.974Z",1.1377,1.13776
"exness","EURUSD","2026-09-25 02:19:42.359Z",1.13769,1.13775
"exness","EURUSD","2026-09-25 02:19:51.196Z",1.13767,1.13773
"exness","EURUSD","2026-09-25 02:19:51.215Z",1.13766,1.13772
"exness","EURUSD","2026-09-25 02:19:52.328Z",1.13765,1.13771
"exness","EURUSD","2026-09-25 02:19:55.112Z",1.13766,1.13772
"exness","EURUSD","2026-09-25 02:20:00.347Z",1.13765,1.13771
"exness","EURUSD","2026-09-25 02:20:04.851Z",1.13763,1.13769
"exness","EURUSD","2026-09-25 02:20:09.575Z",1.13764,1.1377
"exness","EURUSD","2026-09-25 02:20:17.441Z",1.13765,1.13771
"exness","EURUSD","2026-09-25 02:20:27.818Z",1.13764,1.1377
"exness","EURUSD","2026-09-25 02:20:43.336Z",1.13766,1.13772
"exness","EURUSD","2026-09-25 02:20:45.606Z",1.13765,1.13771
"exness","EURUSD","2026-09-25 02:20:50.072Z",1.13764,1.1377
"exness","EURUSD","2026-09-25 02:20:59.553Z",1.13765,1.13771
"exness","EURUSD","2026-09-25 02:21:05.632Z",1.13764,1.1377
"exness","EURUSD","2026-09-25 02:21:08.436Z",1.13763,1.13769
"exness","EURUSD","2026-09-25 02:21:13.949Z",1.13761,1.13767
"exness","EURUSD","2026-09-25 02:21:15.225Z",1.13763,1.13769
"exness","EURUSD","2026-09-25 02:21:16.897Z",1.13761,1.13767
"exness","EURUSD","2026-09-25 02:21:21.922Z",1.13763,1.13769
"exness","EURUSD","2026-09-25 02:21:28.104Z",1.13762,1.13768
"exness","EURUSD","2026-09-25 02:21:40.085Z",1.13763,1.13769
"exness","EURUSD","2026-09-25 02:21:41.247Z",1.13764,1.1377
"exness","EURUSD","2026-09-25 02:21:47.467Z",1.13766,1.13772
"exness","EURUSD","2026-09-25 02:21:47.504Z",1.13767,1.13773
"exness","EURUSD","2026-09-25 02:21:47.545Z",1.13769,1.13775
"exness","EURUSD","2026-09-25 02:21:49.098Z",1.1377,1.13776
"exness","EURUSD","2026-09-25 02:21:53.711Z",1.13769,1.13775
"exness","EURUSD","2026-09-25 02:21:59.414Z",1.1377,1.13776
"exness","EURUSD","2026-09-25 02:22:00.902Z",1.13769,1.13775
"exness","EURUSD","2026-09-25 02:22:09.640Z",1.1377,1.13776
"exness","EURUSD","2026-09-25 02:22:12.869Z",1.13769,1.13775
"exness","EURUSD","2026-09-25 02:22:29.005Z",1.13771,1.13777
"exness","EURUSD","2026-09-25 02:22:29.692Z",1.13772,1.13778
"exness","EURUSD","2026-09-25 02:22:29.735Z",1.13774,1.1378
"exness","EURUSD","2026-09-25 02:22:31.771Z",1.13773,1.13779
"exness","EURUSD","2026-09-25 02:22:32.893Z",1.13775,1.13781
"exness","EURUSD","2026-09-25 02:22:33.014Z",1.13776,1.13782
"exness","EURUSD","2026-09-25 02:22:33.041Z",1.13778,1.13784
"exness","EURUSD","2026-09-25 02:22:34.084Z",1.13779,1.13785
"exness","EURUSD","2026-09-25 02:22:36.265Z",1.1378,1.13786
"exness","EURUSD","2026-09-25 02:22:36.594Z",1.13782,1.13788
"exness","EURUSD","2026-09-25 02:22:36.635Z",1.1378300000000001,1.13789
"exness","EURUSD","2026-09-25 02:22:37.651Z",1.13784,1.1379
"exness","EURUSD","2026-09-25 02:22:38.677Z",1.13782,1.13788
"exness","EURUSD","2026-09-25 02:22:39.541Z",1.1378,1.13786
"exness","EURUSD","2026-09-25 02:22:42.236Z",1.13782,1.13788
"exness","EURUSD","2026-09-25 02:22:42.279Z",1.13784,1.1379
"exness","EURUSD","2026-09-25 02:22:43.435Z",1.13785,1.13791
"exness","EURUSD","2026-09-25 02:22:44.628Z",1.13784,1.1379
"exness","EURUSD","2026-09-25 02:22:46.088Z",1.1378300000000001,1.13789
"exness","EURUSD","2026-09-25 02:22:48.662Z",1.13782,1.13788
"exness","EURUSD","2026-09-25 02:22:50.779Z",1.1378300000000001,1.13789
"exness","EURUSD","2026-09-25 02:22:52.001Z",1.13781,1.13787
"exness","EURUSD","2026-09-25 02:22:57.010Z",1.13782,1.13788
"exness","EURUSD","2026-09-25 02:23:00.942Z",1.13781,1.13787
"exness","EURUSD","2026-09-25 02:23:01.111Z",1.1378,1.13786
"exness","EURUSD","2026-09-25 02:23:01.146Z",1.13778,1.13784
"exness","EURUSD","2026-09-25 02:23:08.688Z",1.13779,1.13785
"exness","EURUSD","2026-09-25 02:23:10.677Z",1.1378,1.13786
"exness","EURUSD","2026-09-25 02:23:24.685Z",1.13778,1.13784
"exness","EURUSD","2026-09-25 02:23:24.691Z",1.13776,1.13782
"exness","EURUSD","2026-09-25 02:23:24.732Z",1.13774,1.1378
"exness","EURUSD","2026-09-25 02:23:41.239Z",1.13772,1.13778
"exness","EURUSD","2026-09-25 02:23:41.263Z",1.1377,1.13776
"exness","EURUSD","2026-09-25 02:23:41.404Z",1.13769,1.13775
"exness","EURUSD","2026-09-25 02:23:42.419Z",1.13768,1.13774
"exness","EURUSD","2026-09-25 02:23:43.915Z",1.13769,1.13775
"exness","EURUSD","2026-09-25 02:23:47.467Z",1.13768,1.13774
"exness","EURUSD","2026-09-25 02:23:48.051Z",1.13766,1.13772
"exness","EURUSD","2026-09-25 02:23:49.256Z",1.13767,1.13773
"exness","EURUSD","2026-09-25 02:23:55.759Z",1.13766,1.13772
"exness","EURUSD","2026-09-25 02:23:57.151Z",1.13765,1.13771
"exness","EURUSD","2026-09-25 02:23:58.363Z",1.13766,1.13772
"exness","EURUSD","2026-09-25 02:24:00.537Z",1.13765,1.13771
"exness","EURUSD","2026-09-25 02:24:04.384Z",1.13764,1.1377
"exness","EURUSD","2026-09-25 02:24:07.242Z",1.13766,1.13772
"exness","EURUSD","2026-09-25 02:24:07.251Z",1.13767,1.13773
"exness","EURUSD","2026-09-25 02:24:07.293Z",1.13769,1.13775
"exness","EURUSD","2026-09-25 02:24:09.625Z",1.13768,1.13774
"exness","EURUSD","2026-09-25 02:24:10.647Z",1.13769,1.13775
"exness","EURUSD","2026-09-25 02:24:13.827Z",1.1377,1.13776
"exness","EURUSD","2026-09-25 02:24:15.354Z",1.13769,1.13775
"exness","EURUSD","2026-09-25 02:24:21.743Z",1.13768,1.13774
"exness","EURUSD","2026-09-25 02:24:23.232Z",1.13767,1.13773
"exness","EURUSD","2026-09-25 02:24:30.376Z",1.13766,1.13772
"exness","EURUSD","2026-09-25 02:24:32.143Z",1.13764,1.1377
"exness","EURUSD","2026-09-25 02:24:34.358Z",1.13765,1.13771
"exness","EURUSD","2026-09-25 02:24:45.329Z",1.13766,1.13772
"exness","EURUSD","2026-09-25 02:24:47.754Z",1.13765,1.13771
"exness","EURUSD","2026-09-25 02:24:49.077Z",1.13764,1.1377
"exness","EURUSD","2026-09-25 02:24:52.938Z",1.13765,1.13771
"exness","EURUSD","2026-09-25 02:24:55.009Z",1.13767,1.13773
"exness","EURUSD","2026-09-25 02:24:56.296Z",1.13766,1.13772
"exness","EURUSD","2026-09-25 02:25:00.927Z",1.13765,1.13771
"exness","EURUSD","2026-09-25 02:25:02.077Z",1.13764,1.1377
"exness","EURUSD","2026-09-25 02:25:09.918Z",1.13763,1.13769
"exness","EURUSD","2026-09-25 02:25:11.013Z",1.13764,1.1377
"exness","EURUSD","2026-09-25 02:25:11.742Z",1.13762,1.13768
"exness","EURUSD","2026-09-25 02:25:12.125Z",1.1376,1.13766
"exness","EURUSD","2026-09-25 02:25:13.296Z",1.13761,1.13767
"exness","EURUSD","2026-09-25 02:25:14.540Z",1.13762,1.13768
"exness","EURUSD","2026-09-25 02:25:21.311Z",1.13763,1.13769
"exness","EURUSD","2026-09-25 02:25:43.122Z",1.13764,1.1377
"exness","EURUSD","2026-09-25 02:25:48.885Z",1.13763,1.13769
"exness","EURUSD","2026-09-25 02:25:50.151Z",1.13764,1.1377
"exness","EURUSD","2026-09-25 02:26:08.448Z",1.13762,1.13768
"exness","EURUSD","2026-09-25 02:26:08.481Z",1.1376,1.13766
"exness","EURUSD","2026-09-25 02:26:10.822Z",1.13761,1.13767
"exness","EURUSD","2026-09-25 02:26:20.046Z",1.13762,1.13768
"exness","EURUSD","2026-09-25 02:26:25.349Z",1.13761,1.13767
"exness","EURUSD","2026-09-25 02:26:26.362Z",1.13762,1.13768
"exness","EURUSD","2026-09-25 02:26:34.217Z",1.1376,1.13766
"exness","EURUSD","2026-09-25 02:26:35.101Z",1.13762,1.13768
"exness","EURUSD","2026-09-25 02:26:35.333Z",1.13764,1.1377
"exness","EURUSD","2026-09-25 02:26:36.353Z",1.13765,1.13771
"exness","EURUSD","2026-09-25 02:26:37.703Z",1.13764,1.1377
"exness","EURUSD","2026-09-25 02:27:00.476Z",1.13765,1.13771
"exness","EURUSD","2026-09-25 02:27:12.633Z",1.13764,1.1377
"exness","EURUSD","2026-09-25 02:27:15.294Z",1.13762,1.13768
"exness","EURUSD","2026-09-25 02:27:19.079Z",1.13761,1.13767
"exness","EURUSD","2026-09-25 02:27:22.184Z",1.13762,1.13768
"exness","EURUSD","2026-09-25 02:27:31.709Z",1.13761,1.13767
"exness","EURUSD","2026-09-25 02:27:32.736Z",1.1376,1.13766
"exness","EURUSD","2026-09-25 02:27:34.821Z",1.13761,1.13767
"exness","EURUSD","2026-09-25 02:27:51.003Z",1.13762,1.13768
"exness","EURUSD","2026-09-25 02:27:52.313Z",1.13761,1.13767
"exness","EURUSD","2026-09-25 02:27:54.919Z",1.1376,1.13766
"exness","EURUSD","2026-09-25 02:27:55.955Z",1.13761,1.13767
"exness","EURUSD","2026-09-25 02:28:03.878Z",1.1376,1.13766
"exness","EURUSD","2026-09-25 02:28:04.943Z",1.13761,1.13767
"exness","EURUSD","2026-09-25 02:28:05.496Z",1.13763,1.13769
"exness","EURUSD","2026-09-25 02:28:05.722Z",1.13765,1.13771
"exness","EURUSD","2026-09-25 02:28:11.295Z",1.13763,1.13769
"exness","EURUSD","2026-09-25 02:28:12.373Z",1.13764,1.1377
"exness","EURUSD","2026-09-25 02:28:12.843Z",1.13766,1.13772
"exness","EURUSD","2026-09-25 02:28:12.976Z",1.13767,1.13773
"exness","EURUSD","2026-09-25 02:28:14.076Z",1.13766,1.13772
"exness","EURUSD","2026-09-25 02:28:16.363Z",1.13768,1.13774
"exness","EURUSD","2026-09-25 02:28:18.693Z",1.13767,1.13773
"exness","EURUSD","2026-09-25 02:28:22.088Z",1.13769,1.13775
"exness","EURUSD","2026-09-25 02:28:28.063Z",1.1377,1.13776
"exness","EURUSD","2026-09-25 02:28:30.058Z",1.13769,1.13775
"exness","EURUSD","2026-09-25 02:28:31.372Z",1.13768,1.13774
"exness","EURUSD","2026-09-25 02:28:37.568Z",1.13769,1.13775
"exness","EURUSD","2026-09-25 02:28:44.952Z",1.1377,1.13776
"exness","EURUSD","2026-09-25 02:28:51.567Z",1.13768,1.13774
"exness","EURUSD","2026-09-25 02:28:52.626Z",1.13767,1.13773
"exness","EURUSD","2026-09-25 02:28:56.573Z",1.13765,1.13771
"exness","EURUSD","2026-09-25 02:28:58.760Z",1.13766,1.13772
"exness","EURUSD","2026-09-25 02:29:02.430Z",1.13765,1.13771
"exness","EURUSD","2026-09-25 02:29:06.614Z",1.13766,1.13772
"exness","EURUSD","2026-09-25 02:29:07.624Z",1.13765,1.13771
"exness","EURUSD","2026-09-25 02:29:09.654Z",1.13767,1.13773
"exness","EURUSD","2026-09-25 02:29:10.670Z",1.13768,1.13774
"exness","EURUSD","2026-09-25 02:29:12.694Z",1.13769,1.13775
"exness","EURUSD","2026-09-25 02:29:23.286Z",1.13768,1.13774
"exness","EURUSD","2026-09-25 02:29:24.828Z",1.13767,1.13773
"exness","EURUSD","2026-09-25 02:29:25.211Z",1.13765,1.13771
"exness","EURUSD","2026-09-25 02:29:26.470Z",1.13764,1.1377
"exness","EURUSD","2026-09-25 02:29:29.735Z",1.13763,1.13769
"exness","EURUSD","2026-09-25 02:29:30.906Z",1.13764,1.1377
"exness","EURUSD","2026-09-25 02:29:32.960Z",1.13763,1.13769
"exness","EURUSD","2026-09-25 02:29:47.566Z",1.13762,1.13768
"exness","EURUSD","2026-09-25 02:29:49.898Z",1.13763,1.13769
"exness","EURUSD","2026-09-25 02:29:51.103Z",1.13762,1.13768
"exness","EURUSD","2026-09-25 02:29:52.070Z",1.13764,1.1377
"exness","EURUSD","2026-09-25 02:29:53.098Z",1.13765,1.13771
"exness","EURUSD","2026-09-25 02:29:55.192Z",1.13764,1.1377
"exness","EURUSD","2026-09-25 02:30:02.781Z",1.13763,1.13769
"exness","EURUSD","2026-09-25 02:30:23.247Z",1.13762,1.13768
"exness","EURUSD","2026-09-25 02:30:24.359Z",1.13763,1.13769
"exness","EURUSD","2026-09-25 02:30:25.964Z",1.13761,1.13767
"exness","EURUSD","2026-09-25 02:30:27.669Z",1.13762,1.13768
"exness","EURUSD","2026-09-25 02:30:31.311Z",1.13763,1.13769
"exness","EURUSD","2026-09-25 02:30:31.402Z",1.13765,1.13771
"exness","EURUSD","2026-09-25 02:30:34.985Z",1.13764,1.1377
"exness","EURUSD","2026-09-25 02:30:42.787Z",1.13765,1.13771
"exness","EURUSD","2026-09-25 02:30:43.320Z",1.13767,1.13773
"exness","EURUSD","2026-09-25 02:30:44.356Z",1.13768,1.13774
"exness","EURUSD","2026-09-25 02:30:46.222Z",1.13767,1.13773
"exness","EURUSD","2026-09-25 02:30:48.449Z",1.13766,1.13772
"exness","EURUSD","2026-09-25 02:30:53.250Z",1.13767,1.13773
"exness","EURUSD","2026-09-25 02:30:58.314Z",1.13768,1.13774
"exness","EURUSD","2026-09-25 02:31:05.238Z",1.13769,1.13775
"exness","EURUSD","2026-09-25 02:31:06.864Z",1.13768,1.13774
"exness","EURUSD","2026-09-25 02:31:09.959Z",1.13769,1.13775
"exness","EURUSD","2026-09-25 02:31:15.164Z",1.13767,1.13773
"exness","EURUSD","2026-09-25 02:31:15.246Z",1.13765,1.13771
"exness","EURUSD","2026-09-25 02:31:15.314Z",1.13764,1.1377
"exness","EURUSD","2026-09-25 02:31:15.606Z",1.13762,1.13768
"exness","EURUSD","2026-09-25 02:31:16.741Z",1.13764,1.1377
"exness","EURUSD","2026-09-25 02:31:20.077Z",1.13763,1.13769
"exness","EURUSD","2026-09-25 02:31:24.228Z",1.13764,1.1377
"exness","EURUSD","2026-09-25 02:31:25.740Z",1.13765,1.13771
"exness","EURUSD","2026-09-25 02:31:28.594Z",1.13763,1.13769
"exness","EURUSD","2026-09-25 02:31:31.441Z",1.13762,1.13768
"exness","EURUSD","2026-09-25 02:31:38.949Z",1.13763,1.13769
"exness","EURUSD","2026-09-25 02:31:40.365Z",1.13764,1.1377
"exness","EURUSD","2026-09-25 02:31:44.234Z",1.13765,1.13771
"exness","EURUSD","2026-09-25 02:31:45.900Z",1.13764,1.1377
"exness","EURUSD","2026-09-25 02:31:48.110Z",1.13763,1.13769
"exness","EURUSD","2026-09-25 02:32:00.508Z",1.13765,1.13771
"exness","EURUSD","2026-09-25 02:32:00.529Z",1.13766,1.13772
"exness","EURUSD","2026-09-25 02:32:05.766Z",1.13765,1.13771
"exness","EURUSD","2026-09-25 02:32:16.499Z",1.13764,1.1377
"exness","EURUSD","2026-09-25 02:32:17.484Z",1.13767,1.13773
"exness","EURUSD","2026-09-25 02:32:21.427Z",1.13768,1.13774
"exness","EURUSD","2026-09-25 02:32:23.233Z",1.13767,1.13773
"exness","EURUSD","2026-09-25 02:32:44.079Z",1.13768,1.13774
"exness","EURUSD","2026-09-25 02:32:48.065Z",1.13769,1.13775
"exness","EURUSD","2026-09-25 02:32:49.063Z",1.13768,1.13774
"exness","EURUSD","2026-09-25 02:32:50.102Z",1.13767,1.13773
"exness","EURUSD","2026-09-25 02:33:00.615Z",1.13769,1.13775
"exness","EURUSD","2026-09-25 02:33:12.085Z",1.13768,1.13774
"exness","EURUSD","2026-09-25 02:33:15.043Z",1.13769,1.13775
"exness","EURUSD","2026-09-25 02:33:16.131Z",1.13768,1.13774
"exness","EURUSD","2026-09-25 02:33:17.206Z",1.13769,1.13775
"exness","EURUSD","2026-09-25 02:33:17.317Z",1.13771,1.13777
"exness","EURUSD","2026-09-25 02:33:18.514Z",1.13769,1.13775
"exness","EURUSD","2026-09-25 02:33:19.810Z",1.13768,1.13774
"exness","EURUSD","2026-09-25 02:33:21.810Z",1.13766,1.13772
"exness","EURUSD","2026-09-25 02:33:26.078Z",1.13767,1.13773
"exness","EURUSD","2026-09-25 02:33:31.396Z",1.13768,1.13774
"exness","EURUSD","2026-09-25 02:33:50.533Z",1.13767,1.13773
"exness","EURUSD","2026-09-25 02:33:51.664Z",1.13768,1.13774
"exness","EURUSD","2026-09-25 02:33:52.603Z",1.1377,1.13776
"exness","EURUSD","2026-09-25 02:33:53.785Z",1.13771,1.13777
"exness","EURUSD","2026-09-25 02:33:55.111Z",1.1377,1.13776
"exness","EURUSD","2026-09-25 02:34:00.355Z",1.13771,1.13777
"exness","EURUSD","2026-09-25 02:34:01.833Z",1.1377,1.13776
"exness","EURUSD","2026-09-25 02:34:02.843Z",1.13769,1.13775
"exness","EURUSD","2026-09-25 02:34:05.823Z",1.13771,1.13777
"exness","EURUSD","2026-09-25 02:34:11.445Z",1.13772,1.13778
"exness","EURUSD","2026-09-25 02:34:13.216Z",1.13771,1.13777
"exness","EURUSD","2026-09-25 02:34:14.512Z",1.1377,1.13776
"exness","EURUSD","2026-09-25 02:34:18.918Z",1.13769,1.13775
"exness","EURUSD","2026-09-25 02:34:20.551Z",1.1377,1.13776
"exness","EURUSD","2026-09-25 02:34:25.591Z",1.13771,1.13777
"exness","EURUSD","2026-09-25 02:34:27.013Z",1.1377,1.13776
"exness","EURUSD","2026-09-25 02:34:27.618Z",1.13768,1.13774
"exness","EURUSD","2026-09-25 02:34:28.640Z",1.13767,1.13773
"exness","EURUSD","2026-09-25 02:34:32.691Z",1.13769,1.13775
"exness","EURUSD","2026-09-25 02:34:34.088Z",1.1377,1.13776
"exness","EURUSD","2026-09-25 02:34:36.587Z",1.13769,1.13775
"exness","EURUSD","2026-09-25 02:34:41.443Z",1.13767,1.13773
"exness","EURUSD","2026-09-25 02:34:43.305Z",1.13766,1.13772
"exness","EURUSD","2026-09-25 02:34:46.300Z",1.13767,1.13773
"exness","EURUSD","2026-09-25 02:34:55.654Z",1.13768,1.13774
"exness","EURUSD","2026-09-25 02:35:09.148Z",1.13766,1.13772
"exness","EURUSD","2026-09-25 02:35:10.544Z",1.13767,1.13773
"exness","EURUSD","2026-09-25 02:35:11.551Z",1.13766,1.13772
"exness","EURUSD","2026-09-25 02:35:12.579Z",1.13767,1.13773
"exness","EURUSD","2026-09-25 02:35:13.757Z",1.13768,1.13774
"exness","EURUSD","2026-09-25 02:35:15.441Z",1.13767,1.13773
"exness","EURUSD","2026-09-25 02:35:24.816Z",1.13766,1.13772
"exness","EURUSD","2026-09-25 02:35:27.781Z",1.13767,1.13773
"exness","EURUSD","2026-09-25 02:35:28.885Z",1.13768,1.13774
"exness","EURUSD","2026-09-25 02:35:31.113Z",1.13767,1.13773
"exness","EURUSD","2026-09-25 02:35:42.229Z",1.13768,1.13774
"exness","EURUSD","2026-09-25 02:35:43.853Z",1.13765,1.13771
"exness","EURUSD","2026-09-25 02:35:45.447Z",1.13764,1.1377
"exness","EURUSD","2026-09-25 02:35:46.511Z",1.13765,1.13771
"exness","EURUSD","2026-09-25 02:35:48.541Z",1.13767,1.13773
"exness","EURUSD","2026-09-25 02:35:49.488Z",1.13764,1.1377
"exness","EURUSD","2026-09-25 02:35:50.007Z",1.13763,1.13769
"exness","EURUSD","2026-09-25 02:35:54.636Z",1.13764,1.1377
"exness","EURUSD","2026-09-25 02:35:55.638Z",1.13762,1.13768
"exness","EURUSD","2026-09-25 02:36:02.264Z",1.13763,1.13769
"exness","EURUSD","2026-09-25 02:36:07.875Z",1.13762,1.13768
"exness","EURUSD","2026-09-25 02:36:13.257Z",1.13761,1.13767
"exness","EURUSD","2026-09-25 02:36:20.353Z",1.13762,1.13768
"exness","EURUSD","2026-09-25 02:36:21.353Z",1.1376,1.13766
"exness","EURUSD","2026-09-25 02:36:22.326Z",1.13762,1.13768
"exness","EURUSD","2026-09-25 02:36:24.926Z",1.1376,1.13766
"exness","EURUSD","2026-09-25 02:36:26.005Z",1.13758,1.13764
"exness","EURUSD","2026-09-25 02:36:33.054Z",1.1376,1.13766
"exness","EURUSD","2026-09-25 02:36:33.993Z",1.13761,1.13767
"exness","EURUSD","2026-09-25 02:36:38.781Z",1.1375899999999999,1.13765
"exness","EURUSD","2026-09-25 02:36:40.861Z",1.1376,1.13766
"exness","EURUSD","2026-09-25 02:36:42.783Z",1.13758,1.13764
"exness","EURUSD","2026-09-25 02:36:44.089Z",1.1375899999999999,1.13765
"exness","EURUSD","2026-09-25 02:36:49.305Z",1.1376,1.13766
"exness","EURUSD","2026-09-25 02:36:50.640Z",1.1375899999999999,1.13765
"exness","EURUSD","2026-09-25 02:36:51.902Z",1.13757,1.13763
"exness","EURUSD","2026-09-25 02:36:55.080Z",1.1375899999999999,1.13765
"exness","EURUSD","2026-09-25 02:36:56.217Z",1.13758,1.13764
"exness","EURUSD","2026-09-25 02:37:02.737Z",1.13756,1.13762
"exness","EURUSD","2026-09-25 02:37:03.771Z",1.13757,1.13763
"exness","EURUSD","2026-09-25 02:37:10.736Z",1.13758,1.13764
"exness","EURUSD","2026-09-25 02:37:13.701Z",1.13757,1.13763
"exness","EURUSD","2026-09-25 02:37:20.434Z",1.13756,1.13762
"exness","EURUSD","2026-09-25 02:37:20.662Z",1.13754,1.1376
"exness","EURUSD","2026-09-25 02:37:21.794Z",1.13753,1.1375899999999999
"exness","EURUSD","2026-09-25 02:37:23.158Z",1.13752,1.13758
"exness","EURUSD","2026-09-25 02:37:24.363Z",1.13753,1.1375899999999999
"exness","EURUSD","2026-09-25 02:37:25.402Z",1.13754,1.1376
"exness","EURUSD","2026-09-25 02:37:26.870Z",1.13753,1.1375899999999999
"exness","EURUSD","2026-09-25 02:37:27.964Z",1.13754,1.1376
"exness","EURUSD","2026-09-25 02:37:30.013Z",1.13753,1.1375899999999999
"exness","EURUSD","2026-09-25 02:37:33.564Z",1.13751,1.13757
"exness","EURUSD","2026-09-25 02:37:40.984Z",1.1375,1.13756
"exness","EURUSD","2026-09-25 02:37:42.139Z",1.13752,1.13758
"exness","EURUSD","2026-09-25 02:37:43.730Z",1.13751,1.13757
"exness","EURUSD","2026-09-25 02:37:44.776Z",1.13752,1.13758
"exness","EURUSD","2026-09-25 02:37:46.931Z",1.13753,1.1375899999999999
"exness","EURUSD","2026-09-25 02:37:51.527Z",1.13755,1.13761
"exness","EURUSD","2026-09-25 02:37:51.834Z",1.13757,1.13763
"exness","EURUSD","2026-09-25 02:37:52.909Z",1.13758,1.13764
"exness","EURUSD","2026-09-25 02:37:54.165Z",1.13757,1.13763
"exness","EURUSD","2026-09-25 02:38:02.490Z",1.13758,1.13764
"exness","EURUSD","2026-09-25 02:38:06.152Z",1.13757,1.13763
"exness","EURUSD","2026-09-25 02:38:20.896Z",1.1375899999999999,1.13765
"exness","EURUSD","2026-09-25 02:38:28.213Z",1.1376,1.13766
"exness","EURUSD","2026-09-25 02:38:29.247Z",1.13758,1.13764
"exness","EURUSD","2026-09-25 02:38:32.943Z",1.1376,1.13766
"exness","EURUSD","2026-09-25 02:38:35.327Z",1.1375899999999999,1.13765
"exness","EURUSD","2026-09-25 02:38:35.355Z",1.13757,1.13763
"exness","EURUSD","2026-09-25 02:38:35.667Z",1.13755,1.13761
"exness","EURUSD","2026-09-25 02:38:38.216Z",1.13756,1.13762
"exness","EURUSD","2026-09-25 02:38:46.596Z",1.13757,1.13763
"exness","EURUSD","2026-09-25 02:38:50.425Z",1.13758,1.13764
"exness","EURUSD","2026-09-25 02:38:52.212Z",1.1376,1.13766
"exness","EURUSD","2026-09-25 02:38:53.103Z",1.13761,1.13767
"exness","EURUSD","2026-09-25 02:38:55.438Z",1.1376,1.13766
"exness","EURUSD","2026-09-25 02:38:59.310Z",1.13761,1.13767
"exness","EURUSD","2026-09-25 02:39:01.856Z",1.1376,1.13766
"exness","EURUSD","2026-09-25 02:39:05.978Z",1.1375899999999999,1.13765
"exness","EURUSD","2026-09-25 02:39:06.512Z",1.13761,1.13767
"exness","EURUSD","2026-09-25 02:39:07.565Z",1.13762,1.13768
"exness","EURUSD","2026-09-25 02:39:08.639Z",1.13761,1.13767
"exness","EURUSD","2026-09-25 02:39:10.239Z",1.13762,1.13768
"exness","EURUSD","2026-09-25 02:39:15.775Z",1.1376,1.13766
"exness","EURUSD","2026-09-25 02:39:23.448Z",1.13762,1.13768
"exness","EURUSD","2026-09-25 02:39:36.003Z",1.1376,1.13766
"exness","EURUSD","2026-09-25 02:39:43.554Z",1.1375899999999999,1.13765
"exness","EURUSD","2026-09-25 02:39:44.655Z",1.1376,1.13766
"exness","EURUSD","2026-09-25 02:39:57.145Z",1.13758,1.13764
"exness","EURUSD","2026-09-25 02:39:59.672Z",1.13757,1.13763
"exness","EURUSD","2026-09-25 02:40:00.842Z",1.13758,1.13764
"exness","EURUSD","2026-09-25 02:40:05.544Z",1.1375899999999999,1.13765
"exness","EURUSD","2026-09-25 02:40:10.916Z",1.13758,1.13764
"exness","EURUSD","2026-09-25 02:40:13.137Z",1.13757,1.13763
"exness","EURUSD","2026-09-25 02:40:14.614Z",1.13756,1.13762
"exness","EURUSD","2026-09-25 02:40:24.256Z",1.13755,1.13761
"exness","EURUSD","2026-09-25 02:40:25.470Z",1.13754,1.1376
"exness","EURUSD","2026-09-25 02:40:30.766Z",1.13753,1.1375899999999999
"exness","EURUSD","2026-09-25 02:40:31.078Z",1.13751,1.13757
"exness","EURUSD","2026-09-25 02:40:32.087Z",1.1375,1.13756
"exness","EURUSD","2026-09-25 02:40:34.218Z",1.13752,1.13758
"exness","EURUSD","2026-09-25 02:40:34.392Z",1.1374900000000001,1.13755
"exness","EURUSD","2026-09-25 02:40:35.465Z",1.1375,1.13756
"exness","EURUSD","2026-09-25 02:40:37.443Z",1.13747,1.13753
"exness","EURUSD","2026-09-25 02:40:38.482Z",1.13748,1.13754
"exness","EURUSD","2026-09-25 02:40:41.495Z",1.1374900000000001,1.13755
"exness","EURUSD","2026-09-25 02:40:45.389Z",1.13751,1.13757
"exness","EURUSD","2026-09-25 02:40:45.442Z",1.13753,1.1375899999999999
"exness","EURUSD","2026-09-25 02:40:46.463Z",1.13754,1.1376
"exness","EURUSD","2026-09-25 02:40:47.547Z",1.13753,1.1375899999999999
"exness","EURUSD","2026-09-25 02:40:48.769Z",1.13751,1.13757
"exness","EURUSD","2026-09-25 02:40:52.381Z",1.13752,1.13758
"exness","EURUSD","2026-09-25 02:40:56.464Z",1.13751,1.13757
"exness","EURUSD","2026-09-25 02:40:57.584Z",1.1375,1.13756
"exness","EURUSD","2026-09-25 02:41:03.203Z",1.13752,1.13758
"exness","EURUSD","2026-09-25 02:41:04.454Z",1.13751,1.13757
"exness","EURUSD","2026-09-25 02:41:08.584Z",1.13752,1.13758
"exness","EURUSD","2026-09-25 02:41:19.479Z",1.13751,1.13757
"exness","EURUSD","2026-09-25 02:41:19.595Z",1.13753,1.1375899999999999
"exness","EURUSD","2026-09-25 02:41:20.724Z",1.13755,1.13761
"exness","EURUSD","2026-09-25 02:41:22.536Z",1.13754,1.1376
"exness","EURUSD","2026-09-25 02:41:23.574Z",1.13753,1.1375899999999999
"exness","EURUSD","2026-09-25 02:41:24.126Z",1.13755,1.13761
"exness","EURUSD","2026-09-25 02:41:25.224Z",1.13756,1.13762
"exness","EURUSD","2026-09-25 02:41:26.074Z",1.13758,1.13764
"exness","EURUSD","2026-09-25 02:41:27.228Z",1.13757,1.13763
"exness","EURUSD","2026-09-25 02:41:28.939Z",1.13758,1.13764
"exness","EURUSD","2026-09-25 02:41:36.353Z",1.1375899999999999,1.13765
"exness","EURUSD","2026-09-25 02:41:55.745Z",1.1376,1.13766
"exness","EURUSD","2026-09-25 02:41:59.736Z",1.1375899999999999,1.13765
"exness","EURUSD","2026-09-25 02:42:02.599Z",1.13761,1.13767
"exness","EURUSD","2026-09-25 02:42:04.778Z",1.1376,1.13766
"exness","EURUSD","2026-09-25 02:42:06.925Z",1.13761,1.13767
"exness","EURUSD","2026-09-25 02:42:11.225Z",1.1376,1.13766
"exness","EURUSD","2026-09-25 02:42:15.619Z",1.13761,1.13767
"exness","EURUSD","2026-09-25 02:42:18.321Z",1.1376,1.13766
"exness","EURUSD","2026-09-25 02:42:19.884Z",1.13761,1.13767
"exness","EURUSD","2026-09-25 02:42:21.038Z",1.1376,1.13766
"exness","EURUSD","2026-09-25 02:42:26.126Z",1.1375899999999999,1.13765
"exness","EURUSD","2026-09-25 02:42:56.672Z",1.13758,1.13764
"exness","EURUSD","2026-09-25 02:42:57.852Z",1.1375899999999999,1.13765
"exness","EURUSD","2026-09-25 02:42:58.889Z",1.13761,1.13767
"exness","EURUSD","2026-09-25 02:43:02.331Z",1.1376,1.13766
"exness","EURUSD","2026-09-25 02:43:03.384Z",1.13761,1.13767
"exness","EURUSD","2026-09-25 02:43:16.506Z",1.13763,1.13769
"exness","EURUSD","2026-09-25 02:43:16.554Z",1.13765,1.13771
"exness","EURUSD","2026-09-25 02:43:16.651Z",1.13766,1.13772
"exness","EURUSD","2026-09-25 02:43:17.651Z",1.13767,1.13773
"exness","EURUSD","2026-09-25 02:43:18.658Z",1.13765,1.13771
"exness","EURUSD","2026-09-25 02:43:21.187Z",1.13766,1.13772
"exness","EURUSD","2026-09-25 02:43:24.521Z",1.13767,1.13773
"exness","EURUSD","2026-09-25 02:43:30.692Z",1.13765,1.13771
"exness","EURUSD","2026-09-25 02:43:31.908Z",1.13767,1.13773
"exness","EURUSD","2026-09-25 02:43:34.340Z",1.13768,1.13774
"exness","EURUSD","2026-09-25 02:43:35.389Z",1.13767,1.13773
"exness","EURUSD","2026-09-25 02:43:37.580Z",1.13768,1.13774
"exness","EURUSD","2026-09-25 02:43:41.788Z",1.1377,1.13776
"exness","EURUSD","2026-09-25 02:43:43.067Z",1.13771,1.13777
"exness","EURUSD","2026-09-25 02:43:44.567Z",1.1377,1.13776
"exness","EURUSD","2026-09-25 02:43:48.581Z",1.13769,1.13775
"exness","EURUSD","2026-09-25 02:43:54.159Z",1.1377,1.13776
"exness","EURUSD","2026-09-25 02:43:56.844Z",1.13769,1.13775
"exness","EURUSD","2026-09-25 02:43:59.888Z",1.13771,1.13777
"exness","EURUSD","2026-09-25 02:44:01.331Z",1.1377,1.13776
"exness","EURUSD","2026-09-25 02:44:09.438Z",1.13769,1.13775
"exness","EURUSD","2026-09-25 02:44:12.459Z",1.13768,1.13774
"exness","EURUSD","2026-09-25 02:44:13.744Z",1.13769,1.13775
"exness","EURUSD","2026-09-25 02:44:15.927Z",1.1377,1.13776
"exness","EURUSD","2026-09-25 02:44:18.187Z",1.13769,1.13775
"exness","EURUSD","2026-09-25 02:44:23.108Z",1.1377,1.13776
"exness","EURUSD","2026-09-25 02:44:25.409Z",1.13769,1.13775
"exness","EURUSD","2026-09-25 02:44:26.750Z",1.13768,1.13774
"exness","EURUSD","2026-09-25 02:44:27.789Z",1.13769,1.13775
"exness","EURUSD","2026-09-25 02:44:29.008Z",1.13768,1.13774
"exness","EURUSD","2026-09-25 02:44:30.321Z",1.1377,1.13776
"exness","EURUSD","2026-09-25 02:44:31.546Z",1.13769,1.13775
"exness","EURUSD","2026-09-25 02:44:34.216Z",1.13768,1.13774
"exness","EURUSD","2026-09-25 02:44:35.956Z",1.13769,1.13775
"exness","EURUSD","2026-09-25 02:44:41.109Z",1.13767,1.13773
"exness","EURUSD","2026-09-25 02:44:42.696Z",1.13768,1.13774
"exness","EURUSD","2026-09-25 02:44:43.785Z",1.13766,1.13772
"exness","EURUSD","2026-09-25 02:44:44.846Z",1.13767,1.13773
"exness","EURUSD","2026-09-25 02:44:46.199Z",1.13769,1.13775
"exness","EURUSD","2026-09-25 02:44:54.301Z",1.13768,1.13774
"exness","EURUSD","2026-09-25 02:44:58.718Z",1.13769,1.13775
"exness","EURUSD","2026-09-25 02:45:00.787Z",1.13768,1.13774
"exness","EURUSD","2026-09-25 02:45:07.959Z",1.13769,1.13775
"exness","EURUSD","2026-09-25 02:45:10.202Z",1.13768,1.13774
"exness","EURUSD","2026-09-25 02:45:11.203Z",1.13769,1.13775
"exness","EURUSD","2026-09-25 02:45:23.670Z",1.13768,1.13774
"exness","EURUSD","2026-09-25 02:45:36.293Z",1.13769,1.13775
"exness","EURUSD","2026-09-25 02:45:40.590Z",1.13768,1.13774
"exness","EURUSD","2026-09-25 02:45:47.420Z",1.13769,1.13775
"exness","EURUSD","2026-09-25 02:45:49.724Z",1.13768,1.13774
"exness","EURUSD","2026-09-25 02:45:49.887Z",1.13766,1.13772
"exness","EURUSD","2026-09-25 02:45:49.901Z",1.13764,1.1377
"exness","EURUSD","2026-09-25 02:45:49.944Z",1.13763,1.13769
"exness","EURUSD","2026-09-25 02:45:51.947Z",1.13762,1.13768
"exness","EURUSD","2026-09-25 02:45:53.194Z",1.13763,1.13769
"exness","EURUSD","2026-09-25 02:45:58.217Z",1.13764,1.1377
"exness","EURUSD","2026-09-25 02:46:01.351Z",1.13763,1.13769
"exness","EURUSD","2026-09-25 02:46:04.339Z",1.13761,1.13767
"exness","EURUSD","2026-09-25 02:46:04.354Z",1.1376,1.13766
"exness","EURUSD","2026-09-25 02:46:04.385Z",1.13757,1.13763
"exness","EURUSD","2026-09-25 02:46:14.624Z",1.13758,1.13764
"exness","EURUSD","2026-09-25 02:46:15.680Z",1.1375899999999999,1.13765
"exness","EURUSD","2026-09-25 02:46:17.004Z",1.13758,1.13764
"exness","EURUSD","2026-09-25 02:46:18.021Z",1.1375899999999999,1.13765
"exness","EURUSD","2026-09-25 02:46:20.363Z",1.13758,1.13764
"exness","EURUSD","2026-09-25 02:46:23.552Z",1.1375899999999999,1.13765
"exness","EURUSD","2026-09-25 02:46:24.816Z",1.13758,1.13764
"exness","EURUSD","2026-09-25 02:46:27.181Z",1.13757,1.13763
"exness","EURUSD","2026-09-25 02:46:31.937Z",1.13755,1.13761
"exness","EURUSD","2026-09-25 02:46:33.789Z",1.13756,1.13762
"exness","EURUSD","2026-09-25 02:46:34.821Z",1.13755,1.13761
"exness","EURUSD","2026-09-25 02:46:40.527Z",1.13753,1.1375899999999999
"exness","EURUSD","2026-09-25 02:46:41.506Z",1.13751,1.13757
"exness","EURUSD","2026-09-25 02:46:42.510Z",1.13753,1.1375899999999999
"exness","EURUSD","2026-09-25 02:46:46.646Z",1.13751,1.13757
"exness","EURUSD","2026-09-25 02:46:47.739Z",1.13753,1.1375899999999999
"exness","EURUSD","2026-09-25 02:46:51.216Z",1.13752,1.13758
"exness","EURUSD","2026-09-25 02:46:53.557Z",1.13751,1.13757
"exness","EURUSD","2026-09-25 02:46:54.165Z",1.1374900000000001,1.13755
"exness","EURUSD","2026-09-25 02:47:01.168Z",1.1375,1.13756
"exness","EURUSD","2026-09-25 02:47:11.355Z",1.13752,1.13758
"exness","EURUSD","2026-09-25 02:47:12.755Z",1.13753,1.1375899999999999
"exness","EURUSD","2026-09-25 02:47:29.219Z",1.13752,1.13758
"exness","EURUSD","2026-09-25 02:47:38.160Z",1.13753,1.1375899999999999
"exness","EURUSD","2026-09-25 02:47:38.261Z",1.13751,1.13757
"exness","EURUSD","2026-09-25 02:47:39.667Z",1.13753,1.1375899999999999
"exness","EURUSD","2026-09-25 02:47:40.854Z",1.13754,1.1376
"exness","EURUSD","2026-09-25 02:47:42.479Z",1.13752,1.13758
"exness","EURUSD","2026-09-25 02:47:43.957Z",1.13751,1.13757
"exness","EURUSD","2026-09-25 02:47:46.767Z",1.13753,1.1375899999999999
"exness","EURUSD","2026-09-25 02:47:47.463Z",1.13751,1.13757
"exness","EURUSD","2026-09-25 02:47:52.165Z",1.1374900000000001,1.13755
"exness","EURUSD","2026-09-25 02:47:53.308Z",1.13748,1.13754
"exness","EURUSD","2026-09-25 02:48:01.007Z",1.13747,1.13753
"exness","EURUSD","2026-09-25 02:48:07.599Z",1.13748,1.13754
"exness","EURUSD","2026-09-25 02:48:08.860Z",1.1374900000000001,1.13755
"exness","EURUSD","2026-09-25 02:48:10.313Z",1.13748,1.13754
"exness","EURUSD","2026-09-25 02:48:11.407Z",1.13751,1.13757
"exness","EURUSD","2026-09-25 02:48:11.439Z",1.13752,1.13758
"exness","EURUSD","2026-09-25 02:48:11.662Z",1.13754,1.1376
"exness","EURUSD","2026-09-25 02:48:12.905Z",1.13753,1.1375899999999999
"exness","EURUSD","2026-09-25 02:48:19.966Z",1.13752,1.13758
"exness","EURUSD","2026-09-25 02:48:24.243Z",1.13753,1.1375899999999999
"exness","EURUSD","2026-09-25 02:48:25.952Z",1.13755,1.13761
"exness","EURUSD","2026-09-25 02:48:26.138Z",1.13756,1.13762
"exness","EURUSD","2026-09-25 02:48:27.311Z",1.13757,1.13763
"exness","EURUSD","2026-09-25 02:48:28.781Z",1.13756,1.13762
"exness","EURUSD","2026-09-25 02:48:29.783Z",1.13755,1.13761
"exness","EURUSD","2026-09-25 02:48:32.080Z",1.13753,1.1375899999999999
"exness","EURUSD","2026-09-25 02:48:39.910Z",1.13754,1.1376
"exness","EURUSD","2026-09-25 02:48:41.788Z",1.13752,1.13758
"exness","EURUSD","2026-09-25 02:48:43.889Z",1.13751,1.13757
"exness","EURUSD","2026-09-25 02:48:45.004Z",1.13752,1.13758
"exness","EURUSD","2026-09-25 02:48:46.053Z",1.13753,1.1375899999999999
"exness","EURUSD","2026-09-25 02:48:54.645Z",1.13752,1.13758
"exness","EURUSD","2026-09-25 02:49:01.358Z",1.13754,1.1376
"exness","EURUSD","2026-09-25 02:49:02.467Z",1.13753,1.1375899999999999
"exness","EURUSD","2026-09-25 02:49:06.683Z",1.13752,1.13758
"exness","EURUSD","2026-09-25 02:49:08.068Z",1.13751,1.13757
"exness","EURUSD","2026-09-25 02:49:09.075Z",1.13753,1.1375899999999999
"exness","EURUSD","2026-09-25 02:49:10.837Z",1.1375,1.13756
"exness","EURUSD","2026-09-25 02:49:15.607Z",1.13751,1.13757
"exness","EURUSD","2026-09-25 02:49:19.766Z",1.13752,1.13758
"exness","EURUSD","2026-09-25 02:49:22.162Z",1.1375,1.13756
"exness","EURUSD","2026-09-25 02:49:23.628Z",1.13751,1.13757
"exness","EURUSD","2026-09-25 02:49:32.249Z",1.1375,1.13756
"exness","EURUSD","2026-09-25 02:49:33.046Z",1.1374900000000001,1.13755
"exness","EURUSD","2026-09-25 02:49:34.099Z",1.13748,1.13754
"exness","EURUSD","2026-09-25 02:49:39.370Z",1.1374900000000001,1.13755
"exness","EURUSD","2026-09-25 02:49:44.006Z",1.13747,1.13753
"exness","EURUSD","2026-09-25 02:49:45.092Z",1.1374900000000001,1.13755
"exness","EURUSD","2026-09-25 02:49:48.062Z",1.13747,1.13753
"exness","EURUSD","2026-09-25 02:49:51.417Z",1.1374900000000001,1.13755
"exness","EURUSD","2026-09-25 02:49:57.237Z",1.13748,1.13754
"exness","EURUSD","2026-09-25 02:49:58.052Z",1.13746,1.13752
"exness","EURUSD","2026-09-25 02:49:59.235Z",1.13745,1.13751
"exness","EURUSD","2026-09-25 02:49:59.948Z",1.13743,1.1374900000000001
"exness","EURUSD","2026-09-25 02:50:02.157Z",1.13744,1.1375
"exness","EURUSD","2026-09-25 02:50:02.503Z",1.13742,1.13748
"exness","EURUSD","2026-09-25 02:50:03.608Z",1.13745,1.13751
"exness","EURUSD","2026-09-25 02:50:06.525Z",1.13747,1.13753
"exness","EURUSD","2026-09-25 02:50:06.553Z",1.1374900000000001,1.13755
"exness","EURUSD","2026-09-25 02:50:07.049Z",1.13746,1.13752
"exness","EURUSD","2026-09-25 02:50:09.280Z",1.13747,1.13753
"exness","EURUSD","2026-09-25 02:50:11.312Z",1.13746,1.13752
"exness","EURUSD","2026-09-25 02:50:12.787Z",1.13745,1.13751
"exness","EURUSD","2026-09-25 02:50:18.438Z",1.13746,1.13752
"exness","EURUSD","2026-09-25 02:50:20.063Z",1.13747,1.13753
"exness","EURUSD","2026-09-25 02:50:22.501Z",1.13746,1.13752
"exness","EURUSD","2026-09-25 02:50:24.693Z",1.13744,1.1375
"exness","EURUSD","2026-09-25 02:50:25.808Z",1.13745,1.13751
"exness","EURUSD","2026-09-25 02:50:28.876Z",1.13744,1.1375
"exness","EURUSD","2026-09-25 02:50:31.203Z",1.13745,1.13751
"exness","EURUSD","2026-09-25 02:50:32.583Z",1.13744,1.1375
"exness","EURUSD","2026-09-25 02:50:52.944Z",1.13743,1.1374900000000001
"exness","EURUSD","2026-09-25 02:50:54.722Z",1.13744,1.1375
"exness","EURUSD","2026-09-25 02:50:56.143Z",1.13745,1.13751
"exness","EURUSD","2026-09-25 02:51:01.138Z",1.13744,1.1375
"exness","EURUSD","2026-09-25 02:51:08.543Z",1.13742,1.13748
"exness","EURUSD","2026-09-25 02:51:09.779Z",1.13743,1.1374900000000001
"exness","EURUSD","2026-09-25 02:51:13.260Z",1.13741,1.13747
"exness","EURUSD","2026-09-25 02:51:14.109Z",1.13739,1.13745
"exness","EURUSD","2026-09-25 02:51:14.286Z",1.13737,1.13743
"exness","EURUSD","2026-09-25 02:51:22.070Z",1.13736,1.13742
"exness","EURUSD","2026-09-25 02:51:23.109Z",1.13737,1.13743
"exness","EURUSD","2026-09-25 02:51:29.328Z",1.13738,1.13744
"exness","EURUSD","2026-09-25 02:51:30.861Z",1.13737,1.13743
"exness","EURUSD","2026-09-25 02:51:41.647Z",1.13736,1.13742
"exness","EURUSD","2026-09-25 02:51:42.700Z",1.13735,1.13741
"exness","EURUSD","2026-09-25 02:51:44.385Z",1.13736,1.13742
"exness","EURUSD","2026-09-25 02:51:49.065Z",1.13734,1.1374
"exness","EURUSD","2026-09-25 02:51:49.112Z",1.1373199999999999,1.13738
"exness","EURUSD","2026-09-25 02:51:50.717Z",1.13733,1.13739
"exness","EURUSD","2026-09-25 02:51:52.247Z",1.13734,1.1374
"exness","EURUSD","2026-09-25 02:51:55.995Z",1.1373199999999999,1.13738
"exness","EURUSD","2026-09-25 02:51:56.082Z",1.1373,1.13736
"exness","EURUSD","2026-09-25 02:51:56.276Z",1.13729,1.13735
"exness","EURUSD","2026-09-25 02:51:58.370Z",1.13731,1.13737
"exness","EURUSD","2026-09-25 02:52:02.365Z",1.1373,1.13736
"exness","EURUSD","2026-09-25 02:52:03.413Z",1.13729,1.13735
"exness","EURUSD","2026-09-25 02:52:08.040Z",1.1373,1.13736
"exness","EURUSD","2026-09-25 02:52:11.249Z",1.13729,1.13735
"exness","EURUSD","2026-09-25 02:52:12.312Z",1.1373,1.13736
"exness","EURUSD","2026-09-25 02:52:12.684Z",1.13731,1.13737
"exness","EURUSD","2026-09-25 02:52:14.280Z",1.1373199999999999,1.13738
"exness","EURUSD","2026-09-25 02:52:15.451Z",1.13731,1.13737
"exness","EURUSD","2026-09-25 02:52:16.608Z",1.1373,1.13736
"exness","EURUSD","2026-09-25 02:52:18.985Z",1.13731,1.13737
"exness","EURUSD","2026-09-25 02:52:20.387Z",1.13729,1.13735
"exness","EURUSD","2026-09-25 02:52:27.650Z",1.13728,1.13734
"exness","EURUSD","2026-09-25 02:52:30.670Z",1.13727,1.13733
"exness","EURUSD","2026-09-25 02:52:30.876Z",1.13725,1.13731
"exness","EURUSD","2026-09-25 02:52:32.021Z",1.13724,1.1373
"exness","EURUSD","2026-09-25 02:52:34.195Z",1.13725,1.13731
"exness","EURUSD","2026-09-25 02:52:47.024Z",1.13726,1.1373199999999999
"exness","EURUSD","2026-09-25 02:52:48.044Z",1.13725,1.13731
"exness","EURUSD","2026-09-25 02:52:49.469Z",1.13724,1.1373
"exness","EURUSD","2026-09-25 02:52:57.973Z",1.13725,1.13731
"exness","EURUSD","2026-09-25 02:53:00.516Z",1.13723,1.13729
"exness","EURUSD","2026-09-25 02:53:02.444Z",1.13725,1.13731
"exness","EURUSD","2026-09-25 02:53:04.178Z",1.13727,1.13733
"exness","EURUSD","2026-09-25 02:53:05.199Z",1.13726,1.1373199999999999
"exness","EURUSD","2026-09-25 02:53:06.307Z",1.13725,1.13731
"exness","EURUSD","2026-09-25 02:53:18.831Z",1.13726,1.1373199999999999
"exness","EURUSD","2026-09-25 02:53:20.603Z",1.13727,1.13733
"exness","EURUSD","2026-09-25 02:53:23.159Z",1.13728,1.13734
"exness","EURUSD","2026-09-25 02:53:24.089Z",1.13726,1.1373199999999999
"exness","EURUSD","2026-09-25 02:53:25.152Z",1.13724,1.1373
"exness","EURUSD","2026-09-25 02:53:27.859Z",1.13725,1.13731
"exness","EURUSD","2026-09-25 02:53:30.185Z",1.13726,1.1373199999999999
"exness","EURUSD","2026-09-25 02:53:32.883Z",1.13728,1.13734
"exness","EURUSD","2026-09-25 02:53:36.764Z",1.13725,1.13731
"exness","EURUSD","2026-09-25 02:53:37.965Z",1.13726,1.1373199999999999
"exness","EURUSD","2026-09-25 02:53:44.593Z",1.13725,1.13731
"exness","EURUSD","2026-09-25 02:53:58.716Z",1.13724,1.1373
"exness","EURUSD","2026-09-25 02:54:01.941Z",1.13726,1.1373199999999999
"exness","EURUSD","2026-09-25 02:54:04.458Z",1.13725,1.13731
"exness","EURUSD","2026-09-25 02:54:07.773Z",1.13724,1.1373
"exness","EURUSD","2026-09-25 02:54:08.958Z",1.13723,1.13729
"exness","EURUSD","2026-09-25 02:54:14.574Z",1.1372200000000001,1.13728
"exness","EURUSD","2026-09-25 02:54:16.053Z",1.13723,1.13729
"exness","EURUSD","2026-09-25 02:54:21.974Z",1.13725,1.13731
"exness","EURUSD","2026-09-25 02:54:26.767Z",1.13724,1.1373
"exness","EURUSD","2026-09-25 02:54:28.689Z",1.13725,1.13731
"exness","EURUSD","2026-09-25 02:54:33.502Z",1.13726,1.1373199999999999
"exness","EURUSD","2026-09-25 02:54:41.280Z",1.13725,1.13731
"exness","EURUSD","2026-09-25 02:54:56.419Z",1.13728,1.13734
"exness","EURUSD","2026-09-25 02:54:56.528Z",1.13729,1.13735
"exness","EURUSD","2026-09-25 02:54:58.976Z",1.13727,1.13733
"exness","EURUSD","2026-09-25 02:55:02.123Z",1.13725,1.13731
"exness","EURUSD","2026-09-25 02:55:09.439Z",1.13726,1.1373199999999999
"exness","EURUSD","2026-09-25 02:55:17.263Z",1.13725,1.13731
"exness","EURUSD","2026-09-25 02:55:18.505Z",1.13724,1.1373
"exness","EURUSD","2026-09-25 02:55:28.767Z",1.13725,1.13731
"exness","EURUSD","2026-09-25 02:55:32.978Z",1.13723,1.13729
"exness","EURUSD","2026-09-25 02:55:37.940Z",1.13724,1.1373
"exness","EURUSD","2026-09-25 02:55:41.385Z",1.13723,1.13729
"exness","EURUSD","2026-09-25 02:55:43.314Z",1.1372200000000001,1.13728
"exness","EURUSD","2026-09-25 02:55:55.658Z",1.13724,1.1373
"exness","EURUSD","2026-09-25 02:56:08.417Z",1.13723,1.13729
"exness","EURUSD","2026-09-25 02:56:10.709Z",1.13724,1.1373
"exness","EURUSD","2026-09-25 02:56:11.855Z",1.1372200000000001,1.13728
"exness","EURUSD","2026-09-25 02:56:13.339Z",1.13723,1.13729
"exness","EURUSD","2026-09-25 02:56:20.337Z",1.1372200000000001,1.13728
"exness","EURUSD","2026-09-25 02:56:22.838Z",1.13723,1.13729
"exness","EURUSD","2026-09-25 02:56:38.856Z",1.1372200000000001,1.13728
"exness","EURUSD","2026-09-25 02:57:02.263Z",1.1372,1.13726
"exness","EURUSD","2026-09-25 02:57:02.298Z",1.13718,1.13724
"exness","EURUSD","2026-09-25 02:57:03.406Z",1.13719,1.13725
"exness","EURUSD","2026-09-25 02:57:03.498Z",1.1372200000000001,1.13728
"exness","EURUSD","2026-09-25 02:57:04.544Z",1.13721,1.13727
"exness","EURUSD","2026-09-25 02:57:09.058Z",1.1372200000000001,1.13728
"exness","EURUSD","2026-09-25 02:57:13.112Z",1.13721,1.13727
"exness","EURUSD","2026-09-25 02:57:20.896Z",1.13723,1.13729
"exness","EURUSD","2026-09-25 02:57:22.945Z",1.13724,1.1373
"exness","EURUSD","2026-09-25 02:57:23.955Z",1.13723,1.13729
"exness","EURUSD","2026-09-25 02:57:27.433Z",1.13724,1.1373
"exness","EURUSD","2026-09-25 02:57:31.505Z",1.13725,1.13731
"exness","EURUSD","2026-09-25 02:57:36.330Z",1.13723,1.13729
"exness","EURUSD","2026-09-25 02:57:37.397Z",1.13724,1.1373
"exness","EURUSD","2026-09-25 02:57:40.556Z",1.13723,1.13729
"exness","EURUSD","2026-09-25 02:57:41.568Z",1.13724,1.1373
"exness","EURUSD","2026-09-25 02:57:50.186Z",1.1372200000000001,1.13728
"exness","EURUSD","2026-09-25 02:57:59.300Z",1.1372,1.13726
"exness","EURUSD","2026-09-25 02:58:03.176Z",1.1372200000000001,1.13728
"exness","EURUSD","2026-09-25 02:58:04.348Z",1.13721,1.13727
"exness","EURUSD","2026-09-25 02:58:06.447Z",1.1372,1.13726
"exness","EURUSD","2026-09-25 02:58:12.182Z",1.13719,1.13725
"exness","EURUSD","2026-09-25 02:58:15.294Z",1.1372,1.13726
"exness","EURUSD","2026-09-25 02:58:23.331Z",1.13719,1.13725
"exness","EURUSD","2026-09-25 02:58:25.412Z",1.13718,1.13724
"exness","EURUSD","2026-09-25 02:58:28.451Z",1.13719,1.13725
"exness","EURUSD","2026-09-25 02:58:37.643Z",1.13718,1.13724
"exness","EURUSD","2026-09-25 02:58:49.947Z",1.13719,1.13725
"exness","EURUSD","2026-09-25 02:58:51.074Z",1.13718,1.13724
"exness","EURUSD","2026-09-25 02:58:53.014Z",1.13719,1.13725
"exness","EURUSD","2026-09-25 02:58:57.285Z",1.13718,1.13724
"exness","EURUSD","2026-09-25 02:58:59.912Z",1.13717,1.13723
"exness","EURUSD","2026-09-25 02:59:00.085Z",1.13714,1.1372
"exness","EURUSD","2026-09-25 02:59:01.174Z",1.13716,1.1372200000000001
"exness","EURUSD","2026-09-25 02:59:02.807Z",1.13718,1.13724
"exness","EURUSD","2026-09-25 02:59:08.664Z",1.13719,1.13725
"exness","EURUSD","2026-09-25 02:59:10.008Z",1.13718,1.13724
"exness","EURUSD","2026-09-25 02:59:28.644Z",1.13719,1.13725
"exness","EURUSD","2026-09-25 02:59:51.680Z",1.1372,1.13726
"exness","EURUSD","2026-09-25 03:00:00.722Z",1.13719,1.13725
"exness","EURUSD","2026-09-25 03:00:02.217Z",1.13717,1.13723
"exness","EURUSD","2026-09-25 03:00:05.009Z",1.13716,1.1372200000000001
"exness","EURUSD","2026-09-25 03:00:06.905Z",1.13718,1.13724
"exness","EURUSD","2026-09-25 03:00:18.352Z",1.13717,1.13723
"exness","EURUSD","2026-09-25 03:00:28.495Z",1.13715,1.13721
"exness","EURUSD","2026-09-25 03:00:28.503Z",1.13713,1.13719
"exness","EURUSD","2026-09-25 03:00:28.561Z",1.13712,1.13718
"exness","EURUSD","2026-09-25 03:00:28.575Z",1.13711,1.13717
"exness","EURUSD","2026-09-25 03:00:29.727Z",1.13712,1.13718
"exness","EURUSD","2026-09-25 03:00:31.046Z",1.13714,1.1372
"exness","EURUSD","2026-09-25 03:00:33.302Z",1.13713,1.13719
"exness","EURUSD","2026-09-25 03:00:41.514Z",1.13715,1.13721
"exness","EURUSD","2026-09-25 03:00:42.706Z",1.13714,1.1372
"exness","EURUSD","2026-09-25 03:00:51.223Z",1.13713,1.13719
"exness","EURUSD","2026-09-25 03:00:51.938Z",1.13711,1.13717
"exness","EURUSD","2026-09-25 03:00:51.965Z",1.1371,1.13716
"exness","EURUSD","2026-09-25 03:00:52.065Z",1.13709,1.13715
"exness","EURUSD","2026-09-25 03:00:53.278Z",1.13708,1.13714
"exness","EURUSD","2026-09-25 03:00:54.348Z",1.13709,1.13715
"exness","EURUSD","2026-09-25 03:01:00.134Z",1.13708,1.13714
"exness","EURUSD","2026-09-25 03:01:02.352Z",1.13709,1.13715
"exness","EURUSD","2026-09-25 03:01:03.594Z",1.1371,1.13716
"exness","EURUSD","2026-09-25 03:01:07.313Z",1.13708,1.13714
"exness","EURUSD","2026-09-25 03:01:10.367Z",1.13707,1.13713
"exness","EURUSD","2026-09-25 03:01:11.549Z",1.13708,1.13714
"exness","EURUSD","2026-09-25 03:01:12.126Z",1.13706,1.13712
"exness","EURUSD","2026-09-25 03:01:13.196Z",1.13705,1.13711
"exness","EURUSD","2026-09-25 03:01:16.037Z",1.13704,1.1371
"exness","EURUSD","2026-09-25 03:01:17.042Z",1.13702,1.13708
"exness","EURUSD","2026-09-25 03:01:18.082Z",1.13703,1.13709
"exness","EURUSD","2026-09-25 03:01:21.397Z",1.13704,1.1371
"exness","EURUSD","2026-09-25 03:01:24.915Z",1.13702,1.13708
"exness","EURUSD","2026-09-25 03:01:30.117Z",1.137,1.13706
"exness","EURUSD","2026-09-25 03:01:32.300Z",1.13703,1.13709
"exness","EURUSD","2026-09-25 03:01:41.255Z",1.13702,1.13708
"exness","EURUSD","2026-09-25 03:01:43.664Z",1.13701,1.13707
"exness","EURUSD","2026-09-25 03:01:52.006Z",1.13703,1.13709
"exness","EURUSD","2026-09-25 03:01:53.340Z",1.13702,1.13708
"exness","EURUSD","2026-09-25 03:02:02.184Z",1.13703,1.13709
"exness","EURUSD","2026-09-25 03:02:03.403Z",1.13704,1.1371
"exness","EURUSD","2026-09-25 03:02:07.923Z",1.13703,1.13709
"exness","EURUSD","2026-09-25 03:02:10.187Z",1.13704,1.1371
"exness","EURUSD","2026-09-25 03:02:12.549Z",1.13702,1.13708
"exness","EURUSD","2026-09-25 03:02:12.566Z",1.137,1.13706
"exness","EURUSD","2026-09-25 03:02:18.943Z",1.13699,1.13705
"exness","EURUSD","2026-09-25 03:02:22.346Z",1.1369799999999999,1.13704
"exness","EURUSD","2026-09-25 03:02:23.436Z",1.13699,1.13705
"exness","EURUSD","2026-09-25 03:02:26.162Z",1.1369799999999999,1.13704
"exness","EURUSD","2026-09-25 03:02:35.310Z",1.13696,1.13702
"exness","EURUSD","2026-09-25 03:02:37.263Z",1.13699,1.13705
"exness","EURUSD","2026-09-25 03:02:39.352Z",1.137,1.13706
"exness","EURUSD","2026-09-25 03:02:45.220Z",1.13699,1.13705
"exness","EURUSD","2026-09-25 03:02:46.936Z",1.137,1.13706
"exness","EURUSD","2026-09-25 03:02:48.109Z",1.13699,1.13705
"exness","EURUSD","2026-09-25 03:03:03.407Z",1.137,1.13706
"exness","EURUSD","2026-09-25 03:03:06.084Z",1.13699,1.13705
"exness","EURUSD","2026-09-25 03:03:15.444Z",1.137,1.13706
"exness","EURUSD","2026-09-25 03:03:27.085Z",1.13701,1.13707
"exness","EURUSD","2026-09-25 03:03:28.980Z",1.137,1.13706
"exness","EURUSD","2026-09-25 03:03:30.081Z",1.13699,1.13705
"exness","EURUSD","2026-09-25 03:03:31.593Z",1.137,1.13706
"exness","EURUSD","2026-09-25 03:03:36.003Z",1.13701,1.13707
"exness","EURUSD","2026-09-25 03:03:41.956Z",1.137,1.13706
"exness","EURUSD","2026-09-25 03:04:01.566Z",1.13699,1.13705
"exness","EURUSD","2026-09-25 03:04:14.879Z",1.137,1.13706
"exness","EURUSD","2026-09-25 03:04:16.110Z",1.13701,1.13707
"exness","EURUSD","2026-09-25 03:04:18.931Z",1.137,1.13706
"exness","EURUSD","2026-09-25 03:04:22.471Z",1.13702,1.13708
"exness","EURUSD","2026-09-25 03:04:22.562Z",1.13704,1.1371
"exness","EURUSD","2026-09-25 03:04:24.084Z",1.13705,1.13711
"exness","EURUSD","2026-09-25 03:04:25.465Z",1.13704,1.1371
"exness","EURUSD","2026-09-25 03:04:41.364Z",1.13705,1.13711
"exness","EURUSD","2026-09-25 03:04:45.835Z",1.13706,1.13712
"exness","EURUSD","2026-09-25 03:04:48.234Z",1.13705,1.13711
"exness","EURUSD","2026-09-25 03:04:51.612Z",1.13706,1.13712
"exness","EURUSD","2026-09-25 03:04:57.449Z",1.13707,1.13713
"exness","EURUSD","2026-09-25 03:05:02.072Z",1.13708,1.13714
"exness","EURUSD","2026-09-25 03:05:04.907Z",1.13707,1.13713
"exness","EURUSD","2026-09-25 03:05:08.964Z",1.13708,1.13714
"exness","EURUSD","2026-09-25 03:05:09.276Z",1.1371,1.13716
"exness","EURUSD","2026-09-25 03:05:09.316Z",1.13712,1.13718
"exness","EURUSD","2026-09-25 03:05:09.380Z",1.13713,1.13719
"exness","EURUSD","2026-09-25 03:05:12.084Z",1.13712,1.13718
"exness","EURUSD","2026-09-25 03:05:14.156Z",1.13711,1.13717
"exness","EURUSD","2026-09-25 03:05:18.138Z",1.13712,1.13718
"exness","EURUSD","2026-09-25 03:05:24.462Z",1.13713,1.13719
"exness","EURUSD","2026-09-25 03:05:27.047Z",1.13712,1.13718
"exness","EURUSD","2026-09-25 03:05:28.509Z",1.13711,1.13717
"exness","EURUSD","2026-09-25 03:05:30.065Z",1.13712,1.13718
"exness","EURUSD","2026-09-25 03:05:33.885Z",1.13714,1.1372
"exness","EURUSD","2026-09-25 03:05:34.893Z",1.13713,1.13719
"exness","EURUSD","2026-09-25 03:05:35.285Z",1.13715,1.13721
"exness","EURUSD","2026-09-25 03:05:35.345Z",1.13717,1.13723
"exness","EURUSD","2026-09-25 03:05:35.413Z",1.13718,1.13724
"exness","EURUSD","2026-09-25 03:05:36.588Z",1.13719,1.13725
"exness","EURUSD","2026-09-25 03:05:38.899Z",1.13718,1.13724
"exness","EURUSD","2026-09-25 03:05:48.829Z",1.1372,1.13726
"exness","EURUSD","2026-09-25 03:05:49.144Z",1.13721,1.13727
"exness","EURUSD","2026-09-25 03:05:51.462Z",1.1372,1.13726
"exness","EURUSD","2026-09-25 03:05:55.258Z",1.13718,1.13724
"exness","EURUSD","2026-09-25 03:05:57.610Z",1.13716,1.1372200000000001
"exness","EURUSD","2026-09-25 03:06:00.651Z",1.13717,1.13723
"exness","EURUSD","2026-09-25 03:06:01.653Z",1.13718,1.13724
"exness","EURUSD","2026-09-25 03:06:02.657Z",1.13717,1.13723
"exness","EURUSD","2026-09-25 03:06:05.197Z",1.13718,1.13724
"exness","EURUSD","2026-09-25 03:06:07.056Z",1.13717,1.13723
"exness","EURUSD","2026-09-25 03:06:08.662Z",1.13718,1.13724
"exness","EURUSD","2026-09-25 03:06:10.436Z",1.13719,1.13725
"exness","EURUSD","2026-09-25 03:06:10.689Z",1.13717,1.13723
"exness","EURUSD","2026-09-25 03:06:10.706Z",1.13715,1.13721
"exness","EURUSD","2026-09-25 03:06:11.008Z",1.13714,1.1372
"exness","EURUSD","2026-09-25 03:06:12.651Z",1.13713,1.13719
"exness","EURUSD","2026-09-25 03:06:13.710Z",1.13714,1.1372
"exness","EURUSD","2026-09-25 03:06:28.470Z",1.13716,1.1372200000000001
"exness","EURUSD","2026-09-25 03:06:29.896Z",1.13715,1.13721
"exness","EURUSD","2026-09-25 03:06:31.051Z",1.13714,1.1372
"exness","EURUSD","2026-09-25 03:06:32.566Z",1.13715,1.13721
"exness","EURUSD","2026-09-25 03:06:33.567Z",1.13716,1.1372200000000001
"exness","EURUSD","2026-09-25 03:06:37.167Z",1.13715,1.13721
"exness","EURUSD","2026-09-25 03:06:37.210Z",1.13717,1.13723
"exness","EURUSD","2026-09-25 03:06:38.439Z",1.13718,1.13724
"exness","EURUSD","2026-09-25 03:06:40.094Z",1.13717,1.13723
"exness","EURUSD","2026-09-25 03:06:51.773Z",1.13715,1.13721
"exness","EURUSD","2026-09-25 03:06:51.838Z",1.13713,1.13719
"exness","EURUSD","2026-09-25 03:06:51.979Z",1.13712,1.13718
"exness","EURUSD","2026-09-25 03:06:57.699Z",1.13713,1.13719
"exness","EURUSD","2026-09-25 03:06:58.707Z",1.13714,1.1372
"exness","EURUSD","2026-09-25 03:06:59.709Z",1.13713,1.13719
"exness","EURUSD","2026-09-25 03:07:00.506Z",1.13716,1.1372200000000001
"exness","EURUSD","2026-09-25 03:07:02.231Z",1.13715,1.13721
"exness","EURUSD","2026-09-25 03:07:02.238Z",1.13717,1.13723
"exness","EURUSD","2026-09-25 03:07:02.286Z",1.13718,1.13724
"exness","EURUSD","2026-09-25 03:07:04.214Z",1.13717,1.13723
"exness","EURUSD","2026-09-25 03:07:05.283Z",1.13716,1.1372200000000001
"exness","EURUSD","2026-09-25 03:07:07.262Z",1.13714,1.1372
"exness","EURUSD","2026-09-25 03:07:08.432Z",1.13715,1.13721
"exness","EURUSD","2026-09-25 03:07:10.539Z",1.13714,1.1372
"exness","EURUSD","2026-09-25 03:07:11.557Z",1.13715,1.13721
"exness","EURUSD","2026-09-25 03:07:13.345Z",1.13714,1.1372
"exness","EURUSD","2026-09-25 03:07:15.358Z",1.13712,1.13718
"exness","EURUSD","2026-09-25 03:07:16.455Z",1.13713,1.13719
"exness","EURUSD","2026-09-25 03:07:19.822Z",1.13714,1.1372
"exness","EURUSD","2026-09-25 03:07:28.282Z",1.13716,1.1372200000000001
"exness","EURUSD","2026-09-25 03:07:29.948Z",1.13715,1.13721
"exness","EURUSD","2026-09-25 03:07:34.941Z",1.13714,1.1372
"exness","EURUSD","2026-09-25 03:07:40.434Z",1.13715,1.13721
"exness","EURUSD","2026-09-25 03:07:42.427Z",1.13717,1.13723
"exness","EURUSD","2026-09-25 03:07:43.400Z",1.13718,1.13724
"exness","EURUSD","2026-09-25 03:07:45.570Z",1.13716,1.1372200000000001
"exness","EURUSD","2026-09-25 03:07:47.665Z",1.13717,1.13723
"exness","EURUSD","2026-09-25 03:07:51.601Z",1.13719,1.13725
"exness","EURUSD","2026-09-25 03:07:52.739Z",1.13718,1.13724
"exness","EURUSD","2026-09-25 03:07:54.898Z",1.13719,1.13725
"exness","EURUSD","2026-09-25 03:08:00.412Z",1.1372,1.13726
"exness","EURUSD","2026-09-25 03:08:01.715Z",1.13718,1.13724
"exness","EURUSD","2026-09-25 03:08:02.927Z",1.13717,1.13723
"exness","EURUSD","2026-09-25 03:08:11.279Z",1.13718,1.13724
"exness","EURUSD","2026-09-25 03:08:15.398Z",1.13719,1.13725
"exness","EURUSD","2026-09-25 03:08:22.977Z",1.13718,1.13724
"exness","EURUSD","2026-09-25 03:08:28.493Z",1.13719,1.13725
"exness","EURUSD","2026-09-25 03:08:34.994Z",1.13718,1.13724
"exness","EURUSD","2026-09-25 03:08:36.935Z",1.13717,1.13723
"exness","EURUSD","2026-09-25 03:08:39.216Z",1.13715,1.13721
"exness","EURUSD","2026-09-25 03:08:40.830Z",1.13714,1.1372
"exness","EURUSD","2026-09-25 03:08:51.048Z",1.13712,1.13718
"exness","EURUSD","2026-09-25 03:09:01.698Z",1.13713,1.13719
"exness","EURUSD","2026-09-25 03:09:05.099Z",1.13712,1.13718
"exness","EURUSD","2026-09-25 03:09:06.245Z",1.13713,1.13719
"exness","EURUSD","2026-09-25 03:09:07.298Z",1.13712,1.13718
"exness","EURUSD","2026-09-25 03:09:08.473Z",1.13713,1.13719
"exness","EURUSD","2026-09-25 03:09:14.494Z",1.13712,1.13718
"exness","EURUSD","2026-09-25 03:09:21.408Z",1.13713,1.13719
"exness","EURUSD","2026-09-25 03:09:25.059Z",1.13712,1.13718
"exness","EURUSD","2026-09-25 03:09:27.680Z",1.1371,1.13716
"exness","EURUSD","2026-09-25 03:09:27.712Z",1.13708,1.13714
"exness","EURUSD","2026-09-25 03:09:28.711Z",1.13707,1.13713
"exness","EURUSD","2026-09-25 03:09:44.593Z",1.13708,1.13714
"exness","EURUSD","2026-09-25 03:09:48.350Z",1.1371,1.13716
"exness","EURUSD","2026-09-25 03:10:01.061Z",1.13711,1.13717
"exness","EURUSD","2026-09-25 03:10:03.112Z",1.1371,1.13716
"exness","EURUSD","2026-09-25 03:10:03.224Z",1.13708,1.13714
"exness","EURUSD","2026-09-25 03:10:04.682Z",1.13709,1.13715
"exness","EURUSD","2026-09-25 03:10:13.202Z",1.13708,1.13714
"exness","EURUSD","2026-09-25 03:10:16.178Z",1.13707,1.13713
"exness","EURUSD","2026-09-25 03:10:18.275Z",1.13706,1.13712
"exness","EURUSD","2026-09-25 03:10:20.935Z",1.13707,1.13713
"exness","EURUSD","2026-09-25 03:10:23.048Z",1.13706,1.13712
"exness","EURUSD","2026-09-25 03:10:26.310Z",1.13707,1.13713
"exness","EURUSD","2026-09-25 03:10:30.668Z",1.13706,1.13712
"exness","EURUSD","2026-09-25 03:10:34.688Z",1.13705,1.13711
"exness","EURUSD","2026-09-25 03:10:36.882Z",1.13706,1.13712
"exness","EURUSD","2026-09-25 03:10:48.054Z",1.13705,1.13711
"exness","EURUSD","2026-09-25 03:10:50.654Z",1.13707,1.13713
"exness","EURUSD","2026-09-25 03:11:00.535Z",1.13706,1.13712
"exness","EURUSD","2026-09-25 03:11:01.564Z",1.13707,1.13713
"exness","EURUSD","2026-09-25 03:11:02.593Z",1.13706,1.13712
"exness","EURUSD","2026-09-25 03:11:07.485Z",1.13707,1.13713
"exness","EURUSD","2026-09-25 03:11:09.903Z",1.13706,1.13712
"exness","EURUSD","2026-09-25 03:11:12.418Z",1.13707,1.13713
"exness","EURUSD","2026-09-25 03:11:15.357Z",1.13708,1.13714
"exness","EURUSD","2026-09-25 03:11:19.021Z",1.13709,1.13715
"exness","EURUSD","2026-09-25 03:11:20.336Z",1.13708,1.13714
"exness","EURUSD","2026-09-25 03:11:23.256Z",1.13709,1.13715
"exness","EURUSD","2026-09-25 03:11:26.530Z",1.1371,1.13716
"exness","EURUSD","2026-09-25 03:11:29.217Z",1.13709,1.13715
"exness","EURUSD","2026-09-25 03:11:30.221Z",1.13708,1.13714
"exness","EURUSD","2026-09-25 03:11:40.293Z",1.13707,1.13713
"exness","EURUSD","2026-09-25 03:11:45.820Z",1.13708,1.13714
"exness","EURUSD","2026-09-25 03:11:47.076Z",1.13706,1.13712
"exness","EURUSD","2026-09-25 03:11:49.439Z",1.13704,1.1371
"exness","EURUSD","2026-09-25 03:11:52.894Z",1.13705,1.13711
"exness","EURUSD","2026-09-25 03:11:54.163Z",1.13704,1.1371
"exness","EURUSD","2026-09-25 03:11:55.257Z",1.13703,1.13709
"exness","EURUSD","2026-09-25 03:12:01.300Z",1.13705,1.13711
"exness","EURUSD","2026-09-25 03:12:02.378Z",1.13706,1.13712
"exness","EURUSD","2026-09-25 03:12:03.313Z",1.13704,1.1371
"exness","EURUSD","2026-09-25 03:12:13.842Z",1.13703,1.13709
"exness","EURUSD","2026-09-25 03:12:16.314Z",1.13704,1.1371
"exness","EURUSD","2026-09-25 03:12:22.127Z",1.13706,1.13712
"exness","EURUSD","2026-09-25 03:12:23.773Z",1.13708,1.13714
"exness","EURUSD","2026-09-25 03:12:25.133Z",1.13707,1.13713
"exness","EURUSD","2026-09-25 03:12:30.646Z",1.13708,1.13714
"exness","EURUSD","2026-09-25 03:12:42.723Z",1.13706,1.13712
"exness","EURUSD","2026-09-25 03:12:45.214Z",1.13705,1.13711
"exness","EURUSD","2026-09-25 03:12:46.484Z",1.13706,1.13712
"exness","EURUSD","2026-09-25 03:12:48.754Z",1.13705,1.13711
"exness","EURUSD","2026-09-25 03:12:55.144Z",1.13704,1.1371
"exness","EURUSD","2026-09-25 03:13:08.503Z",1.13702,1.13708
"exness","EURUSD","2026-09-25 03:13:08.583Z",1.137,1.13706
"exness","EURUSD","2026-09-25 03:13:13.427Z",1.13701,1.13707
"exness","EURUSD","2026-09-25 03:13:21.225Z",1.13699,1.13705
"exness","EURUSD","2026-09-25 03:13:42.802Z",1.1369799999999999,1.13704
"exness","EURUSD","2026-09-25 03:13:44.043Z",1.13699,1.13705
"exness","EURUSD","2026-09-25 03:13:46.692Z",1.1369799999999999,1.13704
"exness","EURUSD","2026-09-25 03:13:47.734Z",1.13699,1.13705
"exness","EURUSD","2026-09-25 03:13:50.442Z",1.1369799999999999,1.13704
"exness","EURUSD","2026-09-25 03:14:05.568Z",1.13699,1.13705
"exness","EURUSD","2026-09-25 03:14:13.315Z",1.1369799999999999,1.13704
"exness","EURUSD","2026-09-25 03:14:17.488Z",1.13699,1.13705
"exness","EURUSD","2026-09-25 03:14:18.610Z",1.1369799999999999,1.13704
"exness","EURUSD","2026-09-25 03:14:21.607Z",1.13699,1.13705
"exness","EURUSD","2026-09-25 03:14:22.391Z",1.13697,1.13703
"exness","EURUSD","2026-09-25 03:14:25.911Z",1.1369799999999999,1.13704
"exness","EURUSD","2026-09-25 03:14:36.395Z",1.13699,1.13705
"exness","EURUSD","2026-09-25 03:14:39.087Z",1.137,1.13706
"exness","EURUSD","2026-09-25 03:14:40.523Z",1.13701,1.13707
"exness","EURUSD","2026-09-25 03:14:45.076Z",1.13699,1.13705
"exness","EURUSD","2026-09-25 03:14:46.164Z",1.137,1.13706
"exness","EURUSD","2026-09-25 03:14:50.061Z",1.13697,1.13703
"exness","EURUSD","2026-09-25 03:14:50.093Z",1.13696,1.13702
"exness","EURUSD","2026-09-25 03:14:50.155Z",1.13695,1.13701
"exness","EURUSD","2026-09-25 03:14:51.318Z",1.13694,1.137
"exness","EURUSD","2026-09-25 03:14:52.338Z",1.13695,1.13701
"exness","EURUSD","2026-09-25 03:14:53.360Z",1.13694,1.137
"exness","EURUSD","2026-09-25 03:14:57.549Z",1.13695,1.13701
"exness","EURUSD","2026-09-25 03:14:59.074Z",1.13693,1.13699
"exness","EURUSD","2026-09-25 03:14:59.119Z",1.13692,1.1369799999999999
"exness","EURUSD","2026-09-25 03:15:01.454Z",1.13693,1.13699
"exness","EURUSD","2026-09-25 03:15:07.844Z",1.13692,1.1369799999999999
"exness","EURUSD","2026-09-25 03:15:08.924Z",1.13691,1.13697
"exness","EURUSD","2026-09-25 03:15:11.026Z",1.13693,1.13699
"exness","EURUSD","2026-09-25 03:15:12.794Z",1.13692,1.1369799999999999
"exness","EURUSD","2026-09-25 03:15:20.646Z",1.13691,1.13697
"exness","EURUSD","2026-09-25 03:15:31.691Z",1.13693,1.13699
"exness","EURUSD","2026-09-25 03:15:35.015Z",1.13692,1.1369799999999999
"exness","EURUSD","2026-09-25 03:15:37.016Z",1.13693,1.13699
"exness","EURUSD","2026-09-25 03:15:42.181Z",1.13694,1.137
"exness","EURUSD","2026-09-25 03:15:43.187Z",1.13696,1.13702
"exness","EURUSD","2026-09-25 03:15:44.903Z",1.13695,1.13701
"exness","EURUSD","2026-09-25 03:15:46.284Z",1.13696,1.13702
"exness","EURUSD","2026-09-25 03:15:53.447Z",1.13695,1.13701
"exness","EURUSD","2026-09-25 03:15:56.672Z",1.13696,1.13702
"exness","EURUSD","2026-09-25 03:16:01.055Z",1.13695,1.13701
"exness","EURUSD","2026-09-25 03:16:04.493Z",1.13696,1.13702
"exness","EURUSD","2026-09-25 03:16:06.124Z",1.13697,1.13703
"exness","EURUSD","2026-09-25 03:16:13.245Z",1.1369799999999999,1.13704
"exness","EURUSD","2026-09-25 03:16:14.339Z",1.13697,1.13703
"exness","EURUSD","2026-09-25 03:16:19.460Z",1.1369799999999999,1.13704
"exness","EURUSD","2026-09-25 03:16:37.511Z",1.13699,1.13705
"exness","EURUSD","2026-09-25 03:16:39.435Z",1.1369799999999999,1.13704
"exness","EURUSD","2026-09-25 03:16:40.744Z",1.13699,1.13705
"exness","EURUSD","2026-09-25 03:16:42.272Z",1.1369799999999999,1.13704
"exness","EURUSD","2026-09-25 03:16:48.273Z",1.13699,1.13705
"exness","EURUSD","2026-09-25 03:16:52.109Z",1.1369799999999999,1.13704
"exness","EURUSD","2026-09-25 03:16:54.648Z",1.13699,1.13705
"exness","EURUSD","2026-09-25 03:16:55.248Z",1.13697,1.13703
"exness","EURUSD","2026-09-25 03:16:55.296Z",1.13695,1.13701
"exness","EURUSD","2026-09-25 03:16:55.395Z",1.13694,1.137
"exness","EURUSD","2026-09-25 03:16:55.720Z",1.13697,1.13703
"exness","EURUSD","2026-09-25 03:16:57.036Z",1.13696,1.13702
"exness","EURUSD","2026-09-25 03:17:00.355Z",1.13695,1.13701
"exness","EURUSD","2026-09-25 03:17:01.894Z",1.13696,1.13702
"exness","EURUSD","2026-09-25 03:17:03.096Z",1.13697,1.13703
"exness","EURUSD","2026-09-25 03:17:04.195Z",1.13696,1.13702
"exness","EURUSD","2026-09-25 03:17:08.002Z",1.13697,1.13703
"exness","EURUSD","2026-09-25 03:17:10.432Z",1.1369799999999999,1.13704
"exness","EURUSD","2026-09-25 03:17:11.432Z",1.13697,1.13703
"exness","EURUSD","2026-09-25 03:17:15.170Z",1.13695,1.13701
"exness","EURUSD","2026-09-25 03:17:17.433Z",1.13694,1.137
"exness","EURUSD","2026-09-25 03:17:18.940Z",1.13695,1.13701
"exness","EURUSD","2026-09-25 03:17:21.787Z",1.13696,1.13702
"exness","EURUSD","2026-09-25 03:17:22.970Z",1.13693,1.13699
"exness","EURUSD","2026-09-25 03:17:24.145Z",1.13694,1.137
"exness","EURUSD","2026-09-25 03:17:37.337Z",1.13693,1.13699
"exness","EURUSD","2026-09-25 03:17:52.962Z",1.13694,1.137
"exness","EURUSD","2026-09-25 03:18:15.313Z",1.13693,1.13699
"exness","EURUSD","2026-09-25 03:18:18.136Z",1.13694,1.137
"exness","EURUSD","2026-09-25 03:18:22.333Z",1.13695,1.13701
"exness","EURUSD","2026-09-25 03:18:36.080Z",1.13694,1.137
"exness","EURUSD","2026-09-25 03:18:44.499Z",1.13695,1.13701
"exness","EURUSD","2026-09-25 03:18:55.043Z",1.13696,1.13702
"exness","EURUSD","2026-09-25 03:18:55.390Z",1.13694,1.137
"exness","EURUSD","2026-09-25 03:19:05.421Z",1.13695,1.13701
"exness","EURUSD","2026-09-25 03:19:06.461Z",1.13696,1.13702
"exness","EURUSD","2026-09-25 03:19:08.275Z",1.13694,1.137
"exness","EURUSD","2026-09-25 03:19:11.111Z",1.13693,1.13699
"exness","EURUSD","2026-09-25 03:19:15.814Z",1.13692,1.1369799999999999
"exness","EURUSD","2026-09-25 03:19:23.698Z",1.13691,1.13697
"exness","EURUSD","2026-09-25 03:19:27.314Z",1.1369,1.13696
"exness","EURUSD","2026-09-25 03:19:28.949Z",1.13691,1.13697
"exness","EURUSD","2026-09-25 03:19:37.366Z",1.13693,1.13699
"exness","EURUSD","2026-09-25 03:20:01.591Z",1.13694,1.137
"exness","EURUSD","2026-09-25 03:20:03.672Z",1.13695,1.13701
"exness","EURUSD","2026-09-25 03:20:05.295Z",1.13697,1.13703
"exness","EURUSD","2026-09-25 03:20:07.190Z",1.1369799999999999,1.13704
"exness","EURUSD","2026-09-25 03:20:08.458Z",1.13697,1.13703
"exness","EURUSD","2026-09-25 03:20:28.860Z",1.1369799999999999,1.13704
"exness","EURUSD","2026-09-25 03:20:33.806Z",1.13699,1.13705
"exness","EURUSD","2026-09-25 03:20:35.651Z",1.1369799999999999,1.13704
"exness","EURUSD","2026-09-25 03:20:54.541Z",1.13699,1.13705
"exness","EURUSD","2026-09-25 03:21:11.755Z",1.13701,1.13707
"exness","EURUSD","2026-09-25 03:21:11.801Z",1.13703,1.13709
"exness","EURUSD","2026-09-25 03:21:12.084Z",1.137,1.13706
"exness","EURUSD","2026-09-25 03:21:13.098Z",1.13699,1.13705
"exness","EURUSD","2026-09-25 03:21:27.131Z",1.137,1.13706
"exness","EURUSD","2026-09-25 03:21:27.141Z",1.13702,1.13708
"exness","EURUSD","2026-09-25 03:21:27.488Z",1.13703,1.13709
"exness","EURUSD","2026-09-25 03:21:30.175Z",1.13704,1.1371
"exness","EURUSD","2026-09-25 03:21:36.670Z",1.13706,1.13712
"exness","EURUSD","2026-09-25 03:21:36.815Z",1.13707,1.13713
"exness","EURUSD","2026-09-25 03:21:38.021Z",1.13706,1.13712
"exness","EURUSD","2026-09-25 03:21:42.697Z",1.13707,1.13713
"exness","EURUSD","2026-09-25 03:21:44.081Z",1.13706,1.13712
"exness","EURUSD","2026-09-25 03:21:45.237Z",1.13705,1.13711
"exness","EURUSD","2026-09-25 03:21:45.468Z",1.13703,1.13709
"exness","EURUSD","2026-09-25 03:21:51.356Z",1.13704,1.1371
"exness","EURUSD","2026-09-25 03:21:55.895Z",1.13703,1.13709
"exness","EURUSD","2026-09-25 03:21:56.929Z",1.13702,1.13708
"exness","EURUSD","2026-09-25 03:22:01.483Z",1.13703,1.13709
"exness","EURUSD","2026-09-25 03:22:06.328Z",1.13704,1.1371
"exness","EURUSD","2026-09-25 03:22:25.511Z",1.13703,1.13709
"exness","EURUSD","2026-09-25 03:22:27.840Z",1.13704,1.1371
"exness","EURUSD","2026-09-25 03:22:33.209Z",1.13702,1.13708
"exness","EURUSD","2026-09-25 03:22:33.567Z",1.137,1.13706
"exness","EURUSD","2026-09-25 03:22:34.454Z",1.13699,1.13705
"exness","EURUSD","2026-09-25 03:22:35.846Z",1.1369799999999999,1.13704
"exness","EURUSD","2026-09-25 03:22:36.962Z",1.13699,1.13705
"exness","EURUSD","2026-09-25 03:22:51.739Z",1.137,1.13706
"exness","EURUSD","2026-09-25 03:23:02.103Z",1.13699,1.13705
"exness","EURUSD","2026-09-25 03:23:06.935Z",1.1369799999999999,1.13704
"exness","EURUSD","2026-09-25 03:23:09.419Z",1.13697,1.13703
"exness","EURUSD","2026-09-25 03:23:10.799Z",1.13696,1.13702
"exness","EURUSD","2026-09-25 03:23:18.104Z",1.13697,1.13703
"exness","EURUSD","2026-09-25 03:23:22.097Z",1.13696,1.13702
"exness","EURUSD","2026-09-25 03:23:25.620Z",1.13695,1.13701
"exness","EURUSD","2026-09-25 03:23:28.837Z",1.13696,1.13702
"exness","EURUSD","2026-09-25 03:23:34.721Z",1.13697,1.13703
"exness","EURUSD","2026-09-25 03:23:49.768Z",1.13696,1.13702
"exness","EURUSD","2026-09-25 03:23:50.954Z",1.13697,1.13703
"exness","EURUSD","2026-09-25 03:23:52.394Z",1.13696,1.13702
"exness","EURUSD","2026-09-25 03:23:58.541Z",1.13694,1.137
"exness","EURUSD","2026-09-25 03:23:58.623Z",1.13692,1.1369799999999999
"exness","EURUSD","2026-09-25 03:23:59.873Z",1.13693,1.13699
"exness","EURUSD","2026-09-25 03:24:03.560Z",1.13694,1.137
"exness","EURUSD","2026-09-25 03:24:04.427Z",1.13696,1.13702
"exness","EURUSD","2026-09-25 03:24:04.502Z",1.13697,1.13703
"exness","EURUSD","2026-09-25 03:24:05.511Z",1.1369799999999999,1.13704
"exness","EURUSD","2026-09-25 03:24:08.153Z",1.13697,1.13703
"exness","EURUSD","2026-09-25 03:24:16.116Z",1.13695,1.13701
"exness","EURUSD","2026-09-25 03:24:25.482Z",1.13693,1.13699
"exness","EURUSD","2026-09-25 03:24:36.127Z",1.13695,1.13701
"exness","EURUSD","2026-09-25 03:24:37.167Z",1.13694,1.137
"exness","EURUSD","2026-09-25 03:24:47.578Z",1.13693,1.13699
"exness","EURUSD","2026-09-25 03:24:52.034Z",1.13694,1.137
"exness","EURUSD","2026-09-25 03:24:55.013Z",1.13692,1.1369799999999999
"exness","EURUSD","2026-09-25 03:25:00.049Z",1.13693,1.13699
"exness","EURUSD","2026-09-25 03:25:07.250Z",1.13692,1.1369799999999999
"exness","EURUSD","2026-09-25 03:25:10.053Z",1.13691,1.13697
"exness","EURUSD","2026-09-25 03:25:18.374Z",1.13692,1.1369799999999999
"exness","EURUSD","2026-09-25 03:25:19.464Z",1.13691,1.13697
"exness","EURUSD","2026-09-25 03:25:30.836Z",1.13692,1.1369799999999999
"exness","EURUSD","2026-09-25 03:25:37.398Z",1.13694,1.137
"exness","EURUSD","2026-09-25 03:25:37.403Z",1.13695,1.13701
"exness","EURUSD","2026-09-25 03:25:37.637Z",1.13697,1.13703
"exness","EURUSD","2026-09-25 03:25:38.917Z",1.13696,1.13702
"exness","EURUSD","2026-09-25 03:25:39.155Z",1.13694,1.137
"exness","EURUSD","2026-09-25 03:25:39.333Z",1.13692,1.1369799999999999
"exness","EURUSD","2026-09-25 03:25:41.142Z",1.13693,1.13699
"exness","EURUSD","2026-09-25 03:25:42.287Z",1.13692,1.1369799999999999
"exness","EURUSD","2026-09-25 03:25:45.278Z",1.13693,1.13699
"exness","EURUSD","2026-09-25 03:25:52.059Z",1.13692,1.1369799999999999
"exness","EURUSD","2026-09-25 03:26:02.372Z",1.13691,1.13697
"exness","EURUSD","2026-09-25 03:26:03.519Z",1.13693,1.13699
"exness","EURUSD","2026-09-25 03:26:11.256Z",1.13692,1.1369799999999999
"exness","EURUSD","2026-09-25 03:26:14.207Z",1.13693,1.13699
"exness","EURUSD","2026-09-25 03:26:16.084Z",1.13694,1.137
"exness","EURUSD","2026-09-25 03:26:16.103Z",1.13696,1.13702
"exness","EURUSD","2026-09-25 03:26:16.411Z",1.13697,1.13703
"exness","EURUSD","2026-09-25 03:26:17.465Z",1.1369799999999999,1.13704
"exness","EURUSD","2026-09-25 03:26:18.526Z",1.13697,1.13703
"exness","EURUSD","2026-09-25 03:26:42.105Z",1.1369799999999999,1.13704
"exness","EURUSD","2026-09-25 03:26:43.431Z",1.13699,1.13705
"exness","EURUSD","2026-09-25 03:26:49.099Z",1.1369799999999999,1.13704
"exness","EURUSD","2026-09-25 03:26:54.724Z",1.13697,1.13703
"exness","EURUSD","2026-09-25 03:26:55.289Z",1.13695,1.13701
"exness","EURUSD","2026-09-25 03:26:55.339Z",1.13693,1.13699
"exness","EURUSD","2026-09-25 03:26:56.653Z",1.13696,1.13702
"exness","EURUSD","2026-09-25 03:26:59.770Z",1.13695,1.13701
"exness","EURUSD","2026-09-25 03:27:02.859Z",1.13696,1.13702
"exness","EURUSD","2026-09-25 03:27:08.578Z",1.13695,1.13701
"exness","EURUSD","2026-09-25 03:27:10.337Z",1.13696,1.13702
"exness","EURUSD","2026-09-25 03:27:30.079Z",1.13697,1.13703
"exness","EURUSD","2026-09-25 03:27:45.037Z",1.1369799999999999,1.13704
"exness","EURUSD","2026-09-25 03:27:46.225Z",1.13696,1.13702
"exness","EURUSD","2026-09-25 03:27:46.577Z",1.13695,1.13701
"exness","EURUSD","2026-09-25 03:27:54.092Z",1.13694,1.137
"exness","EURUSD","2026-09-25 03:27:55.553Z",1.13695,1.13701
"exness","EURUSD","2026-09-25 03:28:02.580Z",1.13693,1.13699
"exness","EURUSD","2026-09-25 03:28:13.133Z",1.13694,1.137
"exness","EURUSD","2026-09-25 03:28:16.159Z",1.13693,1.13699
"exness","EURUSD","2026-09-25 03:28:16.392Z",1.13691,1.13697
"exness","EURUSD","2026-09-25 03:28:17.948Z",1.1369,1.13696
"exness","EURUSD","2026-09-25 03:28:18.709Z",1.13693,1.13699
"exness","EURUSD","2026-09-25 03:28:22.776Z",1.13692,1.1369799999999999
"exness","EURUSD","2026-09-25 03:28:31.682Z",1.13693,1.13699
"exness","EURUSD","2026-09-25 03:28:33.837Z",1.13692,1.1369799999999999
"exness","EURUSD","2026-09-25 03:28:37.972Z",1.13691,1.13697
"exness","EURUSD","2026-09-25 03:28:39.622Z",1.1369,1.13696
"exness","EURUSD","2026-09-25 03:28:44.168Z",1.13689,1.13695
"exness","EURUSD","2026-09-25 03:28:45.617Z",1.1369,1.13696
"exness","EURUSD","2026-09-25 03:28:47.122Z",1.1368800000000001,1.13694
"exness","EURUSD","2026-09-25 03:28:48.168Z",1.13689,1.13695
"exness","EURUSD","2026-09-25 03:28:48.638Z",1.13691,1.13697
"exness","EURUSD","2026-09-25 03:28:49.908Z",1.13692,1.1369799999999999
"exness","EURUSD","2026-09-25 03:28:54.982Z",1.13691,1.13697
"exness","EURUSD","2026-09-25 03:28:56.947Z",1.13692,1.1369799999999999
"exness","EURUSD","2026-09-25 03:29:00.566Z",1.13691,1.13697
"exness","EURUSD","2026-09-25 03:29:02.984Z",1.13692,1.1369799999999999
"exness","EURUSD","2026-09-25 03:29:04.963Z",1.1369,1.13696
"exness","EURUSD","2026-09-25 03:29:05.170Z",1.1368800000000001,1.13694
"exness","EURUSD","2026-09-25 03:29:06.189Z",1.13689,1.13695
"exness","EURUSD","2026-09-25 03:29:09.392Z",1.13691,1.13697
"exness","EURUSD","2026-09-25 03:29:10.522Z",1.1369,1.13696
"exness","EURUSD","2026-09-25 03:29:15.438Z",1.13691,1.13697
"exness","EURUSD","2026-09-25 03:29:16.445Z",1.1369,1.13696
"exness","EURUSD","2026-09-25 03:29:18.144Z",1.13691,1.13697
"exness","EURUSD","2026-09-25 03:29:19.210Z",1.13693,1.13699
"exness","EURUSD","2026-09-25 03:29:24.097Z",1.13694,1.137
"exness","EURUSD","2026-09-25 03:29:25.170Z",1.13693,1.13699
"exness","EURUSD","2026-09-25 03:29:32.049Z",1.13691,1.13697
"exness","EURUSD","2026-09-25 03:29:38.795Z",1.1369,1.13696
"exness","EURUSD","2026-09-25 03:29:39.824Z",1.13691,1.13697
"exness","EURUSD","2026-09-25 03:29:46.008Z",1.1369,1.13696
"exness","EURUSD","2026-09-25 03:29:47.191Z",1.13691,1.13697
"exness","EURUSD","2026-09-25 03:29:52.223Z",1.1369,1.13696
"exness","EURUSD","2026-09-25 03:30:01.606Z",1.13691,1.13697
"exness","EURUSD","2026-09-25 03:30:02.594Z",1.1368800000000001,1.13694
"exness","EURUSD","2026-09-25 03:30:03.647Z",1.13687,1.13693
"exness","EURUSD","2026-09-25 03:30:06.341Z",1.1368800000000001,1.13694
"exness","EURUSD","2026-09-25 03:30:06.749Z",1.13685,1.13691
"exness","EURUSD","2026-09-25 03:30:08.144Z",1.13686,1.13692
"exness","EURUSD","2026-09-25 03:30:09.625Z",1.13687,1.13693
"exness","EURUSD","2026-09-25 03:30:13.429Z",1.13685,1.13691
"exness","EURUSD","2026-09-25 03:30:14.700Z",1.13683,1.13689
"exness","EURUSD","2026-09-25 03:30:21.344Z",1.13682,1.1368800000000001
"exness","EURUSD","2026-09-25 03:30:28.970Z",1.13681,1.13687
"exness","EURUSD","2026-09-25 03:30:30.505Z",1.13683,1.13689
"exness","EURUSD","2026-09-25 03:30:43.077Z",1.13682,1.1368800000000001
"exness","EURUSD","2026-09-25 03:30:51.629Z",1.13683,1.13689
"exness","EURUSD","2026-09-25 03:30:53.260Z",1.13682,1.1368800000000001
"exness","EURUSD","2026-09-25 03:30:56.978Z",1.13683,1.13689
"exness","EURUSD","2026-09-25 03:30:58.088Z",1.13682,1.1368800000000001
"exness","EURUSD","2026-09-25 03:31:01.430Z",1.13683,1.13689
"exness","EURUSD","2026-09-25 03:31:02.568Z",1.13684,1.1369
"exness","EURUSD","2026-09-25 03:31:17.437Z",1.13685,1.13691
"exness","EURUSD","2026-09-25 03:31:19.417Z",1.13684,1.1369
"exness","EURUSD","2026-09-25 03:31:30.719Z",1.13682,1.1368800000000001
"exness","EURUSD","2026-09-25 03:31:36.293Z",1.13681,1.13687
"exness","EURUSD","2026-09-25 03:31:54.017Z",1.13683,1.13689
"exness","EURUSD","2026-09-25 03:31:56.138Z",1.13681,1.13687
"exness","EURUSD","2026-09-25 03:32:02.828Z",1.13682,1.1368800000000001
"exness","EURUSD","2026-09-25 03:32:06.622Z",1.13681,1.13687
"exness","EURUSD","2026-09-25 03:32:10.688Z",1.13683,1.13689
"exness","EURUSD","2026-09-25 03:32:25.478Z",1.13682,1.1368800000000001
"exness","EURUSD","2026-09-25 03:32:27.438Z",1.13683,1.13689
"exness","EURUSD","2026-09-25 03:32:36.142Z",1.13682,1.1368800000000001
"exness","EURUSD","2026-09-25 03:32:39.272Z",1.13681,1.13687
"exness","EURUSD","2026-09-25 03:32:40.583Z",1.13682,1.1368800000000001
"exness","EURUSD","2026-09-25 03:32:47.091Z",1.13681,1.13687
"exness","EURUSD","2026-09-25 03:32:48.112Z",1.13682,1.1368800000000001
"exness","EURUSD","2026-09-25 03:33:02.729Z",1.13684,1.1369
"exness","EURUSD","2026-09-25 03:33:14.814Z",1.13685,1.13691
"exness","EURUSD","2026-09-25 03:33:18.501Z",1.13686,1.13692
"exness","EURUSD","2026-09-25 03:33:19.035Z",1.1368800000000001,1.13694
"exness","EURUSD","2026-09-25 03:33:19.144Z",1.13689,1.13695
"exness","EURUSD","2026-09-25 03:33:22.059Z",1.13691,1.13697
"exness","EURUSD","2026-09-25 03:33:22.185Z",1.13692,1.1369799999999999
"exness","EURUSD","2026-09-25 03:33:22.476Z",1.13689,1.13695
"exness","EURUSD","2026-09-25 03:33:24.081Z",1.1369,1.13696
"exness","EURUSD","2026-09-25 03:33:25.084Z",1.13691,1.13697
"exness","EURUSD","2026-09-25 03:33:27.109Z",1.13692,1.1369799999999999
"exness","EURUSD","2026-09-25 03:33:30.810Z",1.1369,1.13696
"exness","EURUSD","2026-09-25 03:33:32.649Z",1.13689,1.13695
"exness","EURUSD","2026-09-25 03:33:34.066Z",1.1369,1.13696
"exness","EURUSD","2026-09-25 03:33:36.052Z",1.13692,1.1369799999999999
"exness","EURUSD","2026-09-25 03:33:36.628Z",1.1369,1.13696
"exness","EURUSD","2026-09-25 03:33:41.046Z",1.13689,1.13695
"exness","EURUSD","2026-09-25 03:33:46.317Z",1.1368800000000001,1.13694
"exness","EURUSD","2026-09-25 03:33:49.437Z",1.13689,1.13695
"exness","EURUSD","2026-09-25 03:33:52.049Z",1.1368800000000001,1.13694
"exness","EURUSD","2026-09-25 03:34:03.711Z",1.1369,1.13696
"exness","EURUSD","2026-09-25 03:34:06.015Z",1.13691,1.13697
"exness","EURUSD","2026-09-25 03:34:08.675Z",1.13692,1.1369799999999999
"exness","EURUSD","2026-09-25 03:34:32.014Z",1.13694,1.137
"exness","EURUSD","2026-09-25 03:34:33.337Z",1.13695,1.13701
"exness","EURUSD","2026-09-25 03:34:35.858Z",1.13694,1.137
"exness","EURUSD","2026-09-25 03:34:57.571Z",1.13693,1.13699
"exness","EURUSD","2026-09-25 03:34:59.052Z",1.13694,1.137
"exness","EURUSD","2026-09-25 03:35:15.487Z",1.13692,1.1369799999999999
"exness","EURUSD","2026-09-25 03:35:15.505Z",1.13691,1.13697
"exness","EURUSD","2026-09-25 03:35:16.654Z",1.13692,1.1369799999999999
"exness","EURUSD","2026-09-25 03:35:19.963Z",1.13693,1.13699
"exness","EURUSD","2026-09-25 03:35:24.847Z",1.13694,1.137
"exness","EURUSD","2026-09-25 03:35:28.605Z",1.13695,1.13701
"exness","EURUSD","2026-09-25 03:35:29.887Z",1.13694,1.137
"exness","EURUSD","2026-09-25 03:36:00.833Z",1.13696,1.13702
"exness","EURUSD","2026-09-25 03:36:00.995Z",1.1369799999999999,1.13704
"exness","EURUSD","2026-09-25 03:36:03.429Z",1.13697,1.13703
"exness","EURUSD","2026-09-25 03:36:20.120Z",1.13696,1.13702
"exness","EURUSD","2026-09-25 03:36:24.078Z",1.13695,1.13701
"exness","EURUSD","2026-09-25 03:36:26.626Z",1.13694,1.137
"exness","EURUSD","2026-09-25 03:36:29.444Z",1.13692,1.1369799999999999
"exness","EURUSD","2026-09-25 03:36:29.505Z",1.13691,1.13697
"exness","EURUSD","2026-09-25 03:36:30.236Z",1.13689,1.13695
"exness","EURUSD","2026-09-25 03:36:31.935Z",1.1368800000000001,1.13694
"exness","EURUSD","2026-09-25 03:36:34.099Z",1.13689,1.13695
"exness","EURUSD","2026-09-25 03:36:35.113Z",1.1369,1.13696
"exness","EURUSD","2026-09-25 03:36:39.397Z",1.13689,1.13695
"exness","EURUSD","2026-09-25 03:36:49.783Z",1.1368800000000001,1.13694
"exness","EURUSD","2026-09-25 03:36:51.495Z",1.13689,1.13695
"exness","EURUSD","2026-09-25 03:37:11.175Z",1.1369,1.13696
"exness","EURUSD","2026-09-25 03:37:14.914Z",1.13689,1.13695
"exness","EURUSD","2026-09-25 03:37:17.172Z",1.1369,1.13696
"exness","EURUSD","2026-09-25 03:37:19.619Z",1.13689,1.13695
"exness","EURUSD","2026-09-25 03:37:20.674Z",1.1369,1.13696
"exness","EURUSD","2026-09-25 03:37:22.691Z",1.13689,1.13695
"exness","EURUSD","2026-09-25 03:37:27.836Z",1.1369,1.13696
"exness","EURUSD","2026-09-25 03:37:28.992Z",1.13689,1.13695
"exness","EURUSD","2026-09-25 03:37:45.732Z",1.1369,1.13696
"exness","EURUSD","2026-09-25 03:37:48.113Z",1.13689,1.13695
"exness","EURUSD","2026-09-25 03:37:56.485Z",1.13691,1.13697
"exness","EURUSD","2026-09-25 03:37:56.598Z",1.13692,1.1369799999999999
"exness","EURUSD","2026-09-25 03:38:16.103Z",1.13693,1.13699
"exness","EURUSD","2026-09-25 03:38:19.350Z",1.13695,1.13701
"exness","EURUSD","2026-09-25 03:38:20.369Z",1.13696,1.13702
"exness","EURUSD","2026-09-25 03:38:21.644Z",1.13695,1.13701
"exness","EURUSD","2026-09-25 03:38:31.895Z",1.13693,1.13699
"exness","EURUSD","2026-09-25 03:38:32.939Z",1.13694,1.137
"exness","EURUSD","2026-09-25 03:38:33.979Z",1.13693,1.13699
"exness","EURUSD","2026-09-25 03:38:36.316Z",1.13694,1.137
"exness","EURUSD","2026-09-25 03:38:50.560Z",1.13693,1.13699
"exness","EURUSD","2026-09-25 03:38:51.574Z",1.13694,1.137
"exness","EURUSD","2026-09-25 03:38:53.879Z",1.13693,1.13699
"exness","EURUSD","2026-09-25 03:38:54.956Z",1.13695,1.13701
"exness","EURUSD","2026-09-25 03:38:56.084Z",1.13694,1.137
"exness","EURUSD","2026-09-25 03:39:01.762Z",1.13693,1.13699
"exness","EURUSD","2026-09-25 03:39:04.091Z",1.13692,1.1369799999999999
"exness","EURUSD","2026-09-25 03:39:08.740Z",1.13693,1.13699
"exness","EURUSD","2026-09-25 03:39:11.882Z",1.13694,1.137
"exness","EURUSD","2026-09-25 03:39:13.972Z",1.13693,1.13699
"exness","EURUSD","2026-09-25 03:39:21.608Z",1.13694,1.137
"exness","EURUSD","2026-09-25 03:39:22.782Z",1.13693,1.13699
"exness","EURUSD","2026-09-25 03:39:30.423Z",1.13694,1.137
"exness","EURUSD","2026-09-25 03:39:34.994Z",1.13695,1.13701
"exness","EURUSD","2026-09-25 03:39:36.289Z",1.13694,1.137
"exness","EURUSD","2026-09-25 03:39:43.446Z",1.13696,1.13702
"exness","EURUSD","2026-09-25 03:39:44.823Z",1.13694,1.137
"exness","EURUSD","2026-09-25 03:39:45.896Z",1.13693,1.13699
"exness","EURUSD","2026-09-25 03:39:47.325Z",1.13694,1.137
"exness","EURUSD","2026-09-25 03:40:02.489Z",1.13692,1.1369799999999999
"exness","EURUSD","2026-09-25 03:40:10.071Z",1.13693,1.13699
"exness","EURUSD","2026-09-25 03:40:14.146Z",1.13691,1.13697
"exness","EURUSD","2026-09-25 03:40:17.773Z",1.13693,1.13699
"exness","EURUSD","2026-09-25 03:40:31.844Z",1.13692,1.1369799999999999
"exness","EURUSD","2026-09-25 03:40:37.049Z",1.13694,1.137
"exness","EURUSD","2026-09-25 03:41:01.959Z",1.13693,1.13699
"exness","EURUSD","2026-09-25 03:41:06.643Z",1.13694,1.137
"exness","EURUSD","2026-09-25 03:41:18.628Z",1.13695,1.13701
"exness","EURUSD","2026-09-25 03:41:25.834Z",1.13694,1.137
"exness","EURUSD","2026-09-25 03:41:32.261Z",1.13692,1.1369799999999999
"exness","EURUSD","2026-09-25 03:41:32.273Z",1.1369,1.13696
"exness","EURUSD","2026-09-25 03:41:32.278Z",1.13689,1.13695
"exness","EURUSD","2026-09-25 03:41:32.354Z",1.1368800000000001,1.13694
"exness","EURUSD","2026-09-25 03:41:33.360Z",1.13687,1.13693
"exness","EURUSD","2026-09-25 03:41:34.377Z",1.1368800000000001,1.13694
"exness","EURUSD","2026-09-25 03:41:38.247Z",1.13689,1.13695
"exness","EURUSD","2026-09-25 03:41:40.152Z",1.1368800000000001,1.13694
"exness","EURUSD","2026-09-25 03:41:43.662Z",1.13687,1.13693
"exness","EURUSD","2026-09-25 03:41:50.278Z",1.13686,1.13692
"exness","EURUSD","2026-09-25 03:41:53.357Z",1.13687,1.13693
"exness","EURUSD","2026-09-25 03:41:54.358Z",1.1368800000000001,1.13694
"exness","EURUSD","2026-09-25 03:42:01.987Z",1.13687,1.13693
"exness","EURUSD","2026-09-25 03:42:14.014Z",1.13689,1.13695
"exness","EURUSD","2026-09-25 03:42:15.199Z",1.1369,1.13696
"exness","EURUSD","2026-09-25 03:42:16.218Z",1.1368800000000001,1.13694
"exness","EURUSD","2026-09-25 03:42:25.311Z",1.13689,1.13695
"exness","EURUSD","2026-09-25 03:42:27.127Z",1.1369,1.13696
"exness","EURUSD","2026-09-25 03:42:28.913Z",1.13689,1.13695
"exness","EURUSD","2026-09-25 03:42:30.340Z",1.13691,1.13697
"exness","EURUSD","2026-09-25 03:42:31.316Z",1.13693,1.13699
"exness","EURUSD","2026-09-25 03:42:32.352Z",1.13694,1.137
"exness","EURUSD","2026-09-25 03:42:33.475Z",1.13693,1.13699
"exness","EURUSD","2026-09-25 03:42:39.057Z",1.13694,1.137
"exness","EURUSD","2026-09-25 03:42:43.983Z",1.13693,1.13699
"exness","EURUSD","2026-09-25 03:43:09.521Z",1.13692,1.1369799999999999
"exness","EURUSD","2026-09-25 03:43:11.239Z",1.13693,1.13699
"exness","EURUSD","2026-09-25 03:43:12.711Z",1.13692,1.1369799999999999
"exness","EURUSD","2026-09-25 03:43:15.980Z",1.13691,1.13697
"exness","EURUSD","2026-09-25 03:43:24.686Z",1.13692,1.1369799999999999
"exness","EURUSD","2026-09-25 03:43:29.518Z",1.13693,1.13699
"exness","EURUSD","2026-09-25 03:43:43.353Z",1.13692,1.1369799999999999
"exness","EURUSD","2026-09-25 03:43:46.357Z",1.13694,1.137
"exness","EURUSD","2026-09-25 03:43:48.113Z",1.13693,1.13699
"exness","EURUSD","2026-09-25 03:43:54.879Z",1.13692,1.1369799999999999
"exness","EURUSD","2026-09-25 03:44:00.782Z",1.13694,1.137
"exness","EURUSD","2026-09-25 03:44:04.042Z",1.13693,1.13699
"exness","EURUSD","2026-09-25 03:44:11.052Z",1.13694,1.137
"exness","EURUSD","2026-09-25 03:44:22.165Z",1.13695,1.13701
"exness","EURUSD","2026-09-25 03:44:28.888Z",1.13696,1.13702
"exness","EURUSD","2026-09-25 03:44:29.917Z",1.13695,1.13701
"exness","EURUSD","2026-09-25 03:44:31.807Z",1.13694,1.137
"exness","EURUSD","2026-09-25 03:44:34.538Z",1.13697,1.13703
"exness","EURUSD","2026-09-25 03:44:34.861Z",1.13694,1.137
"exness","EURUSD","2026-09-25 03:44:58.153Z",1.13692,1.1369799999999999
"exness","EURUSD","2026-09-25 03:44:58.418Z",1.1369,1.13696
"exness","EURUSD","2026-09-25 03:44:58.467Z",1.1368800000000001,1.13694
"exness","EURUSD","2026-09-25 03:45:03.899Z",1.13689,1.13695
"exness","EURUSD","2026-09-25 03:45:05.148Z",1.1368800000000001,1.13694
"exness","EURUSD","2026-09-25 03:45:11.867Z",1.13687,1.13693
"exness","EURUSD","2026-09-25 03:45:13.895Z",1.13689,1.13695
"exness","EURUSD","2026-09-25 03:45:16.443Z",1.1368800000000001,1.13694
"exness","EURUSD","2026-09-25 03:45:18.561Z",1.13689,1.13695
"exness","EURUSD","2026-09-25 03:45:21.843Z",1.1368800000000001,1.13694
"exness","EURUSD","2026-09-25 03:45:30.491Z",1.13687,1.13693
"exness","EURUSD","2026-09-25 03:45:38.063Z",1.1368800000000001,1.13694
"exness","EURUSD","2026-09-25 03:45:42.494Z",1.13687,1.13693
"exness","EURUSD","2026-09-25 03:45:48.548Z",1.13686,1.13692
"exness","EURUSD","2026-09-25 03:45:51.150Z",1.13687,1.13693
"exness","EURUSD","2026-09-25 03:46:00.609Z",1.1368800000000001,1.13694
"exness","EURUSD","2026-09-25 03:46:04.199Z",1.13687,1.13693
"exness","EURUSD","2026-09-25 03:46:06.518Z",1.1368800000000001,1.13694
"exness","EURUSD","2026-09-25 03:46:07.982Z",1.13687,1.13693
"exness","EURUSD","2026-09-25 03:46:09.529Z",1.1368800000000001,1.13694
"exness","EURUSD","2026-09-25 03:46:19.339Z",1.13689,1.13695
"exness","EURUSD","2026-09-25 03:46:20.967Z",1.1368800000000001,1.13694
"exness","EURUSD","2026-09-25 03:46:25.354Z",1.13687,1.13693
"exness","EURUSD","2026-09-25 03:46:27.618Z",1.13689,1.13695
"exness","EURUSD","2026-09-25 03:46:29.095Z",1.1369,1.13696
"exness","EURUSD","2026-09-25 03:46:31.680Z",1.13691,1.13697
"exness","EURUSD","2026-09-25 03:46:33.060Z",1.1369,1.13696
"exness","EURUSD","2026-09-25 03:46:35.407Z",1.13689,1.13695
"exness","EURUSD","2026-09-25 03:46:36.609Z",1.1369,1.13696
"exness","EURUSD","2026-09-25 03:46:38.674Z",1.13691,1.13697
"exness","EURUSD","2026-09-25 03:46:47.993Z",1.13693,1.13699
"exness","EURUSD","2026-09-25 03:46:49.023Z",1.13694,1.137
"exness","EURUSD","2026-09-25 03:46:54.521Z",1.13693,1.13699
"exness","EURUSD","2026-09-25 03:46:55.768Z",1.13694,1.137
"exness","EURUSD","2026-09-25 03:46:57.555Z",1.13696,1.13702
"exness","EURUSD","2026-09-25 03:46:58.572Z",1.13697,1.13703
"exness","EURUSD","2026-09-25 03:46:59.668Z",1.13696,1.13702
"exness","EURUSD","2026-09-25 03:47:04.686Z",1.13697,1.13703
"exness","EURUSD","2026-09-25 03:47:06.236Z",1.13696,1.13702
"exness","EURUSD","2026-09-25 03:47:19.769Z",1.1369799999999999,1.13704
"exness","EURUSD","2026-09-25 03:47:22.411Z",1.13697,1.13703
"exness","EURUSD","2026-09-25 03:47:25.692Z",1.1369799999999999,1.13704
"exness","EURUSD","2026-09-25 03:47:27.421Z",1.13696,1.13702
"exness","EURUSD","2026-09-25 03:47:33.264Z",1.13697,1.13703
"exness","EURUSD","2026-09-25 03:47:43.390Z",1.13696,1.13702
"exness","EURUSD","2026-09-25 03:47:47.293Z",1.13697,1.13703
"exness","EURUSD","2026-09-25 03:47:48.304Z",1.13696,1.13702
"exness","EURUSD","2026-09-25 03:47:49.632Z",1.13695,1.13701
"exness","EURUSD","2026-09-25 03:48:15.699Z",1.13693,1.13699
"exness","EURUSD","2026-09-25 03:48:17.049Z",1.13692,1.1369799999999999
"exness","EURUSD","2026-09-25 03:48:18.051Z",1.13693,1.13699
"exness","EURUSD","2026-09-25 03:48:29.283Z",1.13691,1.13697
"exness","EURUSD","2026-09-25 03:48:29.339Z",1.13689,1.13695
"exness","EURUSD","2026-09-25 03:48:30.458Z",1.1368800000000001,1.13694
"exness","EURUSD","2026-09-25 03:48:31.621Z",1.13689,1.13695
"exness","EURUSD","2026-09-25 03:48:54.760Z",1.1369,1.13696
"exness","EURUSD","2026-09-25 03:48:56.530Z",1.13689,1.13695
"exness","EURUSD","2026-09-25 03:48:57.539Z",1.1368800000000001,1.13694
"exness","EURUSD","2026-09-25 03:49:00.059Z",1.13689,1.13695
"exness","EURUSD","2026-09-25 03:49:01.072Z",1.1368800000000001,1.13694
"exness","EURUSD","2026-09-25 03:49:07.169Z",1.13689,1.13695
"exness","EURUSD","2026-09-25 03:49:20.237Z",1.1369,1.13696
"exness","EURUSD","2026-09-25 03:49:21.271Z",1.13689,1.13695
"exness","EURUSD","2026-09-25 03:49:31.150Z",1.1369,1.13696
"exness","EURUSD","2026-09-25 03:49:48.750Z",1.13689,1.13695
"exness","EURUSD","2026-09-25 03:49:59.731Z",1.1368800000000001,1.13694
"exness","EURUSD","2026-09-25 03:50:00.154Z",1.13686,1.13692
"exness","EURUSD","2026-09-25 03:50:01.569Z",1.13685,1.13691
"exness","EURUSD","2026-09-25 03:50:02.983Z",1.13686,1.13692
"exness","EURUSD","2026-09-25 03:50:03.084Z",1.1368800000000001,1.13694
"exness","EURUSD","2026-09-25 03:50:04.050Z",1.13689,1.13695
"exness","EURUSD","2026-09-25 03:50:05.309Z",1.1369,1.13696
"exness","EURUSD","2026-09-25 03:50:06.485Z",1.13689,1.13695
"exness","EURUSD","2026-09-25 03:50:23.446Z",1.13691,1.13697
"exness","EURUSD","2026-09-25 03:50:24.478Z",1.13689,1.13695
"exness","EURUSD","2026-09-25 03:50:41.492Z",1.1369,1.13696
"exness","EURUSD","2026-09-25 03:50:44.244Z",1.13689,1.13695
"exness","EURUSD","2026-09-25 03:50:46.715Z",1.13691,1.13697
"exness","EURUSD","2026-09-25 03:50:47.823Z",1.1369,1.13696
"exness","EURUSD","2026-09-25 03:50:49.558Z",1.1368800000000001,1.13694
"exness","EURUSD","2026-09-25 03:50:50.731Z",1.13687,1.13693
"exness","EURUSD","2026-09-25 03:50:54.215Z",1.13686,1.13692
"exness","EURUSD","2026-09-25 03:50:58.986Z",1.1368800000000001,1.13694
"exness","EURUSD","2026-09-25 03:51:02.291Z",1.13686,1.13692
"exness","EURUSD","2026-09-25 03:51:02.439Z",1.13685,1.13691
"exness","EURUSD","2026-09-25 03:51:04.088Z",1.13684,1.1369
"exness","EURUSD","2026-09-25 03:51:05.857Z",1.13685,1.13691
"exness","EURUSD","2026-09-25 03:51:12.796Z",1.13684,1.1369
"exness","EURUSD","2026-09-25 03:51:20.260Z",1.13683,1.13689
"exness","EURUSD","2026-09-25 03:51:21.504Z",1.13682,1.1368800000000001
"exness","EURUSD","2026-09-25 03:51:24.180Z",1.13683,1.13689
"exness","EURUSD","2026-09-25 03:51:51.914Z",1.13684,1.1369
"exness","EURUSD","2026-09-25 03:51:55.645Z",1.13683,1.13689
"exness","EURUSD","2026-09-25 03:52:01.671Z",1.13684,1.1369
"exness","EURUSD","2026-09-25 03:52:17.881Z",1.13683,1.13689
"exness","EURUSD","2026-09-25 03:52:37.161Z",1.13685,1.13691
"exness","EURUSD","2026-09-25 03:52:37.187Z",1.13687,1.13693
"exness","EURUSD","2026-09-25 03:52:38.247Z",1.13686,1.13692
"exness","EURUSD","2026-09-25 03:52:39.303Z",1.13684,1.1369
"exness","EURUSD","2026-09-25 03:52:43.917Z",1.13685,1.13691
"exness","EURUSD","2026-09-25 03:52:47.646Z",1.13684,1.1369
"exness","EURUSD","2026-09-25 03:52:48.745Z",1.13685,1.13691
"exness","EURUSD","2026-09-25 03:52:59.047Z",1.13683,1.13689
"exness","EURUSD","2026-09-25 03:53:02.683Z",1.13685,1.13691
"exness","EURUSD","2026-09-25 03:53:05.940Z",1.13684,1.1369
"exness","EURUSD","2026-09-25 03:53:12.136Z",1.13685,1.13691
"exness","EURUSD","2026-09-25 03:53:13.168Z",1.13686,1.13692
"exness","EURUSD","2026-09-25 03:53:13.954Z",1.13687,1.13693
"exness","EURUSD","2026-09-25 03:53:13.987Z",1.13689,1.13695
"exness","EURUSD","2026-09-25 03:53:18.045Z",1.1368800000000001,1.13694
"exness","EURUSD","2026-09-25 03:53:33.097Z",1.13687,1.13693
"exness","EURUSD","2026-09-25 03:53:34.139Z",1.1368800000000001,1.13694
"exness","EURUSD","2026-09-25 03:53:43.823Z",1.13687,1.13693
"exness","EURUSD","2026-09-25 03:53:45.905Z",1.1368800000000001,1.13694
"exness","EURUSD","2026-09-25 03:53:54.958Z",1.13689,1.13695
"exness","EURUSD","2026-09-25 03:54:01.277Z",1.1369,1.13696
"exness","EURUSD","2026-09-25 03:54:05.807Z",1.13692,1.1369799999999999
"exness","EURUSD","2026-09-25 03:54:09.957Z",1.13693,1.13699
"exness","EURUSD","2026-09-25 03:54:11.871Z",1.13695,1.13701
"exness","EURUSD","2026-09-25 03:54:12.940Z",1.13696,1.13702
"exness","EURUSD","2026-09-25 03:54:16.793Z",1.13695,1.13701
"exness","EURUSD","2026-09-25 03:54:16.971Z",1.13697,1.13703
"exness","EURUSD","2026-09-25 03:54:18.898Z",1.13699,1.13705
"exness","EURUSD","2026-09-25 03:54:20.388Z",1.1369799999999999,1.13704
"exness","EURUSD","2026-09-25 03:54:24.711Z",1.13697,1.13703
"exness","EURUSD","2026-09-25 03:54:25.939Z",1.13696,1.13702
"exness","EURUSD","2026-09-25 03:54:25.982Z",1.13694,1.137
"exness","EURUSD","2026-09-25 03:54:31.014Z",1.13695,1.13701
"exness","EURUSD","2026-09-25 03:54:39.364Z",1.13694,1.137
"exness","EURUSD","2026-09-25 03:54:55.226Z",1.13695,1.13701
"exness","EURUSD","2026-09-25 03:55:00.505Z",1.13693,1.13699
"exness","EURUSD","2026-09-25 03:55:00.595Z",1.13691,1.13697
"exness","EURUSD","2026-09-25 03:55:02.939Z",1.13692,1.1369799999999999
"exness","EURUSD","2026-09-25 03:55:03.458Z",1.13694,1.137
"exness","EURUSD","2026-09-25 03:55:19.049Z",1.13693,1.13699
"exness","EURUSD","2026-09-25 03:55:33.723Z",1.13694,1.137
"exness","EURUSD","2026-09-25 03:55:37.987Z",1.13695,1.13701
"exness","EURUSD","2026-09-25 03:55:43.355Z",1.13694,1.137
"exness","EURUSD","2026-09-25 03:55:46.874Z",1.13693,1.13699
"exness","EURUSD","2026-09-25 03:55:48.061Z",1.13694,1.137
"exness","EURUSD","2026-09-25 03:55:52.025Z",1.13696,1.13702
"exness","EURUSD","2026-09-25 03:55:52.096Z",1.1369799999999999,1.13704
"exness","EURUSD","2026-09-25 03:55:53.240Z",1.13697,1.13703
"exness","EURUSD","2026-09-25 03:56:02.278Z",1.13695,1.13701
"exness","EURUSD","2026-09-25 03:56:11.780Z",1.13694,1.137
"exness","EURUSD","2026-09-25 03:56:15.630Z",1.13695,1.13701
"exness","EURUSD","2026-09-25 03:56:16.705Z",1.13696,1.13702
"exness","EURUSD","2026-09-25 03:56:17.798Z",1.1369799999999999,1.13704
"exness","EURUSD","2026-09-25 03:56:22.045Z",1.13699,1.13705
"exness","EURUSD","2026-09-25 03:56:30.223Z",1.137,1.13706
"exness","EURUSD","2026-09-25 03:56:40.768Z",1.13699,1.13705
"exness","EURUSD","2026-09-25 03:56:47.502Z",1.1369799999999999,1.13704
"exness","EURUSD","2026-09-25 03:56:53.097Z",1.13696,1.13702
"exness","EURUSD","2026-09-25 03:56:54.124Z",1.13695,1.13701
"exness","EURUSD","2026-09-25 03:57:01.614Z",1.13694,1.137
"exness","EURUSD","2026-09-25 03:57:16.384Z",1.13692,1.1369799999999999
"exness","EURUSD","2026-09-25 03:57:16.474Z",1.1369,1.13696
"exness","EURUSD","2026-09-25 03:57:19.826Z",1.13691,1.13697
"exness","EURUSD","2026-09-25 03:57:22.189Z",1.1369,1.13696
"exness","EURUSD","2026-09-25 03:57:30.187Z",1.13692,1.1369799999999999
"exness","EURUSD","2026-09-25 03:57:30.205Z",1.13694,1.137
"exness","EURUSD","2026-09-25 03:57:30.384Z",1.13696,1.13702
"exness","EURUSD","2026-09-25 03:57:30.533Z",1.13697,1.13703
"exness","EURUSD","2026-09-25 03:57:32.902Z",1.13694,1.137
"exness","EURUSD","2026-09-25 03:57:33.729Z",1.13692,1.1369799999999999
"exness","EURUSD","2026-09-25 03:57:34.990Z",1.13693,1.13699
"exness","EURUSD","2026-09-25 03:57:47.459Z",1.13692,1.1369799999999999
"exness","EURUSD","2026-09-25 03:57:53.139Z",1.13693,1.13699
"exness","EURUSD","2026-09-25 03:58:34.750Z",1.13692,1.1369799999999999
"exness","EURUSD","2026-09-25 03:58:40.962Z",1.13693,1.13699
"exness","EURUSD","2026-09-25 03:58:44.292Z",1.13691,1.13697
"exness","EURUSD","2026-09-25 03:58:45.373Z",1.1369,1.13696
"exness","EURUSD","2026-09-25 03:58:45.498Z",1.13693,1.13699
"exness","EURUSD","2026-09-25 03:58:47.768Z",1.13695,1.13701
"exness","EURUSD","2026-09-25 03:58:50.292Z",1.13694,1.137
"exness","EURUSD","2026-09-25 03:58:53.054Z",1.13695,1.13701
"exness","EURUSD","2026-09-25 03:59:05.292Z",1.13696,1.13702
"exness","EURUSD","2026-09-25 03:59:07.144Z",1.13695,1.13701
"exness","EURUSD","2026-09-25 03:59:10.081Z",1.13697,1.13703
"exness","EURUSD","2026-09-25 03:59:11.199Z",1.13696,1.13702
"exness","EURUSD","2026-09-25 03:59:11.469Z",1.13694,1.137
"exness","EURUSD","2026-09-25 03:59:13.125Z",1.13692,1.1369799999999999
"exness","EURUSD","2026-09-25 03:59:13.514Z",1.1369,1.13696
"exness","EURUSD","2026-09-25 03:59:20.843Z",1.13689,1.13695
"exness","EURUSD","2026-09-25 03:59:23.431Z",1.1368800000000001,1.13694
"exness","EURUSD","2026-09-25 03:59:26.038Z",1.13689,1.13695
"exness","EURUSD","2026-09-25 03:59:27.485Z",1.13687,1.13693
"exness","EURUSD","2026-09-25 03:59:42.045Z",1.13686,1.13692
"exness","EURUSD","2026-09-25 03:59:44.050Z",1.13687,1.13693
"exness","EURUSD","2026-09-25 03:59:47.264Z",1.13689,1.13695
"exness","EURUSD","2026-09-25 03:59:50.613Z",1.1368800000000001,1.13694
"exness","EURUSD","2026-09-25 03:59:59.290Z",1.13689,1.13695
"exness","EURUSD","2026-09-25 04:00:00.368Z",1.1368800000000001,1.13694
"exness","EURUSD","2026-09-25 04:00:10.390Z",1.13686,1.13692
"exness","EURUSD","2026-09-25 04:00:10.943Z",1.13684,1.1369
"exness","EURUSD","2026-09-25 04:00:11.306Z",1.13683,1.13689
"exness","EURUSD","2026-09-25 04:00:14.397Z",1.13684,1.1369
"exness","EURUSD","2026-09-25 04:00:30.215Z",1.13683,1.13689
"exness","EURUSD","2026-09-25 04:00:33.976Z",1.13682,1.1368800000000001
"exness","EURUSD","2026-09-25 04:00:36.797Z",1.13681,1.13687
"exness","EURUSD","2026-09-25 04:00:39.760Z",1.1368,1.13686
"exness","EURUSD","2026-09-25 04:00:40.964Z",1.13681,1.13687
"exness","EURUSD","2026-09-25 04:00:43.094Z",1.13682,1.1368800000000001
"exness","EURUSD","2026-09-25 04:00:44.613Z",1.13681,1.13687
"exness","EURUSD","2026-09-25 04:00:48.047Z",1.13683,1.13689
"exness","EURUSD","2026-09-25 04:00:49.144Z",1.13682,1.1368800000000001
"exness","EURUSD","2026-09-25 04:00:50.350Z",1.13683,1.13689
"exness","EURUSD","2026-09-25 04:01:00.077Z",1.13684,1.1369
"exness","EURUSD","2026-09-25 04:01:01.334Z",1.13683,1.13689
"exness","EURUSD","2026-09-25 04:01:01.679Z",1.13685,1.13691
"exness","EURUSD","2026-09-25 04:01:03.949Z",1.13684,1.1369
"exness","EURUSD","2026-09-25 04:01:25.807Z",1.13686,1.13692
"exness","EURUSD","2026-09-25 04:01:25.835Z",1.1368800000000001,1.13694
"exness","EURUSD","2026-09-25 04:01:27.667Z",1.13687,1.13693
"exness","EURUSD","2026-09-25 04:01:28.161Z",1.13685,1.13691
"exness","EURUSD","2026-09-25 04:01:29.387Z",1.13683,1.13689
"exness","EURUSD","2026-09-25 04:01:38.519Z",1.13684,1.1369
"exness","EURUSD","2026-09-25 04:01:43.220Z",1.13683,1.13689
"exness","EURUSD","2026-09-25 04:01:49.054Z",1.13686,1.13692
"exness","EURUSD","2026-09-25 04:01:49.067Z",1.13687,1.13693
"exness","EURUSD","2026-09-25 04:01:50.327Z",1.13686,1.13692
"exness","EURUSD","2026-09-25 04:02:05.597Z",1.13687,1.13693
"exness","EURUSD","2026-09-25 04:02:18.854Z",1.13686,1.13692
"exness","EURUSD","2026-09-25 04:02:25.391Z",1.13687,1.13693
"exness","EURUSD","2026-09-25 04:02:27.372Z",1.13686,1.13692
"exness","EURUSD","2026-09-25 04:02:28.395Z",1.13687,1.13693
"exness","EURUSD","2026-09-25 04:02:29.149Z",1.13689,1.13695
"exness","EURUSD","2026-09-25 04:02:30.393Z",1.1369,1.13696
"exness","EURUSD","2026-09-25 04:02:31.402Z",1.13689,1.13695
"exness","EURUSD","2026-09-25 04:02:41.417Z",1.1369,1.13696
"exness","EURUSD","2026-09-25 04:02:48.692Z",1.13692,1.1369799999999999
"exness","EURUSD","2026-09-25 04:02:48.710Z",1.13694,1.137
"exness","EURUSD","2026-09-25 04:02:54.428Z",1.13693,1.13699
"exness","EURUSD","2026-09-25 04:02:55.849Z",1.13691,1.13697
"exness","EURUSD","2026-09-25 04:02:55.888Z",1.13689,1.13695
"exness","EURUSD","2026-09-25 04:02:57.186Z",1.1368800000000001,1.13694
"exness","EURUSD","2026-09-25 04:02:58.594Z",1.13689,1.13695
"exness","EURUSD","2026-09-25 04:02:59.987Z",1.13691,1.13697
"exness","EURUSD","2026-09-25 04:03:01.075Z",1.13692,1.1369799999999999
"exness","EURUSD","2026-09-25 04:03:02.221Z",1.13691,1.13697
"exness","EURUSD","2026-09-25 04:03:07.242Z",1.1369,1.13696
"exness","EURUSD","2026-09-25 04:03:08.518Z",1.13689,1.13695
"exness","EURUSD","2026-09-25 04:03:10.426Z",1.1369,1.13696
"exness","EURUSD","2026-09-25 04:03:12.242Z",1.13689,1.13695
"exness","EURUSD","2026-09-25 04:03:18.376Z",1.1368800000000001,1.13694
"exness","EURUSD","2026-09-25 04:03:24.029Z",1.1369,1.13696
"exness","EURUSD","2026-09-25 04:03:27.840Z",1.13689,1.13695
"exness","EURUSD","2026-09-25 04:03:29.228Z",1.1368800000000001,1.13694
"exness","EURUSD","2026-09-25 04:03:38.774Z",1.13686,1.13692
"exness","EURUSD","2026-09-25 04:03:40.041Z",1.13687,1.13693
"exness","EURUSD","2026-09-25 04:03:48.542Z",1.1368800000000001,1.13694
"exness","EURUSD","2026-09-25 04:03:58.039Z",1.13689,1.13695
"exness","EURUSD","2026-09-25 04:04:01.195Z",1.1369,1.13696
"exness","EURUSD","2026-09-25 04:04:03.027Z",1.13692,1.1369799999999999
"exness","EURUSD","2026-09-25 04:04:03.094Z",1.13694,1.137
"exness","EURUSD","2026-09-25 04:04:03.203Z",1.13695,1.13701
"exness","EURUSD","2026-09-25 04:04:05.697Z",1.13696,1.13702
"exness","EURUSD","2026-09-25 04:04:06.841Z",1.13695,1.13701
"exness","EURUSD","2026-09-25 04:04:17.506Z",1.13694,1.137
"exness","EURUSD","2026-09-25 04:04:30.211Z",1.13692,1.1369799999999999
"exness","EURUSD","2026-09-25 04:04:30.243Z",1.1369,1.13696
"exness","EURUSD","2026-09-25 04:04:30.345Z",1.13693,1.13699
"exness","EURUSD","2026-09-25 04:04:39.419Z",1.13694,1.137
"exness","EURUSD","2026-09-25 04:04:44.147Z",1.13693,1.13699
"exness","EURUSD","2026-09-25 04:04:45.197Z",1.13694,1.137
"exness","EURUSD","2026-09-25 04:05:02.682Z",1.13695,1.13701
"exness","EURUSD","2026-09-25 04:05:04.369Z",1.13697,1.13703
"exness","EURUSD","2026-09-25 04:05:04.404Z",1.13699,1.13705
"exness","EURUSD","2026-09-25 04:05:04.720Z",1.137,1.13706
"exness","EURUSD","2026-09-25 04:05:07.288Z",1.1369799999999999,1.13704
"exness","EURUSD","2026-09-25 04:05:14.975Z",1.13699,1.13705
"exness","EURUSD","2026-09-25 04:05:47.024Z",1.137,1.13706
"exness","EURUSD","2026-09-25 04:05:48.110Z",1.13699,1.13705
"exness","EURUSD","2026-09-25 04:05:49.159Z",1.137,1.13706
"exness","EURUSD","2026-09-25 04:05:56.259Z",1.13699,1.13705
"exness","EURUSD","2026-09-25 04:05:58.863Z",1.1369799999999999,1.13704
"exness","EURUSD","2026-09-25 04:06:03.724Z",1.13699,1.13705
"exness","EURUSD","2026-09-25 04:06:13.175Z",1.1369799999999999,1.13704
"exness","EURUSD","2026-09-25 04:06:20.491Z",1.13699,1.13705
"exness","EURUSD","2026-09-25 04:07:00.190Z",1.137,1.13706
"exness","EURUSD","2026-09-25 04:07:15.899Z",1.1369799999999999,1.13704
"exness","EURUSD","2026-09-25 04:07:15.914Z",1.13696,1.13702
"exness","EURUSD","2026-09-25 04:07:16.343Z",1.13699,1.13705
"exness","EURUSD","2026-09-25 04:07:24.116Z",1.137,1.13706
"exness","EURUSD","2026-09-25 04:07:30.124Z",1.13699,1.13705
"exness","EURUSD","2026-09-25 04:07:33.407Z",1.137,1.13706
"exness","EURUSD","2026-09-25 04:07:34.412Z",1.13699,1.13705
"exness","EURUSD","2026-09-25 04:07:47.732Z",1.137,1.13706
"exness","EURUSD","2026-09-25 04:07:54.311Z",1.13699,1.13705
"exness","EURUSD","2026-09-25 04:07:57.960Z",1.137,1.13706
"exness","EURUSD","2026-09-25 04:08:35.047Z",1.13702,1.13708
"exness","EURUSD","2026-09-25 04:08:35.085Z",1.13704,1.1371
"exness","EURUSD","2026-09-25 04:08:36.088Z",1.13705,1.13711
"exness","EURUSD","2026-09-25 04:08:36.875Z",1.13702,1.13708
"exness","EURUSD","2026-09-25 04:08:36.933Z",1.137,1.13706
"exness","EURUSD","2026-09-25 04:08:37.640Z",1.13699,1.13705
"exness","EURUSD","2026-09-25 04:08:40.808Z",1.137,1.13706
"exness","EURUSD","2026-09-25 04:08:42.610Z",1.13701,1.13707
"exness","EURUSD","2026-09-25 04:08:44.480Z",1.13703,1.13709
"exness","EURUSD","2026-09-25 04:08:45.814Z",1.13704,1.1371
"exness","EURUSD","2026-09-25 04:08:46.862Z",1.13703,1.13709
"exness","EURUSD","2026-09-25 04:08:52.904Z",1.13704,1.1371
"exness","EURUSD","2026-09-25 04:08:53.969Z",1.13703,1.13709
"exness","EURUSD","2026-09-25 04:09:00.284Z",1.13701,1.13707
"exness","EURUSD","2026-09-25 04:09:01.424Z",1.13702,1.13708
"exness","EURUSD","2026-09-25 04:09:11.327Z",1.13701,1.13707
"exness","EURUSD","2026-09-25 04:09:12.344Z",1.13702,1.13708
"exness","EURUSD","2026-09-25 04:09:12.498Z",1.13704,1.1371
"exness","EURUSD","2026-09-25 04:09:18.812Z",1.13705,1.13711
"exness","EURUSD","2026-09-25 04:09:25.511Z",1.13707,1.13713
"exness","EURUSD","2026-09-25 04:09:26.539Z",1.13706,1.13712
"exness","EURUSD","2026-09-25 04:09:28.594Z",1.13705,1.13711
"exness","EURUSD","2026-09-25 04:09:29.646Z",1.13706,1.13712
"exness","EURUSD","2026-09-25 04:09:30.453Z",1.13707,1.13713
"exness","EURUSD","2026-09-25 04:09:32.782Z",1.13708,1.13714
"exness","EURUSD","2026-09-25 04:09:35.561Z",1.1371,1.13716
"exness","EURUSD","2026-09-25 04:09:35.657Z",1.13711,1.13717
"exness","EURUSD","2026-09-25 04:09:36.674Z",1.1371,1.13716
"exness","EURUSD","2026-09-25 04:09:38.992Z",1.13709,1.13715
"exness","EURUSD","2026-09-25 04:09:41.292Z",1.1371,1.13716
"exness","EURUSD","2026-09-25 04:09:50.962Z",1.13709,1.13715
"exness","EURUSD","2026-09-25 04:09:59.479Z",1.13708,1.13714
"exness","EURUSD","2026-09-25 04:10:00.564Z",1.13709,1.13715
"exness","EURUSD","2026-09-25 04:10:01.566Z",1.13708,1.13714
"exness","EURUSD","2026-09-25 04:10:02.892Z",1.13709,1.13715
"exness","EURUSD","2026-09-25 04:10:04.729Z",1.13708,1.13714
"exness","EURUSD","2026-09-25 04:10:06.850Z",1.13707,1.13713
"exness","EURUSD","2026-09-25 04:10:09.662Z",1.13706,1.13712
"exness","EURUSD","2026-09-25 04:10:12.305Z",1.13707,1.13713
"exness","EURUSD","2026-09-25 04:10:23.187Z",1.13706,1.13712
"exness","EURUSD","2026-09-25 04:10:39.548Z",1.13707,1.13713
"exness","EURUSD","2026-09-25 04:10:41.376Z",1.13706,1.13712
"exness","EURUSD","2026-09-25 04:10:54.714Z",1.13705,1.13711
"exness","EURUSD","2026-09-25 04:11:03.873Z",1.13704,1.1371
"exness","EURUSD","2026-09-25 04:11:07.607Z",1.13705,1.13711
"exness","EURUSD","2026-09-25 04:11:08.753Z",1.13704,1.1371
"exness","EURUSD","2026-09-25 04:11:13.488Z",1.13705,1.13711
"exness","EURUSD","2026-09-25 04:11:14.737Z",1.13703,1.13709
"exness","EURUSD","2026-09-25 04:11:15.888Z",1.13704,1.1371
"exness","EURUSD","2026-09-25 04:11:17.081Z",1.13703,1.13709
"exness","EURUSD","2026-09-25 04:11:20.363Z",1.13702,1.13708
"exness","EURUSD","2026-09-25 04:11:23.388Z",1.13703,1.13709
"exness","EURUSD","2026-09-25 04:11:32.859Z",1.13702,1.13708
"exness","EURUSD","2026-09-25 04:11:34.004Z",1.13703,1.13709
"exness","EURUSD","2026-09-25 04:11:45.477Z",1.13704,1.1371
"exness","EURUSD","2026-09-25 04:11:50.763Z",1.13705,1.13711
"exness","EURUSD","2026-09-25 04:11:53.412Z",1.13704,1.1371
"exness","EURUSD","2026-09-25 04:11:55.313Z",1.13705,1.13711
"exness","EURUSD","2026-09-25 04:11:56.597Z",1.13704,1.1371
"exness","EURUSD","2026-09-25 04:12:02.686Z",1.13706,1.13712
"exness","EURUSD","2026-09-25 04:12:05.040Z",1.13705,1.13711
"exness","EURUSD","2026-09-25 04:12:05.561Z",1.13707,1.13713
"exness","EURUSD","2026-09-25 04:12:05.927Z",1.13709,1.13715
"exness","EURUSD","2026-09-25 04:12:07.097Z",1.1371,1.13716
"exness","EURUSD","2026-09-25 04:12:08.856Z",1.13709,1.13715
"exness","EURUSD","2026-09-25 04:12:13.376Z",1.13708,1.13714
"exness","EURUSD","2026-09-25 04:12:13.673Z",1.13706,1.13712
"exness","EURUSD","2026-09-25 04:12:13.803Z",1.13705,1.13711
"exness","EURUSD","2026-09-25 04:12:15.029Z",1.13704,1.1371
"exness","EURUSD","2026-09-25 04:12:22.316Z",1.13703,1.13709
"exness","EURUSD","2026-09-25 04:12:24.067Z",1.13704,1.1371
"exness","EURUSD","2026-09-25 04:12:48.080Z",1.13702,1.13708
"exness","EURUSD","2026-09-25 04:12:49.110Z",1.13703,1.13709
"exness","EURUSD","2026-09-25 04:12:54.164Z",1.13704,1.1371
"exness","EURUSD","2026-09-25 04:13:03.831Z",1.13703,1.13709
"exness","EURUSD","2026-09-25 04:13:07.978Z",1.13704,1.1371
"exness","EURUSD","2026-09-25 04:13:16.177Z",1.13703,1.13709
"exness","EURUSD","2026-09-25 04:13:17.246Z",1.13704,1.1371
"exness","EURUSD","2026-09-25 04:13:19.305Z",1.13705,1.13711
"exness","EURUSD","2026-09-25 04:13:22.624Z",1.13704,1.1371
"exness","EURUSD","2026-09-25 04:13:23.669Z",1.13703,1.13709
"exness","EURUSD","2026-09-25 04:13:26.172Z",1.13704,1.1371
"exness","EURUSD","2026-09-25 04:13:36.803Z",1.13702,1.13708
"exness","EURUSD","2026-09-25 04:13:36.815Z",1.137,1.13706
"exness","EURUSD","2026-09-25 04:13:37.047Z",1.13699,1.13705
"exness","EURUSD","2026-09-25 04:13:44.630Z",1.1369799999999999,1.13704
"exness","EURUSD","2026-09-25 04:13:47.997Z",1.13696,1.13702
"exness","EURUSD","2026-09-25 04:13:49.149Z",1.13697,1.13703
"exness","EURUSD","2026-09-25 04:13:51.144Z",1.13696,1.13702
"exness","EURUSD","2026-09-25 04:13:53.856Z",1.13697,1.13703
"exness","EURUSD","2026-09-25 04:14:00.536Z",1.13695,1.13701
"exness","EURUSD","2026-09-25 04:14:04.358Z",1.13696,1.13702
"exness","EURUSD","2026-09-25 04:14:05.798Z",1.13695,1.13701
"exness","EURUSD","2026-09-25 04:14:08.925Z",1.13697,1.13703
"exness","EURUSD","2026-09-25 04:14:10.042Z",1.1369799999999999,1.13704
"exness","EURUSD","2026-09-25 04:14:17.221Z",1.13697,1.13703
"exness","EURUSD","2026-09-25 04:14:23.947Z",1.1369799999999999,1.13704
"exness","EURUSD","2026-09-25 04:14:34.245Z",1.13699,1.13705
"exness","EURUSD","2026-09-25 04:14:37.155Z",1.1369799999999999,1.13704
"exness","EURUSD","2026-09-25 04:14:47.152Z",1.13699,1.13705
"exness","EURUSD","2026-09-25 04:15:03.821Z",1.1369799999999999,1.13704
"exness","EURUSD","2026-09-25 04:15:04.867Z",1.13699,1.13705
"exness","EURUSD","2026-09-25 04:15:06.577Z",1.1369799999999999,1.13704
"exness","EURUSD","2026-09-25 04:15:11.373Z",1.13696,1.13702
"exness","EURUSD","2026-09-25 04:15:11.465Z",1.13694,1.137
"exness","EURUSD","2026-09-25 04:15:12.427Z",1.13693,1.13699
"exness","EURUSD","2026-09-25 04:15:16.062Z",1.13694,1.137
"exness","EURUSD","2026-09-25 04:15:19.474Z",1.13693,1.13699
"exness","EURUSD","2026-09-25 04:15:20.783Z",1.13695,1.13701
"exness","EURUSD","2026-09-25 04:15:23.141Z",1.13693,1.13699
"exness","EURUSD","2026-09-25 04:15:27.244Z",1.13694,1.137
"exness","EURUSD","2026-09-25 04:15:29.063Z",1.13696,1.13702
"exness","EURUSD","2026-09-25 04:15:29.145Z",1.13697,1.13703
"exness","EURUSD","2026-09-25 04:15:34.488Z",1.13696,1.13702
"exness","EURUSD","2026-09-25 04:15:38.594Z",1.13695,1.13701
"exness","EURUSD","2026-09-25 04:15:53.746Z",1.13696,1.13702
"exness","EURUSD","2026-09-25 04:15:56.886Z",1.13697,1.13703
"exness","EURUSD","2026-09-25 04:16:10.155Z",1.1369799999999999,1.13704
"exness","EURUSD","2026-09-25 04:16:13.674Z",1.13699,1.13705
"exness","EURUSD","2026-09-25 04:16:18.507Z",1.13697,1.13703
"exness","EURUSD","2026-09-25 04:16:19.517Z",1.13696,1.13702
"exness","EURUSD","2026-09-25 04:16:22.590Z",1.13697,1.13703
"exness","EURUSD","2026-09-25 04:16:23.744Z",1.13699,1.13705
"exness","EURUSD","2026-09-25 04:16:25.065Z",1.1369799999999999,1.13704
"exness","EURUSD","2026-09-25 04:16:29.277Z",1.13697,1.13703
"exness","EURUSD","2026-09-25 04:16:31.101Z",1.1369799999999999,1.13704
"exness","EURUSD","2026-09-25 04:16:39.654Z",1.13697,1.13703
"exness","EURUSD","2026-09-25 04:16:43.639Z",1.13699,1.13705
"exness","EURUSD","2026-09-25 04:16:55.542Z",1.137,1.13706
"exness","EURUSD","2026-09-25 04:16:58.088Z",1.13699,1.13705
"exness","EURUSD","2026-09-25 04:17:03.188Z",1.1369799999999999,1.13704
"exness","EURUSD","2026-09-25 04:17:05.524Z",1.13699,1.13705
"exness","EURUSD","2026-09-25 04:17:09.017Z",1.137,1.13706
"exness","EURUSD","2026-09-25 04:17:12.320Z",1.13699,1.13705
"exness","EURUSD","2026-09-25 04:17:16.630Z",1.1369799999999999,1.13704
"exness","EURUSD","2026-09-25 04:17:16.643Z",1.13696,1.13702
"exness","EURUSD","2026-09-25 04:17:22.050Z",1.13697,1.13703
"exness","EURUSD","2026-09-25 04:17:36.445Z",1.1369799999999999,1.13704
"exness","EURUSD","2026-09-25 04:17:37.446Z",1.13699,1.13705
"exness","EURUSD","2026-09-25 04:17:38.450Z",1.1369799999999999,1.13704
"exness","EURUSD","2026-09-25 04:18:00.072Z",1.13697,1.13703
"exness","EURUSD","2026-09-25 04:18:04.416Z",1.13699,1.13705
"exness","EURUSD","2026-09-25 04:18:15.490Z",1.137,1.13706
"exness","EURUSD","2026-09-25 04:18:16.736Z",1.13699,1.13705
"exness","EURUSD","2026-09-25 04:18:18.585Z",1.13697,1.13703
"exness","EURUSD","2026-09-25 04:18:20.124Z",1.1369799999999999,1.13704
"exness","EURUSD","2026-09-25 04:18:24.509Z",1.13697,1.13703
"exness","EURUSD","2026-09-25 04:18:25.704Z",1.1369799999999999,1.13704
"exness","EURUSD","2026-09-25 04:18:29.603Z",1.13696,1.13702
"exness","EURUSD","2026-09-25 04:18:29.775Z",1.13694,1.137
"exness","EURUSD","2026-09-25 04:18:31.797Z",1.13693,1.13699
"exness","EURUSD","2026-09-25 04:18:34.101Z",1.13694,1.137
"exness","EURUSD","2026-09-25 04:18:43.831Z",1.13693,1.13699
"exness","EURUSD","2026-09-25 04:18:51.967Z",1.13694,1.137
"exness","EURUSD","2026-09-25 04:18:58.543Z",1.13693,1.13699
"exness","EURUSD","2026-09-25 04:18:59.725Z",1.13694,1.137
"exness","EURUSD","2026-09-25 04:19:06.330Z",1.13693,1.13699
"exness","EURUSD","2026-09-25 04:19:12.123Z",1.13692,1.1369799999999999
"exness","EURUSD","2026-09-25 04:19:18.244Z",1.13693,1.13699
"exness","EURUSD","2026-09-25 04:19:19.565Z",1.13692,1.1369799999999999
"exness","EURUSD","2026-09-25 04:19:24.221Z",1.13693,1.13699
"exness","EURUSD","2026-09-25 04:19:28.790Z",1.13691,1.13697
"exness","EURUSD","2026-09-25 04:19:35.757Z",1.13692,1.1369799999999999
"exness","EURUSD","2026-09-25 04:19:37.452Z",1.13693,1.13699
"exness","EURUSD","2026-09-25 04:19:38.590Z",1.13692,1.1369799999999999
"exness","EURUSD","2026-09-25 04:19:39.595Z",1.13694,1.137
"exness","EURUSD","2026-09-25 04:19:40.680Z",1.13695,1.13701
"exness","EURUSD","2026-09-25 04:19:46.115Z",1.13694,1.137
"exness","EURUSD","2026-09-25 04:19:51.359Z",1.13695,1.13701
"exness","EURUSD","2026-09-25 04:20:05.383Z",1.13697,1.13703
"exness","EURUSD","2026-09-25 04:20:07.136Z",1.13696,1.13702
"exness","EURUSD","2026-09-25 04:20:12.096Z",1.1369799999999999,1.13704
"exness","EURUSD","2026-09-25 04:20:15.436Z",1.13697,1.13703
"exness","EURUSD","2026-09-25 04:21:01.054Z",1.13695,1.13701
"exness","EURUSD","2026-09-25 04:21:02.078Z",1.13694,1.137
"exness","EURUSD","2026-09-25 04:21:03.854Z",1.13692,1.1369799999999999
"exness","EURUSD","2026-09-25 04:21:04.258Z",1.13691,1.13697
"exness","EURUSD","2026-09-25 04:21:09.638Z",1.13692,1.1369799999999999
"exness","EURUSD","2026-09-25 04:21:14.224Z",1.13691,1.13697
"exness","EURUSD","2026-09-25 04:21:15.494Z",1.13689,1.13695
"exness","EURUSD","2026-09-25 04:21:21.927Z",1.1369,1.13696
"exness","EURUSD","2026-09-25 04:21:28.082Z",1.1368800000000001,1.13694
"exness","EURUSD","2026-09-25 04:21:29.599Z",1.13689,1.13695
"exness","EURUSD","2026-09-25 04:21:33.363Z",1.1368800000000001,1.13694
"exness","EURUSD","2026-09-25 04:21:36.135Z",1.13686,1.13692
"exness","EURUSD","2026-09-25 04:21:37.258Z",1.13687,1.13693
"exness","EURUSD","2026-09-25 04:21:38.420Z",1.13686,1.13692
"exness","EURUSD","2026-09-25 04:21:51.645Z",1.13687,1.13693
"exness","EURUSD","2026-09-25 04:21:55.691Z",1.13686,1.13692
"exness","EURUSD","2026-09-25 04:22:02.182Z",1.13687,1.13693
"exness","EURUSD","2026-09-25 04:22:23.520Z",1.1368800000000001,1.13694
"exness","EURUSD","2026-09-25 04:22:26.213Z",1.13687,1.13693
"exness","EURUSD","2026-09-25 04:22:28.042Z",1.13689,1.13695
"exness","EURUSD","2026-09-25 04:22:31.780Z",1.1368800000000001,1.13694
"exness","EURUSD","2026-09-25 04:22:36.280Z",1.13687,1.13693
"exness","EURUSD","2026-09-25 04:22:37.267Z",1.1369,1.13696
"exness","EURUSD","2026-09-25 04:22:39.484Z",1.13689,1.13695
"exness","EURUSD","2026-09-25 04:22:45.746Z",1.13691,1.13697
"exness","EURUSD","2026-09-25 04:22:45.913Z",1.13693,1.13699
"exness","EURUSD","2026-09-25 04:22:50.375Z",1.13692,1.1369799999999999
"exness","EURUSD","2026-09-25 04:22:52.461Z",1.13694,1.137
"exness","EURUSD","2026-09-25 04:22:58.621Z",1.13695,1.13701
"exness","EURUSD","2026-09-25 04:23:10.637Z",1.13694,1.137
"exness","EURUSD","2026-09-25 04:23:11.636Z",1.13692,1.1369799999999999
"exness","EURUSD","2026-09-25 04:23:12.282Z",1.13691,1.13697
"exness","EURUSD","2026-09-25 04:23:13.711Z",1.1369,1.13696
"exness","EURUSD","2026-09-25 04:23:14.800Z",1.13691,1.13697
"exness","EURUSD","2026-09-25 04:23:17.865Z",1.13689,1.13695
"exness","EURUSD","2026-09-25 04:23:18.970Z",1.1368800000000001,1.13694
"exness","EURUSD","2026-09-25 04:23:20.013Z",1.13689,1.13695
"exness","EURUSD","2026-09-25 04:23:37.855Z",1.1368800000000001,1.13694
"exness","EURUSD","2026-09-25 04:23:39.773Z",1.13686,1.13692
"exness","EURUSD","2026-09-25 04:23:41.599Z",1.13687,1.13693
"exness","EURUSD","2026-09-25 04:23:43.158Z",1.1368800000000001,1.13694
"exness","EURUSD","2026-09-25 04:24:06.246Z",1.13687,1.13693
"exness","EURUSD","2026-09-25 04:24:11.186Z",1.1368800000000001,1.13694
"exness","EURUSD","2026-09-25 04:24:33.304Z",1.13689,1.13695
"exness","EURUSD","2026-09-25 04:24:36.099Z",1.1368800000000001,1.13694
"exness","EURUSD","2026-09-25 04:24:40.255Z",1.1369,1.13696
"exness","EURUSD","2026-09-25 04:24:41.543Z",1.13689,1.13695
"exness","EURUSD","2026-09-25 04:24:42.652Z",1.1368800000000001,1.13694
"exness","EURUSD","2026-09-25 04:24:45.570Z",1.13689,1.13695
"exness","EURUSD","2026-09-25 04:24:46.585Z",1.1368800000000001,1.13694
"exness","EURUSD","2026-09-25 04:24:52.178Z",1.13689,1.13695
"exness","EURUSD","2026-09-25 04:24:58.807Z",1.1368800000000001,1.13694
"exness","EURUSD","2026-09-25 04:25:00.708Z",1.13691,1.13697
"exness","EURUSD","2026-09-25 04:25:00.720Z",1.13692,1.1369799999999999
"exness","EURUSD","2026-09-25 04:25:00.729Z",1.13694,1.137
"exness","EURUSD","2026-09-25 04:25:00.907Z",1.13695,1.13701
"exness","EURUSD","2026-09-25 04:25:01.049Z",1.13696,1.13702
"exness","EURUSD","2026-09-25 04:25:03.101Z",1.13695,1.13701
"exness","EURUSD","2026-09-25 04:25:10.039Z",1.13696,1.13702
"exness","EURUSD","2026-09-25 04:25:11.049Z",1.13697,1.13703
"exness","EURUSD","2026-09-25 04:25:12.056Z",1.1369799999999999,1.13704
"exness","EURUSD","2026-09-25 04:25:14.335Z",1.13697,1.13703
"exness","EURUSD","2026-09-25 04:25:29.530Z",1.13695,1.13701
"exness","EURUSD","2026-09-25 04:25:29.558Z",1.13693,1.13699
"exness","EURUSD","2026-09-25 04:25:34.546Z",1.13692,1.1369799999999999
"exness","EURUSD","2026-09-25 04:25:42.096Z",1.13691,1.13697
"exness","EURUSD","2026-09-25 04:25:42.878Z",1.13693,1.13699
"exness","EURUSD","2026-09-25 04:25:44.048Z",1.13694,1.137
"exness","EURUSD","2026-09-25 04:25:45.781Z",1.13693,1.13699
"exness","EURUSD","2026-09-25 04:25:49.599Z",1.13692,1.1369799999999999
"exness","EURUSD","2026-09-25 04:26:31.039Z",1.1369,1.13696
"exness","EURUSD","2026-09-25 04:26:33.044Z",1.13691,1.13697
"exness","EURUSD","2026-09-25 04:26:36.105Z",1.13689,1.13695
"exness","EURUSD","2026-09-25 04:26:44.288Z",1.1368800000000001,1.13694
"exness","EURUSD","2026-09-25 04:26:46.833Z",1.1369,1.13696
"exness","EURUSD","2026-09-25 04:26:50.969Z",1.13689,1.13695
"exness","EURUSD","2026-09-25 04:26:58.115Z",1.1368800000000001,1.13694
"exness","EURUSD","2026-09-25 04:27:02.869Z",1.13687,1.13693
"exness","EURUSD","2026-09-25 04:27:04.996Z",1.1368800000000001,1.13694
"exness","EURUSD","2026-09-25 04:27:10.713Z",1.13687,1.13693
"exness","EURUSD","2026-09-25 04:27:13.814Z",1.1368800000000001,1.13694
"exness","EURUSD","2026-09-25 04:27:20.590Z",1.1369,1.13696
"exness","EURUSD","2026-09-25 04:27:20.803Z",1.13691,1.13697
"exness","EURUSD","2026-09-25 04:27:31.612Z",1.13692,1.1369799999999999
"exness","EURUSD","2026-09-25 04:27:43.525Z",1.13694,1.137
"exness","EURUSD","2026-09-25 04:27:44.778Z",1.13695,1.13701
"exness","EURUSD","2026-09-25 04:27:52.382Z",1.13694,1.137
"exness","EURUSD","2026-09-25 04:28:03.161Z",1.13693,1.13699
"exness","EURUSD","2026-09-25 04:28:04.166Z",1.13694,1.137
"exness","EURUSD","2026-09-25 04:28:09.457Z",1.13693,1.13699
"exness","EURUSD","2026-09-25 04:28:15.367Z",1.13694,1.137
"exness","EURUSD","2026-09-25 04:28:18.576Z",1.13696,1.13702
"exness","EURUSD","2026-09-25 04:28:19.586Z",1.13697,1.13703
"exness","EURUSD","2026-09-25 04:28:21.341Z",1.13696,1.13702
"exness","EURUSD","2026-09-25 04:28:29.261Z",1.13697,1.13703
"exness","EURUSD","2026-09-25 04:28:33.142Z",1.13696,1.13702
"exness","EURUSD","2026-09-25 04:28:42.654Z",1.13697,1.13703
"exness","EURUSD","2026-09-25 04:28:45.311Z",1.13696,1.13702
"exness","EURUSD","2026-09-25 04:28:53.148Z",1.13695,1.13701
"exness","EURUSD","2026-09-25 04:28:55.750Z",1.13696,1.13702
"exness","EURUSD","2026-09-25 04:29:34.092Z",1.13695,1.13701
"exness","EURUSD","2026-09-25 04:29:37.113Z",1.13696,1.13702
"exness","EURUSD","2026-09-25 04:29:41.042Z",1.13695,1.13701
"exness","EURUSD","2026-09-25 04:30:00.612Z",1.13694,1.137
"exness","EURUSD","2026-09-25 04:30:02.103Z",1.13693,1.13699
"exness","EURUSD","2026-09-25 04:30:03.139Z",1.13694,1.137
"exness","EURUSD","2026-09-25 04:30:30.839Z",1.13695,1.13701
"exness","EURUSD","2026-09-25 04:30:34.193Z",1.13693,1.13699
"exness","EURUSD","2026-09-25 04:30:36.810Z",1.13692,1.1369799999999999
"exness","EURUSD","2026-09-25 04:30:42.408Z",1.13693,1.13699
"exness","EURUSD","2026-09-25 04:30:43.644Z",1.13692,1.1369799999999999
"exness","EURUSD","2026-09-25 04:30:44.779Z",1.13693,1.13699
"exness","EURUSD","2026-09-25 04:30:48.457Z",1.13695,1.13701
"exness","EURUSD","2026-09-25 04:30:54.252Z",1.13694,1.137
"exness","EURUSD","2026-09-25 04:30:58.555Z",1.13695,1.13701
"exness","EURUSD","2026-09-25 04:31:01.155Z",1.13693,1.13699
"exness","EURUSD","2026-09-25 04:31:16.705Z",1.13692,1.1369799999999999
"exness","EURUSD","2026-09-25 04:31:19.575Z",1.13691,1.13697
"exness","EURUSD","2026-09-25 04:31:20.506Z",1.13694,1.137
"exness","EURUSD","2026-09-25 04:31:21.648Z",1.13695,1.13701
"exness","EURUSD","2026-09-25 04:31:23.008Z",1.13694,1.137
"exness","EURUSD","2026-09-25 04:31:37.374Z",1.13693,1.13699
"exness","EURUSD","2026-09-25 04:31:49.096Z",1.13692,1.1369799999999999
"exness","EURUSD","2026-09-25 04:31:52.665Z",1.13693,1.13699
"exness","EURUSD","2026-09-25 04:31:53.721Z",1.13695,1.13701
"exness","EURUSD","2026-09-25 04:31:58.510Z",1.13694,1.137
"exness","EURUSD","2026-09-25 04:32:15.185Z",1.13695,1.13701
"exness","EURUSD","2026-09-25 04:32:25.003Z",1.13694,1.137
"exness","EURUSD","2026-09-25 04:32:39.475Z",1.13693,1.13699
"exness","EURUSD","2026-09-25 04:32:39.538Z",1.13695,1.13701
"exness","EURUSD","2026-09-25 04:32:41.354Z",1.13696,1.13702
"exness","EURUSD","2026-09-25 04:32:44.573Z",1.13695,1.13701
"exness","EURUSD","2026-09-25 04:33:24.188Z",1.13696,1.13702
"exness","EURUSD","2026-09-25 04:33:29.278Z",1.13695,1.13701
"exness","EURUSD","2026-09-25 04:33:41.336Z",1.13697,1.13703
"exness","EURUSD","2026-09-25 04:33:42.339Z",1.1369799999999999,1.13704
"exness","EURUSD","2026-09-25 04:33:50.619Z",1.13696,1.13702
"exness","EURUSD","2026-09-25 04:33:54.543Z",1.1369799999999999,1.13704
"exness","EURUSD","2026-09-25 04:34:00.328Z",1.13699,1.13705
"exness","EURUSD","2026-09-25 04:34:41.140Z",1.137,1.13706
"exness","EURUSD","2026-09-25 04:34:42.865Z",1.13702,1.13708
"exness","EURUSD","2026-09-25 04:34:42.912Z",1.13704,1.1371
"exness","EURUSD","2026-09-25 04:34:43.270Z",1.13701,1.13707
"exness","EURUSD","2026-09-25 04:34:45.181Z",1.13699,1.13705
"exness","EURUSD","2026-09-25 04:34:46.537Z",1.137,1.13706
"exness","EURUSD","2026-09-25 04:35:01.880Z",1.13702,1.13708
"exness","EURUSD","2026-09-25 04:35:02.972Z",1.13701,1.13707
"exness","EURUSD","2026-09-25 04:35:16.805Z",1.13702,1.13708
"exness","EURUSD","2026-09-25 04:35:19.665Z",1.13701,1.13707
"exness","EURUSD","2026-09-25 04:35:21.866Z",1.137,1.13706
"exness","EURUSD","2026-09-25 04:35:23.229Z",1.1369799999999999,1.13704
"exness","EURUSD","2026-09-25 04:35:25.628Z",1.13697,1.13703
"exness","EURUSD","2026-09-25 04:35:26.627Z",1.13699,1.13705
"exness","EURUSD","2026-09-25 04:35:27.511Z",1.137,1.13706
"exness","EURUSD","2026-09-25 04:35:28.765Z",1.13699,1.13705
"exness","EURUSD","2026-09-25 04:35:37.856Z",1.13701,1.13707
"exness","EURUSD","2026-09-25 04:35:38.990Z",1.137,1.13706
"exness","EURUSD","2026-09-25 04:35:40.837Z",1.13701,1.13707
"exness","EURUSD","2026-09-25 04:35:45.230Z",1.13699,1.13705
"exness","EURUSD","2026-09-25 04:35:46.365Z",1.137,1.13706
"exness","EURUSD","2026-09-25 04:35:54.810Z",1.13699,1.13705
"exness","EURUSD","2026-09-25 04:35:56.047Z",1.137,1.13706
"exness","EURUSD","2026-09-25 04:36:00.230Z",1.13699,1.13705
"exness","EURUSD","2026-09-25 04:36:03.127Z",1.1369799999999999,1.13704
"exness","EURUSD","2026-09-25 04:36:04.807Z",1.13699,1.13705
"exness","EURUSD","2026-09-25 04:36:11.765Z",1.13697,1.13703
"exness","EURUSD","2026-09-25 04:36:11.790Z",1.13695,1.13701
"exness","EURUSD","2026-09-25 04:36:12.802Z",1.13694,1.137
"exness","EURUSD","2026-09-25 04:36:16.472Z",1.13695,1.13701
"exness","EURUSD","2026-09-25 04:36:18.039Z",1.13694,1.137
"exness","EURUSD","2026-09-25 04:36:19.077Z",1.13695,1.13701
"exness","EURUSD","2026-09-25 04:36:27.726Z",1.13694,1.137
"exness","EURUSD","2026-09-25 04:36:29.689Z",1.13695,1.13701
"exness","EURUSD","2026-09-25 04:36:50.848Z",1.13694,1.137
"exness","EURUSD","2026-09-25 04:37:04.990Z",1.13695,1.13701
"exness","EURUSD","2026-09-25 04:37:08.244Z",1.13694,1.137
"exness","EURUSD","2026-09-25 04:37:09.562Z",1.13695,1.13701
"exness","EURUSD","2026-09-25 04:37:10.645Z",1.13694,1.137
"exness","EURUSD","2026-09-25 04:37:18.219Z",1.13692,1.1369799999999999
"exness","EURUSD","2026-09-25 04:37:19.775Z",1.13693,1.13699
"exness","EURUSD","2026-09-25 04:37:26.127Z",1.13692,1.1369799999999999
"exness","EURUSD","2026-09-25 04:37:33.365Z",1.13693,1.13699
"exness","EURUSD","2026-09-25 04:37:34.365Z",1.13692,1.1369799999999999
"exness","EURUSD","2026-09-25 04:37:40.150Z",1.13693,1.13699
"exness","EURUSD","2026-09-25 04:37:42.683Z",1.13692,1.1369799999999999
"exness","EURUSD","2026-09-25 04:37:43.706Z",1.13691,1.13697
"exness","EURUSD","2026-09-25 04:37:48.756Z",1.13692,1.1369799999999999
"exness","EURUSD","2026-09-25 04:37:49.943Z",1.13691,1.13697
"exness","EURUSD","2026-09-25 04:37:54.283Z",1.13692,1.1369799999999999
"exness","EURUSD","2026-09-25 04:38:04.392Z",1.13691,1.13697
"exness","EURUSD","2026-09-25 04:38:04.496Z",1.13693,1.13699
"exness","EURUSD","2026-09-25 04:38:05.713Z",1.13694,1.137
"exness","EURUSD","2026-09-25 04:38:07.052Z",1.13693,1.13699
"exness","EURUSD","2026-09-25 04:38:19.131Z",1.13694,1.137
"exness","EURUSD","2026-09-25 04:38:28.407Z",1.13693,1.13699
"exness","EURUSD","2026-09-25 04:38:29.510Z",1.13694,1.137
"exness","EURUSD","2026-09-25 04:38:53.342Z",1.13693,1.13699
"exness","EURUSD","2026-09-25 04:38:55.375Z",1.13691,1.13697
"exness","EURUSD","2026-09-25 04:38:55.566Z",1.1369,1.13696
"exness","EURUSD","2026-09-25 04:38:55.673Z",1.1368800000000001,1.13694
"exness","EURUSD","2026-09-25 04:38:58.111Z",1.13689,1.13695
"exness","EURUSD","2026-09-25 04:39:00.532Z",1.13687,1.13693
"exness","EURUSD","2026-09-25 04:39:01.898Z",1.1368800000000001,1.13694
"exness","EURUSD","2026-09-25 04:39:07.073Z",1.13685,1.13691
"exness","EURUSD","2026-09-25 04:39:07.160Z",1.13684,1.1369
"exness","EURUSD","2026-09-25 04:39:08.291Z",1.13682,1.1368800000000001
"exness","EURUSD","2026-09-25 04:39:09.467Z",1.13683,1.13689
"exness","EURUSD","2026-09-25 04:39:11.950Z",1.13682,1.1368800000000001
"exness","EURUSD","2026-09-25 04:39:21.180Z",1.13684,1.1369
"exness","EURUSD","2026-09-25 04:39:21.239Z",1.13686,1.13692
"exness","EURUSD","2026-09-25 04:39:22.135Z",1.13687,1.13693
"exness","EURUSD","2026-09-25 04:39:24.461Z",1.13685,1.13691
"exness","EURUSD","2026-09-25 04:39:24.488Z",1.13683,1.13689
"exness","EURUSD","2026-09-25 04:39:25.705Z",1.13682,1.1368800000000001
"exness","EURUSD","2026-09-25 04:39:26.942Z",1.13683,1.13689
"exness","EURUSD","2026-09-25 04:39:27.999Z",1.13685,1.13691
"exness","EURUSD","2026-09-25 04:39:28.117Z",1.13687,1.13693
"exness","EURUSD","2026-09-25 04:39:29.124Z",1.13686,1.13692
"exness","EURUSD","2026-09-25 04:39:37.810Z",1.13685,1.13691
"exness","EURUSD","2026-09-25 04:39:51.804Z",1.13687,1.13693
"exness","EURUSD","2026-09-25 04:39:53.268Z",1.1368800000000001,1.13694
"exness","EURUSD","2026-09-25 04:39:55.472Z",1.13687,1.13693
"exness","EURUSD","2026-09-25 04:39:56.485Z",1.1368800000000001,1.13694
"exness","EURUSD","2026-09-25 04:40:09.250Z",1.1369,1.13696
"exness","EURUSD","2026-09-25 04:40:14.281Z",1.13689,1.13695
"exness","EURUSD","2026-09-25 04:40:17.685Z",1.1369,1.13696
"exness","EURUSD","2026-09-25 04:40:23.946Z",1.13692,1.1369799999999999
"exness","EURUSD","2026-09-25 04:40:33.289Z",1.13694,1.137
"exness","EURUSD","2026-09-25 04:40:33.369Z",1.13696,1.13702
"exness","EURUSD","2026-09-25 04:40:35.190Z",1.13693,1.13699
"exness","EURUSD","2026-09-25 04:40:36.211Z",1.13695,1.13701
"exness","EURUSD","2026-09-25 04:40:36.255Z",1.13697,1.13703
"exness","EURUSD","2026-09-25 04:40:39.879Z",1.13696,1.13702
"exness","EURUSD","2026-09-25 04:40:43.519Z",1.13697,1.13703
"exness","EURUSD","2026-09-25 04:40:52.112Z",1.13696,1.13702
"exness","EURUSD","2026-09-25 04:40:53.829Z",1.13695,1.13701
"exness","EURUSD","2026-09-25 04:40:55.545Z",1.13696,1.13702
"exness","EURUSD","2026-09-25 04:41:01.644Z",1.13695,1.13701
"exness","EURUSD","2026-09-25 04:41:04.492Z",1.13694,1.137
"exness","EURUSD","2026-09-25 04:41:05.579Z",1.13695,1.13701
"exness","EURUSD","2026-09-25 04:41:17.695Z",1.13696,1.13702
"exness","EURUSD","2026-09-25 04:41:23.813Z",1.13697,1.13703
"exness","EURUSD","2026-09-25 04:41:30.397Z",1.13699,1.13705
"exness","EURUSD","2026-09-25 04:41:35.079Z",1.13697,1.13703
"exness","EURUSD","2026-09-25 04:41:37.604Z",1.13696,1.13702
"exness","EURUSD","2026-09-25 04:41:40.198Z",1.13697,1.13703
"exness","EURUSD","2026-09-25 04:41:55.599Z",1.13695,1.13701
"exness","EURUSD","2026-09-25 04:41:55.648Z",1.13694,1.137
"exness","EURUSD","2026-09-25 04:41:59.004Z",1.13695,1.13701
"exness","EURUSD","2026-09-25 04:42:00.164Z",1.13694,1.137
"exness","EURUSD","2026-09-25 04:42:26.040Z",1.13696,1.13702
"exness","EURUSD","2026-09-25 04:42:26.249Z",1.1369799999999999,1.13704
"exness","EURUSD","2026-09-25 04:42:26.943Z",1.13699,1.13705
"exness","EURUSD","2026-09-25 04:42:26.957Z",1.13701,1.13707
"exness","EURUSD","2026-09-25 04:42:27.014Z",1.13702,1.13708
"exness","EURUSD","2026-09-25 04:42:28.430Z",1.13699,1.13705
"exness","EURUSD","2026-09-25 04:42:37.337Z",1.137,1.13706
"exness","EURUSD","2026-09-25 04:42:41.666Z",1.13702,1.13708
"exness","EURUSD","2026-09-25 04:42:47.215Z",1.13703,1.13709
"exness","EURUSD","2026-09-25 04:42:51.302Z",1.13702,1.13708
"exness","EURUSD","2026-09-25 04:42:52.304Z",1.13703,1.13709
"exness","EURUSD","2026-09-25 04:42:54.360Z",1.13702,1.13708
"exness","EURUSD","2026-09-25 04:42:56.761Z",1.13703,1.13709
"exness","EURUSD","2026-09-25 04:43:03.652Z",1.13702,1.13708
"exness","EURUSD","2026-09-25 04:43:09.012Z",1.13703,1.13709
"exness","EURUSD","2026-09-25 04:43:10.102Z",1.13702,1.13708
"exness","EURUSD","2026-09-25 04:43:17.711Z",1.13701,1.13707
"exness","EURUSD","2026-09-25 04:43:20.308Z",1.13702,1.13708
"exness","EURUSD","2026-09-25 04:43:39.308Z",1.13701,1.13707
"exness","EURUSD","2026-09-25 04:43:39.332Z",1.13699,1.13705
"exness","EURUSD","2026-09-25 04:43:39.389Z",1.13697,1.13703
"exness","EURUSD","2026-09-25 04:43:40.438Z",1.1369799999999999,1.13704
"exness","EURUSD","2026-09-25 04:43:47.850Z",1.13697,1.13703
"exness","EURUSD","2026-09-25 04:43:48.944Z",1.1369799999999999,1.13704
"exness","EURUSD","2026-09-25 04:43:54.399Z",1.13699,1.13705
"exness","EURUSD","2026-09-25 04:44:06.985Z",1.13701,1.13707
"exness","EURUSD","2026-09-25 04:44:07.342Z",1.13703,1.13709
"exness","EURUSD","2026-09-25 04:44:10.809Z",1.13702,1.13708
"exness","EURUSD","2026-09-25 04:44:14.290Z",1.13701,1.13707
"exness","EURUSD","2026-09-25 04:44:20.124Z",1.13702,1.13708
"exness","EURUSD","2026-09-25 04:44:25.417Z",1.13701,1.13707
"exness","EURUSD","2026-09-25 04:44:29.139Z",1.13702,1.13708
"exness","EURUSD","2026-09-25 04:44:32.678Z",1.13701,1.13707
"exness","EURUSD","2026-09-25 04:44:33.705Z",1.137,1.13706
"exness","EURUSD","2026-09-25 04:44:34.942Z",1.1369799999999999,1.13704
"exness","EURUSD","2026-09-25 04:44:36.381Z",1.13699,1.13705
"exness","EURUSD","2026-09-25 04:44:48.616Z",1.137,1.13706
"exness","EURUSD","2026-09-25 04:44:50.709Z",1.13699,1.13705
"exness","EURUSD","2026-09-25 04:45:00.923Z",1.137,1.13706
"exness","EURUSD","2026-09-25 04:45:18.093Z",1.13702,1.13708
"exness","EURUSD","2026-09-25 04:45:18.316Z",1.13703,1.13709
"exness","EURUSD","2026-09-25 04:45:18.328Z",1.13705,1.13711
"exness","EURUSD","2026-09-25 04:45:23.159Z",1.13704,1.1371
"exness","EURUSD","2026-09-25 04:45:42.340Z",1.13705,1.13711
"exness","EURUSD","2026-09-25 04:45:47.913Z",1.13706,1.13712
"exness","EURUSD","2026-09-25 04:45:50.259Z",1.13705,1.13711
"exness","EURUSD","2026-09-25 04:45:51.445Z",1.13704,1.1371
"exness","EURUSD","2026-09-25 04:45:59.751Z",1.13705,1.13711
"exness","EURUSD","2026-09-25 04:46:02.755Z",1.13704,1.1371
"exness","EURUSD","2026-09-25 04:46:04.241Z",1.13705,1.13711
"exness","EURUSD","2026-09-25 04:46:07.676Z",1.13706,1.13712
"exness","EURUSD","2026-09-25 04:46:13.329Z",1.13704,1.1371
"exness","EURUSD","2026-09-25 04:46:19.350Z",1.13705,1.13711
"exness","EURUSD","2026-09-25 04:46:41.404Z",1.13706,1.13712
"exness","EURUSD","2026-09-25 04:46:47.780Z",1.13707,1.13713
"exness","EURUSD","2026-09-25 04:46:49.868Z",1.13706,1.13712
"exness","EURUSD","2026-09-25 04:47:06.539Z",1.13707,1.13713
"exness","EURUSD","2026-09-25 04:47:07.611Z",1.13708,1.13714
"exness","EURUSD","2026-09-25 04:47:08.699Z",1.13707,1.13713
"exness","EURUSD","2026-09-25 04:47:17.257Z",1.13708,1.13714
"exness","EURUSD","2026-09-25 04:47:19.486Z",1.13707,1.13713
"exness","EURUSD","2026-09-25 04:47:20.520Z",1.13708,1.13714
"exness","EURUSD","2026-09-25 04:47:26.885Z",1.13706,1.13712
"exness","EURUSD","2026-09-25 04:47:28.057Z",1.13707,1.13713
"exness","EURUSD","2026-09-25 04:47:37.551Z",1.13709,1.13715
"exness","EURUSD","2026-09-25 04:47:38.561Z",1.1371,1.13716
"exness","EURUSD","2026-09-25 04:47:39.738Z",1.13709,1.13715
"exness","EURUSD","2026-09-25 04:47:48.930Z",1.13711,1.13717
"exness","EURUSD","2026-09-25 04:47:48.948Z",1.13712,1.13718
"exness","EURUSD","2026-09-25 04:47:49.069Z",1.13714,1.1372
"exness","EURUSD","2026-09-25 04:47:49.742Z",1.13711,1.13717
"exness","EURUSD","2026-09-25 04:47:56.519Z",1.1371,1.13716
"exness","EURUSD","2026-09-25 04:48:00.381Z",1.13709,1.13715
"exness","EURUSD","2026-09-25 04:48:05.595Z",1.1371,1.13716
"exness","EURUSD","2026-09-25 04:48:17.714Z",1.13709,1.13715
"exness","EURUSD","2026-09-25 04:48:19.322Z",1.13708,1.13714
"exness","EURUSD","2026-09-25 04:48:23.703Z",1.13709,1.13715
"exness","EURUSD","2026-09-25 04:48:25.977Z",1.13708,1.13714
"exness","EURUSD","2026-09-25 04:48:29.056Z",1.13707,1.13713
"exness","EURUSD","2026-09-25 04:48:34.749Z",1.13705,1.13711
"exness","EURUSD","2026-09-25 04:48:37.791Z",1.13706,1.13712
"exness","EURUSD","2026-09-25 04:49:00.459Z",1.13707,1.13713
"exness","EURUSD","2026-09-25 04:49:04.126Z",1.13706,1.13712
"exness","EURUSD","2026-09-25 04:49:14.297Z",1.13707,1.13713
"exness","EURUSD","2026-09-25 04:49:19.721Z",1.13706,1.13712
"exness","EURUSD","2026-09-25 04:49:25.035Z",1.13707,1.13713
"exness","EURUSD","2026-09-25 04:49:29.146Z",1.13708,1.13714
"exness","EURUSD","2026-09-25 04:49:35.164Z",1.13707,1.13713
"exness","EURUSD","2026-09-25 04:49:36.379Z",1.13708,1.13714
"exness","EURUSD","2026-09-25 04:49:49.845Z",1.13707,1.13713
"exness","EURUSD","2026-09-25 04:49:53.399Z",1.13706,1.13712
"exness","EURUSD","2026-09-25 04:49:59.880Z",1.13707,1.13713
"exness","EURUSD","2026-09-25 04:50:02.912Z",1.13706,1.13712
"exness","EURUSD","2026-09-25 04:50:05.946Z",1.13707,1.13713
"exness","EURUSD","2026-09-25 04:50:16.638Z",1.13706,1.13712
"exness","EURUSD","2026-09-25 04:50:26.424Z",1.13707,1.13713
"exness","EURUSD","2026-09-25 04:50:30.593Z",1.13706,1.13712
"exness","EURUSD","2026-09-25 04:50:33.129Z",1.13707,1.13713
"exness","EURUSD","2026-09-25 04:50:40.592Z",1.13705,1.13711
"exness","EURUSD","2026-09-25 04:50:40.610Z",1.13703,1.13709
"exness","EURUSD","2026-09-25 04:50:40.638Z",1.13701,1.13707
"exness","EURUSD","2026-09-25 04:50:41.839Z",1.137,1.13706
"exness","EURUSD","2026-09-25 04:50:42.883Z",1.13701,1.13707
"exness","EURUSD","2026-09-25 04:50:52.834Z",1.137,1.13706
"exness","EURUSD","2026-09-25 04:51:01.257Z",1.13701,1.13707
"exness","EURUSD","2026-09-25 04:51:08.491Z",1.13702,1.13708
"exness","EURUSD","2026-09-25 04:51:20.390Z",1.13703,1.13709
"exness","EURUSD","2026-09-25 04:51:21.962Z",1.13702,1.13708
"exness","EURUSD","2026-09-25 04:51:24.384Z",1.13703,1.13709
"exness","EURUSD","2026-09-25 04:51:32.698Z",1.13704,1.1371
"exness","EURUSD","2026-09-25 04:51:33.538Z",1.13706,1.13712
"exness","EURUSD","2026-09-25 04:51:34.632Z",1.13703,1.13709
"exness","EURUSD","2026-09-25 04:51:35.993Z",1.13704,1.1371
"exness","EURUSD","2026-09-25 04:51:43.928Z",1.13703,1.13709
"exness","EURUSD","2026-09-25 04:51:47.293Z",1.13704,1.1371
"exness","EURUSD","2026-09-25 04:52:03.541Z",1.13703,1.13709
"exness","EURUSD","2026-09-25 04:52:04.408Z",1.13702,1.13708
"exness","EURUSD","2026-09-25 04:52:04.441Z",1.137,1.13706
"exness","EURUSD","2026-09-25 04:52:05.618Z",1.13702,1.13708
"exness","EURUSD","2026-09-25 04:52:30.041Z",1.13701,1.13707
"exness","EURUSD","2026-09-25 04:52:38.924Z",1.13702,1.13708
"exness","EURUSD","2026-09-25 04:52:40.434Z",1.13704,1.1371
"exness","EURUSD","2026-09-25 04:52:51.171Z",1.13703,1.13709
"exness","EURUSD","2026-09-25 04:52:57.961Z",1.13704,1.1371
"exness","EURUSD","2026-09-25 04:52:59.717Z",1.13703,1.13709
"exness","EURUSD","2026-09-25 04:53:12.753Z",1.13704,1.1371
"exness","EURUSD","2026-09-25 04:53:14.064Z",1.13706,1.13712
"exness","EURUSD","2026-09-25 04:53:14.327Z",1.13704,1.1371
"exness","EURUSD","2026-09-25 04:53:15.944Z",1.13702,1.13708
"exness","EURUSD","2026-09-25 04:53:17.101Z",1.13703,1.13709
"exness","EURUSD","2026-09-25 04:53:18.114Z",1.13704,1.1371
"exness","EURUSD","2026-09-25 04:53:18.146Z",1.13706,1.13712
"exness","EURUSD","2026-09-25 04:53:18.183Z",1.13708,1.13714
"exness","EURUSD","2026-09-25 04:53:31.246Z",1.13707,1.13713
"exness","EURUSD","2026-09-25 04:53:32.649Z",1.13706,1.13712
"exness","EURUSD","2026-09-25 04:53:40.604Z",1.13708,1.13714
"exness","EURUSD","2026-09-25 04:53:54.241Z",1.13709,1.13715
"exness","EURUSD","2026-09-25 04:53:56.843Z",1.1371,1.13716
"exness","EURUSD","2026-09-25 04:53:57.863Z",1.13709,1.13715
"exness","EURUSD","2026-09-25 04:53:59.992Z",1.13707,1.13713
"exness","EURUSD","2026-09-25 04:54:01.025Z",1.13708,1.13714
"exness","EURUSD","2026-09-25 04:54:07.436Z",1.13709,1.13715
"exness","EURUSD","2026-09-25 04:54:10.104Z",1.1371,1.13716
"exness","EURUSD","2026-09-25 04:54:16.605Z",1.13711,1.13717
"exness","EURUSD","2026-09-25 04:54:18.143Z",1.1371,1.13716
"exness","EURUSD","2026-09-25 04:54:23.993Z",1.13708,1.13714
"exness","EURUSD","2026-09-25 04:54:24.019Z",1.13706,1.13712
"exness","EURUSD","2026-09-25 04:54:26.458Z",1.13708,1.13714
"exness","EURUSD","2026-09-25 04:54:43.779Z",1.13709,1.13715
"exness","EURUSD","2026-09-25 04:55:03.669Z",1.13707,1.13713
"exness","EURUSD","2026-09-25 04:55:03.699Z",1.13705,1.13711
"exness","EURUSD","2026-09-25 04:55:04.409Z",1.13704,1.1371
"exness","EURUSD","2026-09-25 04:55:06.743Z",1.13705,1.13711
"exness","EURUSD","2026-09-25 04:55:11.383Z",1.13704,1.1371
"exness","EURUSD","2026-09-25 04:55:12.425Z",1.13706,1.13712
"exness","EURUSD","2026-09-25 04:55:23.057Z",1.13705,1.13711
"exness","EURUSD","2026-09-25 04:55:31.055Z",1.13707,1.13713
"exness","EURUSD","2026-09-25 04:55:31.758Z",1.13704,1.1371
"exness","EURUSD","2026-09-25 04:55:35.526Z",1.13705,1.13711
"exness","EURUSD","2026-09-25 04:55:36.742Z",1.13704,1.1371
"exness","EURUSD","2026-09-25 04:55:42.330Z",1.13702,1.13708
"exness","EURUSD","2026-09-25 04:55:42.472Z",1.13701,1.13707
"exness","EURUSD","2026-09-25 04:55:42.762Z",1.13699,1.13705
"exness","EURUSD","2026-09-25 04:55:45.923Z",1.1369799999999999,1.13704
"exness","EURUSD","2026-09-25 04:55:47.136Z",1.13699,1.13705
"exness","EURUSD","2026-09-25 04:55:51.453Z",1.13701,1.13707
"exness","EURUSD","2026-09-25 04:55:52.043Z",1.13703,1.13709
"exness","EURUSD","2026-09-25 04:55:55.625Z",1.13702,1.13708
"exness","EURUSD","2026-09-25 04:55:56.645Z",1.13703,1.13709
"exness","EURUSD","2026-09-25 04:55:59.345Z",1.13701,1.13707
"exness","EURUSD","2026-09-25 04:55:59.373Z",1.13699,1.13705
"exness","EURUSD","2026-09-25 04:56:00.211Z",1.1369799999999999,1.13704
"exness","EURUSD","2026-09-25 04:56:05.505Z",1.13699,1.13705
"exness","EURUSD","2026-09-25 04:56:08.440Z",1.137,1.13706
"exness","EURUSD","2026-09-25 04:56:14.725Z",1.13699,1.13705
"exness","EURUSD","2026-09-25 04:56:17.138Z",1.137,1.13706
"exness","EURUSD","2026-09-25 04:56:18.895Z",1.13699,1.13705
"exness","EURUSD","2026-09-25 04:56:24.639Z",1.1369799999999999,1.13704
"exness","EURUSD","2026-09-25 04:56:26.008Z",1.13697,1.13703
"exness","EURUSD","2026-09-25 04:56:27.420Z",1.1369799999999999,1.13704
"exness","EURUSD","2026-09-25 04:56:30.667Z",1.13697,1.13703
"exness","EURUSD","2026-09-25 04:56:45.040Z",1.13695,1.13701
"exness","EURUSD","2026-09-25 04:56:45.541Z",1.13693,1.13699
"exness","EURUSD","2026-09-25 04:56:46.180Z",1.13692,1.1369799999999999
"exness","EURUSD","2026-09-25 04:56:47.898Z",1.13691,1.13697
"exness","EURUSD","2026-09-25 04:56:48.055Z",1.1369,1.13696
"exness","EURUSD","2026-09-25 04:56:49.060Z",1.13689,1.13695
"exness","EURUSD","2026-09-25 04:56:53.473Z",1.13691,1.13697
"exness","EURUSD","2026-09-25 04:56:54.474Z",1.1369,1.13696
"exness","EURUSD","2026-09-25 04:56:55.969Z",1.1368800000000001,1.13694
"exness","EURUSD","2026-09-25 04:56:57.018Z",1.13687,1.13693
"exness","EURUSD","2026-09-25 04:56:58.043Z",1.1368800000000001,1.13694
"exness","EURUSD","2026-09-25 04:56:58.658Z",1.13686,1.13692
"exness","EURUSD","2026-09-25 04:57:03.981Z",1.13687,1.13693
"exness","EURUSD","2026-09-25 04:57:10.762Z",1.1368800000000001,1.13694
"exness","EURUSD","2026-09-25 04:57:10.857Z",1.1369,1.13696
"exness","EURUSD","2026-09-25 04:57:10.917Z",1.13692,1.1369799999999999
"exness","EURUSD","2026-09-25 04:57:11.954Z",1.13693,1.13699
"exness","EURUSD","2026-09-25 04:57:13.240Z",1.13692,1.1369799999999999
"exness","EURUSD","2026-09-25 04:57:18.764Z",1.13691,1.13697
"exness","EURUSD","2026-09-25 04:57:24.538Z",1.13692,1.1369799999999999
"exness","EURUSD","2026-09-25 04:57:26.645Z",1.13691,1.13697
"exness","EURUSD","2026-09-25 04:57:28.230Z",1.13692,1.1369799999999999
"exness","EURUSD","2026-09-25 04:57:30.824Z",1.13693,1.13699
"exness","EURUSD","2026-09-25 04:57:31.014Z",1.1369,1.13696
"exness","EURUSD","2026-09-25 04:57:32.050Z",1.13689,1.13695
"exness","EURUSD","2026-09-25 04:57:34.487Z",1.1369,1.13696
"exness","EURUSD","2026-09-25 04:57:42.032Z",1.13692,1.1369799999999999
"exness","EURUSD","2026-09-25 04:57:44.079Z",1.1369,1.13696
"exness","EURUSD","2026-09-25 04:57:44.166Z",1.1368800000000001,1.13694
"exness","EURUSD","2026-09-25 04:57:45.759Z",1.13687,1.13693
"exness","EURUSD","2026-09-25 04:57:52.909Z",1.13686,1.13692
"exness","EURUSD","2026-09-25 04:57:53.944Z",1.13687,1.13693
"exness","EURUSD","2026-09-25 04:57:59.791Z",1.13686,1.13692
"exness","EURUSD","2026-09-25 04:58:01.308Z",1.13687,1.13693
"exness","EURUSD","2026-09-25 04:58:02.858Z",1.1368800000000001,1.13694
"exness","EURUSD","2026-09-25 04:58:07.050Z",1.13689,1.13695
"exness","EURUSD","2026-09-25 04:58:13.600Z",1.13691,1.13697
"exness","EURUSD","2026-09-25 04:58:20.183Z",1.13693,1.13699
"exness","EURUSD","2026-09-25 04:58:21.243Z",1.13695,1.13701
"exness","EURUSD","2026-09-25 04:58:23.701Z",1.13694,1.137
"exness","EURUSD","2026-09-25 04:58:24.964Z",1.13695,1.13701
"exness","EURUSD","2026-09-25 04:58:26.107Z",1.13694,1.137
"exness","EURUSD","2026-09-25 04:58:32.157Z",1.13695,1.13701
"exness","EURUSD","2026-09-25 04:58:34.226Z",1.13694,1.137
"exness","EURUSD","2026-09-25 04:58:38.426Z",1.13696,1.13702
"exness","EURUSD","2026-09-25 04:58:39.507Z",1.1369799999999999,1.13704
"exness","EURUSD","2026-09-25 04:58:40.670Z",1.13697,1.13703
"exness","EURUSD","2026-09-25 04:58:45.269Z",1.1369799999999999,1.13704
"exness","EURUSD","2026-09-25 04:58:53.942Z",1.137,1.13706
"exness","EURUSD","2026-09-25 04:58:58.308Z",1.13699,1.13705
"exness","EURUSD","2026-09-25 04:58:59.944Z",1.13701,1.13707
"exness","EURUSD","2026-09-25 04:59:00.085Z",1.13703,1.13709
"exness","EURUSD","2026-09-25 04:59:01.136Z",1.13701,1.13707
"exness","EURUSD","2026-09-25 04:59:03.055Z",1.137,1.13706
"exness","EURUSD","2026-09-25 04:59:03.723Z",1.13703,1.13709
"exness","EURUSD","2026-09-25 04:59:03.752Z",1.13704,1.1371
"exness","EURUSD","2026-09-25 04:59:10.621Z",1.13705,1.13711
"exness","EURUSD","2026-09-25 04:59:14.262Z",1.13706,1.13712
"exness","EURUSD","2026-09-25 04:59:22.496Z",1.13705,1.13711
"exness","EURUSD","2026-09-25 04:59:25.185Z",1.13706,1.13712
"exness","EURUSD","2026-09-25 04:59:26.232Z",1.13705,1.13711
"exness","EURUSD","2026-09-25 04:59:40.321Z",1.13704,1.1371
"exness","EURUSD","2026-09-25 04:59:42.670Z",1.13703,1.13709
"exness","EURUSD","2026-09-25 04:59:46.954Z",1.13704,1.1371
"exness","EURUSD","2026-09-25 04:59:52.049Z",1.13703,1.13709
"exness","EURUSD","2026-09-25 05:00:01.996Z",1.13702,1.13708
"exness","EURUSD","2026-09-25 05:00:09.097Z",1.13703,1.13709
"exness","EURUSD","2026-09-25 05:00:09.122Z",1.13701,1.13707
"exness","EURUSD","2026-09-25 05:00:11.110Z",1.137,1.13706
"exness","EURUSD","2026-09-25 05:00:14.602Z",1.13699,1.13705
"exness","EURUSD","2026-09-25 05:00:17.803Z",1.1369799999999999,1.13704
"exness","EURUSD","2026-09-25 05:00:20.809Z",1.13697,1.13703
"exness","EURUSD","2026-09-25 05:00:35.047Z",1.1369799999999999,1.13704
"exness","EURUSD","2026-09-25 05:00:36.125Z",1.13697,1.13703
"exness","EURUSD","2026-09-25 05:00:51.781Z",1.1369799999999999,1.13704
"exness","EURUSD","2026-09-25 05:00:52.898Z",1.13697,1.13703
"exness","EURUSD","2026-09-25 05:00:59.862Z",1.13696,1.13702
"exness","EURUSD","2026-09-25 05:01:04.012Z",1.13697,1.13703
"exness","EURUSD","2026-09-25 05:01:05.226Z",1.1369799999999999,1.13704
"exness","EURUSD","2026-09-25 05:01:14.038Z",1.13699,1.13705
"exness","EURUSD","2026-09-25 05:01:15.619Z",1.13701,1.13707
"exness","EURUSD","2026-09-25 05:01:20.743Z",1.13702,1.13708
"exness","EURUSD","2026-09-25 05:01:23.623Z",1.13704,1.1371
"exness","EURUSD","2026-09-25 05:01:25.663Z",1.13702,1.13708
"exness","EURUSD","2026-09-25 05:01:29.369Z",1.13703,1.13709
"exness","EURUSD","2026-09-25 05:01:31.396Z",1.13704,1.1371
"exness","EURUSD","2026-09-25 05:01:33.561Z",1.13703,1.13709
"exness","EURUSD","2026-09-25 05:01:39.898Z",1.13704,1.1371
"exness","EURUSD","2026-09-25 05:01:47.497Z",1.13702,1.13708
"exness","EURUSD","2026-09-25 05:01:49.069Z",1.13703,1.13709
"exness","EURUSD","2026-09-25 05:01:51.352Z",1.13702,1.13708
"exness","EURUSD","2026-09-25 05:01:52.670Z",1.13703,1.13709
"exness","EURUSD","2026-09-25 05:01:58.046Z",1.13704,1.1371
"exness","EURUSD","2026-09-25 05:01:59.567Z",1.13702,1.13708
"exness","EURUSD","2026-09-25 05:01:59.759Z",1.137,1.13706
"exness","EURUSD","2026-09-25 05:02:00.173Z",1.13699,1.13705
"exness","EURUSD","2026-09-25 05:02:01.201Z",1.13701,1.13707
"exness","EURUSD","2026-09-25 05:02:10.350Z",1.13703,1.13709
"exness","EURUSD","2026-09-25 05:02:24.018Z",1.13702,1.13708
"exness","EURUSD","2026-09-25 05:02:27.633Z",1.13704,1.1371
"exness","EURUSD","2026-09-25 05:02:31.308Z",1.13703,1.13709
"exness","EURUSD","2026-09-25 05:02:33.761Z",1.13704,1.1371
"exness","EURUSD","2026-09-25 05:02:36.247Z",1.13705,1.13711
"exness","EURUSD","2026-09-25 05:02:37.252Z",1.13704,1.1371
"exness","EURUSD","2026-09-25 05:02:38.290Z",1.13705,1.13711
"exness","EURUSD","2026-09-25 05:02:49.773Z",1.13707,1.13713
"exness","EURUSD","2026-09-25 05:02:53.846Z",1.13706,1.13712
"exness","EURUSD","2026-09-25 05:03:01.014Z",1.13708,1.13714
"exness","EURUSD","2026-09-25 05:03:03.270Z",1.13707,1.13713
"exness","EURUSD","2026-09-25 05:03:05.424Z",1.13708,1.13714
"exness","EURUSD","2026-09-25 05:03:06.519Z",1.13709,1.13715
"exness","EURUSD","2026-09-25 05:03:07.963Z",1.13708,1.13714
"exness","EURUSD","2026-09-25 05:03:15.251Z",1.1371,1.13716
"exness","EURUSD","2026-09-25 05:03:17.119Z",1.13709,1.13715
"exness","EURUSD","2026-09-25 05:03:22.562Z",1.1371,1.13716
"exness","EURUSD","2026-09-25 05:03:29.631Z",1.13709,1.13715
"exness","EURUSD","2026-09-25 05:03:41.097Z",1.1371,1.13716
"exness","EURUSD","2026-09-25 05:03:50.286Z",1.13709,1.13715
"exness","EURUSD","2026-09-25 05:03:57.867Z",1.1371,1.13716
"exness","EURUSD","2026-09-25 05:03:58.509Z",1.13708,1.13714
"exness","EURUSD","2026-09-25 05:03:59.463Z",1.13706,1.13712
"exness","EURUSD","2026-09-25 05:04:01.664Z",1.13707,1.13713
"exness","EURUSD","2026-09-25 05:04:02.033Z",1.13709,1.13715
"exness","EURUSD","2026-09-25 05:04:05.989Z",1.1371,1.13716
"exness","EURUSD","2026-09-25 05:04:09.707Z",1.13709,1.13715
"exness","EURUSD","2026-09-25 05:04:10.858Z",1.1371,1.13716
"exness","EURUSD","2026-09-25 05:04:12.340Z",1.13709,1.13715
"exness","EURUSD","2026-09-25 05:04:13.419Z",1.1371,1.13716
"exness","EURUSD","2026-09-25 05:04:18.500Z",1.13709,1.13715
"exness","EURUSD","2026-09-25 05:04:24.445Z",1.1371,1.13716
"exness","EURUSD","2026-09-25 05:04:29.789Z",1.13709,1.13715
"exness","EURUSD","2026-09-25 05:04:34.685Z",1.13711,1.13717
"exness","EURUSD","2026-09-25 05:04:35.909Z",1.13712,1.13718
"exness","EURUSD","2026-09-25 05:04:36.962Z",1.13711,1.13717
"exness","EURUSD","2026-09-25 05:04:43.291Z",1.1371,1.13716
"exness","EURUSD","2026-09-25 05:04:47.232Z",1.13711,1.13717
"exness","EURUSD","2026-09-25 05:04:49.045Z",1.1371,1.13716
"exness","EURUSD","2026-09-25 05:04:54.503Z",1.13711,1.13717
"exness","EURUSD","2026-09-25 05:04:55.510Z",1.13712,1.13718
"exness","EURUSD","2026-09-25 05:05:14.429Z",1.13714,1.1372
"exness","EURUSD","2026-09-25 05:05:15.351Z",1.13715,1.13721
"exness","EURUSD","2026-09-25 05:05:15.542Z",1.13717,1.13723
"exness","EURUSD","2026-09-25 05:05:17.087Z",1.13718,1.13724
"exness","EURUSD","2026-09-25 05:05:22.387Z",1.13717,1.13723
"exness","EURUSD","2026-09-25 05:05:24.394Z",1.13719,1.13725
"exness","EURUSD","2026-09-25 05:05:26.237Z",1.1372,1.13726
"exness","EURUSD","2026-09-25 05:05:28.301Z",1.13719,1.13725
"exness","EURUSD","2026-09-25 05:05:32.175Z",1.1372,1.13726
"exness","EURUSD","2026-09-25 05:05:35.492Z",1.13719,1.13725
"exness","EURUSD","2026-09-25 05:05:44.360Z",1.1372,1.13726
"exness","EURUSD","2026-09-25 05:05:49.419Z",1.13719,1.13725
"exness","EURUSD","2026-09-25 05:05:56.649Z",1.13718,1.13724
"exness","EURUSD","2026-09-25 05:05:57.659Z",1.13719,1.13725
"exness","EURUSD","2026-09-25 05:05:58.799Z",1.13718,1.13724
"exness","EURUSD","2026-09-25 05:05:59.895Z",1.13719,1.13725
"exness","EURUSD","2026-09-25 05:06:00.893Z",1.13718,1.13724
"exness","EURUSD","2026-09-25 05:06:01.954Z",1.13719,1.13725
"exness","EURUSD","2026-09-25 05:06:04.893Z",1.13716,1.1372200000000001
"exness","EURUSD","2026-09-25 05:06:04.933Z",1.13714,1.1372
"exness","EURUSD","2026-09-25 05:06:06.087Z",1.13713,1.13719
"exness","EURUSD","2026-09-25 05:06:17.978Z",1.13714,1.1372
"exness","EURUSD","2026-09-25 05:06:25.035Z",1.13713,1.13719
"exness","EURUSD","2026-09-25 05:06:31.682Z",1.13712,1.13718
"exness","EURUSD","2026-09-25 05:06:38.738Z",1.13713,1.13719
"exness","EURUSD","2026-09-25 05:06:41.956Z",1.13712,1.13718
"exness","EURUSD","2026-09-25 05:06:50.947Z",1.13713,1.13719
"exness","EURUSD","2026-09-25 05:06:58.112Z",1.13712,1.13718
"exness","EURUSD","2026-09-25 05:06:59.398Z",1.13713,1.13719
"exness","EURUSD","2026-09-25 05:07:02.730Z",1.13712,1.13718
"exness","EURUSD","2026-09-25 05:07:11.018Z",1.13713,1.13719
"exness","EURUSD","2026-09-25 05:07:12.218Z",1.13712,1.13718
"exness","EURUSD","2026-09-25 05:07:18.670Z",1.13713,1.13719
"exness","EURUSD","2026-09-25 05:07:24.678Z",1.13715,1.13721
"exness","EURUSD","2026-09-25 05:07:24.734Z",1.13717,1.13723
"exness","EURUSD","2026-09-25 05:07:25.747Z",1.13716,1.1372200000000001
"exness","EURUSD","2026-09-25 05:07:28.892Z",1.13715,1.13721
"exness","EURUSD","2026-09-25 05:07:30.757Z",1.13716,1.1372200000000001
"exness","EURUSD","2026-09-25 05:07:31.780Z",1.13717,1.13723
"exness","EURUSD","2026-09-25 05:07:34.113Z",1.13716,1.1372200000000001
"exness","EURUSD","2026-09-25 05:07:35.581Z",1.13717,1.13723
"exness","EURUSD","2026-09-25 05:07:40.844Z",1.13718,1.13724
"exness","EURUSD","2026-09-25 05:07:51.988Z",1.13717,1.13723
"exness","EURUSD","2026-09-25 05:07:53.067Z",1.13716,1.1372200000000001
"exness","EURUSD","2026-09-25 05:08:01.858Z",1.13715,1.13721
"exness","EURUSD","2026-09-25 05:08:08.723Z",1.13713,1.13719
"exness","EURUSD","2026-09-25 05:08:09.257Z",1.13712,1.13718
"exness","EURUSD","2026-09-25 05:08:10.408Z",1.1371,1.13716
"exness","EURUSD","2026-09-25 05:08:11.686Z",1.13711,1.13717
"exness","EURUSD","2026-09-25 05:08:18.204Z",1.13712,1.13718
"exness","EURUSD","2026-09-25 05:08:33.153Z",1.13714,1.1372
"exness","EURUSD","2026-09-25 05:08:34.733Z",1.13713,1.13719
"exness","EURUSD","2026-09-25 05:08:36.012Z",1.13714,1.1372
"exness","EURUSD","2026-09-25 05:08:56.362Z",1.13715,1.13721
"exness","EURUSD","2026-09-25 05:08:59.487Z",1.13718,1.13724
"exness","EURUSD","2026-09-25 05:08:59.537Z",1.13719,1.13725
"exness","EURUSD","2026-09-25 05:08:59.697Z",1.13721,1.13727
"exness","EURUSD","2026-09-25 05:09:00.891Z",1.1372,1.13726
"exness","EURUSD","2026-09-25 05:09:01.119Z",1.1372200000000001,1.13728
"exness","EURUSD","2026-09-25 05:09:02.219Z",1.13723,1.13729
"exness","EURUSD","2026-09-25 05:09:03.406Z",1.13724,1.1373
"exness","EURUSD","2026-09-25 05:09:05.336Z",1.13725,1.13731
"exness","EURUSD","2026-09-25 05:09:09.796Z",1.13727,1.13733
"exness","EURUSD","2026-09-25 05:09:11.989Z",1.13726,1.1373199999999999
"exness","EURUSD","2026-09-25 05:09:13.813Z",1.13727,1.13733
"exness","EURUSD","2026-09-25 05:09:15.538Z",1.13726,1.1373199999999999
"exness","EURUSD","2026-09-25 05:09:16.699Z",1.13727,1.13733
"exness","EURUSD","2026-09-25 05:09:18.121Z",1.13726,1.1373199999999999
"exness","EURUSD","2026-09-25 05:09:20.198Z",1.13725,1.13731
"exness","EURUSD","2026-09-25 05:09:30.729Z",1.13724,1.1373
"exness","EURUSD","2026-09-25 05:09:36.147Z",1.1372200000000001,1.13728
"exness","EURUSD","2026-09-25 05:09:37.360Z",1.13724,1.1373
"exness","EURUSD","2026-09-25 05:09:41.608Z",1.13725,1.13731
"exness","EURUSD","2026-09-25 05:09:49.438Z",1.13726,1.1373199999999999
"exness","EURUSD","2026-09-25 05:09:50.752Z",1.13725,1.13731
"exness","EURUSD","2026-09-25 05:09:59.812Z",1.13724,1.1373
"exness","EURUSD","2026-09-25 05:10:00.847Z",1.13725,1.13731
"exness","EURUSD","2026-09-25 05:10:02.572Z",1.13723,1.13729
"exness","EURUSD","2026-09-25 05:10:03.198Z",1.13726,1.1373199999999999
"exness","EURUSD","2026-09-25 05:10:04.331Z",1.13725,1.13731
"exness","EURUSD","2026-09-25 05:10:05.730Z",1.13726,1.1373199999999999
"exness","EURUSD","2026-09-25 05:10:07.466Z",1.13725,1.13731
"exness","EURUSD","2026-09-25 05:10:12.774Z",1.13727,1.13733
"exness","EURUSD","2026-09-25 05:10:12.792Z",1.13729,1.13735
"exness","EURUSD","2026-09-25 05:10:13.840Z",1.13728,1.13734
"exness","EURUSD","2026-09-25 05:10:18.712Z",1.13729,1.13735
"exness","EURUSD","2026-09-25 05:10:19.907Z",1.13728,1.13734
"exness","EURUSD","2026-09-25 05:10:26.546Z",1.13727,1.13733
"exness","EURUSD","2026-09-25 05:10:27.725Z",1.13729,1.13735
"exness","EURUSD","2026-09-25 05:10:39.637Z",1.13728,1.13734
"exness","EURUSD","2026-09-25 05:10:42.436Z",1.13726,1.1373199999999999
"exness","EURUSD","2026-09-25 05:10:42.519Z",1.13724,1.1373
"exness","EURUSD","2026-09-25 05:10:42.811Z",1.13723,1.13729
"exness","EURUSD","2026-09-25 05:10:46.033Z",1.13724,1.1373
"exness","EURUSD","2026-09-25 05:10:46.535Z",1.1372200000000001,1.13728
"exness","EURUSD","2026-09-25 05:10:47.819Z",1.13721,1.13727
"exness","EURUSD","2026-09-25 05:10:50.712Z",1.1372200000000001,1.13728
"exness","EURUSD","2026-09-25 05:10:52.779Z",1.13723,1.13729
"exness","EURUSD","2026-09-25 05:10:55.040Z",1.1372200000000001,1.13728
"exness","EURUSD","2026-09-25 05:10:59.160Z",1.13723,1.13729
"exness","EURUSD","2026-09-25 05:11:01.737Z",1.1372200000000001,1.13728
"exness","EURUSD","2026-09-25 05:11:04.172Z",1.13723,1.13729
"exness","EURUSD","2026-09-25 05:11:12.325Z",1.13721,1.13727
"exness","EURUSD","2026-09-25 05:11:12.721Z",1.13723,1.13729
"exness","EURUSD","2026-09-25 05:11:12.821Z",1.13725,1.13731
"exness","EURUSD","2026-09-25 05:11:13.065Z",1.13726,1.1373199999999999
"exness","EURUSD","2026-09-25 05:11:14.977Z",1.13725,1.13731
"exness","EURUSD","2026-09-25 05:11:18.150Z",1.13726,1.1373199999999999
"exness","EURUSD","2026-09-25 05:11:19.445Z",1.13725,1.13731
"exness","EURUSD","2026-09-25 05:11:31.005Z",1.13726,1.1373199999999999
"exness","EURUSD","2026-09-25 05:11:36.448Z",1.13725,1.13731
"exness","EURUSD","2026-09-25 05:11:39.508Z",1.13724,1.1373
"exness","EURUSD","2026-09-25 05:11:40.692Z",1.13725,1.13731
"exness","EURUSD","2026-09-25 05:11:46.072Z",1.13724,1.1373
"exness","EURUSD","2026-09-25 05:11:47.228Z",1.13725,1.13731
"exness","EURUSD","2026-09-25 05:11:47.336Z",1.13727,1.13733
"exness","EURUSD","2026-09-25 05:11:47.435Z",1.13728,1.13734
"exness","EURUSD","2026-09-25 05:11:48.457Z",1.13729,1.13735
"exness","EURUSD","2026-09-25 05:11:53.762Z",1.13727,1.13733
"exness","EURUSD","2026-09-25 05:11:56.142Z",1.13728,1.13734
"exness","EURUSD","2026-09-25 05:11:57.436Z",1.13727,1.13733
"exness","EURUSD","2026-09-25 05:12:02.067Z",1.13729,1.13735
"exness","EURUSD","2026-09-25 05:12:03.257Z",1.13728,1.13734
"exness","EURUSD","2026-09-25 05:12:07.052Z",1.13727,1.13733
"exness","EURUSD","2026-09-25 05:12:11.450Z",1.13726,1.1373199999999999
"exness","EURUSD","2026-09-25 05:12:16.493Z",1.13727,1.13733
"exness","EURUSD","2026-09-25 05:12:18.222Z",1.13726,1.1373199999999999
"exness","EURUSD","2026-09-25 05:12:19.095Z",1.13724,1.1373
"exness","EURUSD","2026-09-25 05:12:19.678Z",1.13723,1.13729
"exness","EURUSD","2026-09-25 05:12:24.623Z",1.13724,1.1373
"exness","EURUSD","2026-09-25 05:12:37.540Z",1.13723,1.13729
"exness","EURUSD","2026-09-25 05:12:54.444Z",1.13726,1.1373199999999999
"exness","EURUSD","2026-09-25 05:12:54.491Z",1.13727,1.13733
"exness","EURUSD","2026-09-25 05:13:09.652Z",1.13725,1.13731
"exness","EURUSD","2026-09-25 05:13:11.482Z",1.13726,1.1373199999999999
"exness","EURUSD","2026-09-25 05:13:19.176Z",1.13727,1.13733
"exness","EURUSD","2026-09-25 05:13:22.873Z",1.13726,1.1373199999999999
"exness","EURUSD","2026-09-25 05:13:23.508Z",1.13728,1.13734
"exness","EURUSD","2026-09-25 05:13:24.718Z",1.13727,1.13733
"exness","EURUSD","2026-09-25 05:13:28.475Z",1.13729,1.13735
"exness","EURUSD","2026-09-25 05:13:34.326Z",1.13728,1.13734
"exness","EURUSD","2026-09-25 05:13:35.469Z",1.13729,1.13735
"exness","EURUSD","2026-09-25 05:13:36.604Z",1.13728,1.13734
"exness","EURUSD","2026-09-25 05:13:48.389Z",1.13729,1.13735
"exness","EURUSD","2026-09-25 05:13:49.652Z",1.13731,1.13737
"exness","EURUSD","2026-09-25 05:13:49.694Z",1.13733,1.13739
"exness","EURUSD","2026-09-25 05:13:51.331Z",1.1373199999999999,1.13738
"exness","EURUSD","2026-09-25 05:13:53.956Z",1.13731,1.13737
"exness","EURUSD","2026-09-25 05:13:55.556Z",1.1373199999999999,1.13738
"exness","EURUSD","2026-09-25 05:13:57.922Z",1.13731,1.13737
"exness","EURUSD","2026-09-25 05:14:01.740Z",1.1373199999999999,1.13738
"exness","EURUSD","2026-09-25 05:14:02.650Z",1.13729,1.13735
"exness","EURUSD","2026-09-25 05:14:02.711Z",1.13728,1.13734
"exness","EURUSD","2026-09-25 05:14:03.767Z",1.13727,1.13733
"exness","EURUSD","2026-09-25 05:14:04.287Z",1.13726,1.1373199999999999
"exness","EURUSD","2026-09-25 05:14:04.691Z",1.13725,1.13731
"exness","EURUSD","2026-09-25 05:14:07.815Z",1.13726,1.1373199999999999
"exness","EURUSD","2026-09-25 05:14:13.925Z",1.13725,1.13731
"exness","EURUSD","2026-09-25 05:14:14.076Z",1.13723,1.13729
"exness","EURUSD","2026-09-25 05:14:15.398Z",1.1372200000000001,1.13728
"exness","EURUSD","2026-09-25 05:14:18.276Z",1.13723,1.13729
"exness","EURUSD","2026-09-25 05:14:20.136Z",1.13725,1.13731
"exness","EURUSD","2026-09-25 05:14:20.294Z",1.13727,1.13733
"exness","EURUSD","2026-09-25 05:14:22.260Z",1.13728,1.13734
"exness","EURUSD","2026-09-25 05:14:25.610Z",1.13727,1.13733
"exness","EURUSD","2026-09-25 05:14:26.901Z",1.13728,1.13734
"exness","EURUSD","2026-09-25 05:14:29.069Z",1.13729,1.13735
"exness","EURUSD","2026-09-25 05:14:30.481Z",1.13728,1.13734
"exness","EURUSD","2026-09-25 05:14:33.661Z",1.13726,1.1373199999999999
"exness","EURUSD","2026-09-25 05:14:35.584Z",1.13729,1.13735
"exness","EURUSD","2026-09-25 05:14:35.807Z",1.1373,1.13736
"exness","EURUSD","2026-09-25 05:14:37.190Z",1.13731,1.13737
"exness","EURUSD","2026-09-25 05:14:38.518Z",1.1373,1.13736
"exness","EURUSD","2026-09-25 05:14:39.588Z",1.13728,1.13734
"exness","EURUSD","2026-09-25 05:14:44.329Z",1.1373,1.13736
"exness","EURUSD","2026-09-25 05:14:49.605Z",1.13731,1.13737
"exness","EURUSD","2026-09-25 05:14:52.338Z",1.1373,1.13736
"exness","EURUSD","2026-09-25 05:14:53.372Z",1.1373199999999999,1.13738
"exness","EURUSD","2026-09-25 05:14:54.847Z",1.13733,1.13739
"exness","EURUSD","2026-09-25 05:14:55.859Z",1.1373199999999999,1.13738
"exness","EURUSD","2026-09-25 05:14:56.865Z",1.13734,1.1374
"exness","EURUSD","2026-09-25 05:14:57.988Z",1.13733,1.13739
"exness","EURUSD","2026-09-25 05:15:00.727Z",1.13735,1.13741
"exness","EURUSD","2026-09-25 05:15:01.762Z",1.13733,1.13739
"exness","EURUSD","2026-09-25 05:15:01.825Z",1.13735,1.13741
"exness","EURUSD","2026-09-25 05:15:04.440Z",1.13736,1.13742
"exness","EURUSD","2026-09-25 05:15:08.144Z",1.13735,1.13741
"exness","EURUSD","2026-09-25 05:15:09.150Z",1.13737,1.13743
"exness","EURUSD","2026-09-25 05:15:11.426Z",1.13735,1.13741
"exness","EURUSD","2026-09-25 05:15:13.267Z",1.13736,1.13742
"exness","EURUSD","2026-09-25 05:15:14.277Z",1.13738,1.13744
"exness","EURUSD","2026-09-25 05:15:14.291Z",1.13739,1.13745
"exness","EURUSD","2026-09-25 05:15:14.431Z",1.13741,1.13747
"exness","EURUSD","2026-09-25 05:15:15.478Z",1.13739,1.13745
"exness","EURUSD","2026-09-25 05:15:24.737Z",1.13738,1.13744
"exness","EURUSD","2026-09-25 05:15:28.136Z",1.13739,1.13745
"exness","EURUSD","2026-09-25 05:15:30.027Z",1.1374,1.13746
"exness","EURUSD","2026-09-25 05:15:36.255Z",1.13739,1.13745
"exness","EURUSD","2026-09-25 05:15:37.912Z",1.1374,1.13746
"exness","EURUSD","2026-09-25 05:15:39.391Z",1.13741,1.13747
"exness","EURUSD","2026-09-25 05:15:42.751Z",1.1374,1.13746
"exness","EURUSD","2026-09-25 05:15:43.780Z",1.13742,1.13748
"exness","EURUSD","2026-09-25 05:15:44.877Z",1.13741,1.13747
"exness","EURUSD","2026-09-25 05:15:51.025Z",1.1374,1.13746
"exness","EURUSD","2026-09-25 05:15:53.556Z",1.13741,1.13747
"exness","EURUSD","2026-09-25 05:16:01.865Z",1.1374,1.13746
"exness","EURUSD","2026-09-25 05:16:04.038Z",1.13739,1.13745
"exness","EURUSD","2026-09-25 05:16:10.140Z",1.13738,1.13744
"exness","EURUSD","2026-09-25 05:16:11.261Z",1.13739,1.13745
"exness","EURUSD","2026-09-25 05:16:12.534Z",1.13738,1.13744
"exness","EURUSD","2026-09-25 05:16:13.721Z",1.13739,1.13745
"exness","EURUSD","2026-09-25 05:16:16.156Z",1.13738,1.13744
"exness","EURUSD","2026-09-25 05:16:24.253Z",1.13739,1.13745
"exness","EURUSD","2026-09-25 05:16:28.934Z",1.13737,1.13743
"exness","EURUSD","2026-09-25 05:16:33.223Z",1.13736,1.13742
"exness","EURUSD","2026-09-25 05:16:36.140Z",1.13737,1.13743
"exness","EURUSD","2026-09-25 05:16:47.986Z",1.13738,1.13744
"exness","EURUSD","2026-09-25 05:16:51.600Z",1.13737,1.13743
"exness","EURUSD","2026-09-25 05:17:01.643Z",1.13739,1.13745
"exness","EURUSD","2026-09-25 05:17:06.721Z",1.13738,1.13744
"exness","EURUSD","2026-09-25 05:17:11.685Z",1.13739,1.13745
"exness","EURUSD","2026-09-25 05:17:17.445Z",1.13737,1.13743
"exness","EURUSD","2026-09-25 05:17:20.531Z",1.13738,1.13744
"exness","EURUSD","2026-09-25 05:17:26.753Z",1.1374,1.13746
"exness","EURUSD","2026-09-25 05:17:27.912Z",1.13739,1.13745
"exness","EURUSD","2026-09-25 05:17:30.470Z",1.13737,1.13743
"exness","EURUSD","2026-09-25 05:17:30.494Z",1.13736,1.13742
"exness","EURUSD","2026-09-25 05:17:31.728Z",1.13735,1.13741
"exness","EURUSD","2026-09-25 05:17:37.621Z",1.13736,1.13742
"exness","EURUSD","2026-09-25 05:17:39.723Z",1.13735,1.13741
"exness","EURUSD","2026-09-25 05:17:43.625Z",1.13738,1.13744
"exness","EURUSD","2026-09-25 05:17:43.865Z",1.13739,1.13745
"exness","EURUSD","2026-09-25 05:17:47.076Z",1.13738,1.13744
"exness","EURUSD","2026-09-25 05:17:57.887Z",1.13736,1.13742
"exness","EURUSD","2026-09-25 05:18:01.747Z",1.13737,1.13743
"exness","EURUSD","2026-09-25 05:18:14.558Z",1.13736,1.13742
"exness","EURUSD","2026-09-25 05:18:17.979Z",1.13737,1.13743
"exness","EURUSD","2026-09-25 05:18:24.156Z",1.13738,1.13744
"exness","EURUSD","2026-09-25 05:18:33.226Z",1.13739,1.13745
"exness","EURUSD","2026-09-25 05:18:34.640Z",1.13738,1.13744
"exness","EURUSD","2026-09-25 05:18:39.421Z",1.1374,1.13746
"exness","EURUSD","2026-09-25 05:18:39.427Z",1.13742,1.13748
"exness","EURUSD","2026-09-25 05:18:39.448Z",1.13743,1.1374900000000001
"exness","EURUSD","2026-09-25 05:18:39.457Z",1.13745,1.13751
"exness","EURUSD","2026-09-25 05:18:39.590Z",1.13746,1.13752
"exness","EURUSD","2026-09-25 05:18:40.758Z",1.13744,1.1375
"exness","EURUSD","2026-09-25 05:18:41.886Z",1.13743,1.1374900000000001
"exness","EURUSD","2026-09-25 05:18:45.237Z",1.13742,1.13748
"exness","EURUSD","2026-09-25 05:18:46.544Z",1.13743,1.1374900000000001
"exness","EURUSD","2026-09-25 05:18:53.137Z",1.13742,1.13748
"exness","EURUSD","2026-09-25 05:18:59.430Z",1.13741,1.13747
"exness","EURUSD","2026-09-25 05:18:59.494Z",1.1374,1.13746
"exness","EURUSD","2026-09-25 05:19:00.250Z",1.13738,1.13744
"exness","EURUSD","2026-09-25 05:19:03.778Z",1.13737,1.13743
"exness","EURUSD","2026-09-25 05:19:07.171Z",1.13738,1.13744
"exness","EURUSD","2026-09-25 05:19:13.325Z",1.13737,1.13743
"exness","EURUSD","2026-09-25 05:19:23.414Z",1.13736,1.13742
"exness","EURUSD","2026-09-25 05:19:31.650Z",1.13735,1.13741
"exness","EURUSD","2026-09-25 05:19:33.575Z",1.13736,1.13742
"exness","EURUSD","2026-09-25 05:19:36.134Z",1.13737,1.13743
"exness","EURUSD","2026-09-25 05:19:38.688Z",1.13736,1.13742
"exness","EURUSD","2026-09-25 05:19:39.704Z",1.13737,1.13743
"exness","EURUSD","2026-09-25 05:19:55.187Z",1.13735,1.13741
"exness","EURUSD","2026-09-25 05:19:56.667Z",1.13733,1.13739
"exness","EURUSD","2026-09-25 05:19:56.744Z",1.1373199999999999,1.13738
"exness","EURUSD","2026-09-25 05:20:00.818Z",1.13733,1.13739
"exness","EURUSD","2026-09-25 05:20:01.478Z",1.13735,1.13741
"exness","EURUSD","2026-09-25 05:20:01.546Z",1.13736,1.13742
"exness","EURUSD","2026-09-25 05:20:02.357Z",1.13738,1.13744
"exness","EURUSD","2026-09-25 05:20:04.674Z",1.13737,1.13743
"exness","EURUSD","2026-09-25 05:20:05.891Z",1.13738,1.13744
"exness","EURUSD","2026-09-25 05:20:11.926Z",1.13736,1.13742
"exness","EURUSD","2026-09-25 05:20:14.849Z",1.13735,1.13741
"exness","EURUSD","2026-09-25 05:20:18.792Z",1.13733,1.13739
"exness","EURUSD","2026-09-25 05:20:20.851Z",1.13734,1.1374
"exness","EURUSD","2026-09-25 05:20:31.016Z",1.1373199999999999,1.13738
"exness","EURUSD","2026-09-25 05:20:50.842Z",1.1373,1.13736
"exness","EURUSD","2026-09-25 05:20:50.847Z",1.13728,1.13734
"exness","EURUSD","2026-09-25 05:20:51.077Z",1.13727,1.13733
"exness","EURUSD","2026-09-25 05:20:56.264Z",1.13728,1.13734
"exness","EURUSD","2026-09-25 05:20:59.754Z",1.13726,1.1373199999999999
"exness","EURUSD","2026-09-25 05:21:00.866Z",1.13725,1.13731
"exness","EURUSD","2026-09-25 05:21:04.651Z",1.13726,1.1373199999999999
"exness","EURUSD","2026-09-25 05:21:12.038Z",1.13725,1.13731
"exness","EURUSD","2026-09-25 05:21:13.038Z",1.13726,1.1373199999999999
"exness","EURUSD","2026-09-25 05:21:15.360Z",1.13727,1.13733
"exness","EURUSD","2026-09-25 05:21:16.473Z",1.13726,1.1373199999999999
"exness","EURUSD","2026-09-25 05:21:25.367Z",1.13727,1.13733
"exness","EURUSD","2026-09-25 05:21:28.792Z",1.13728,1.13734
"exness","EURUSD","2026-09-25 05:21:30.842Z",1.13727,1.13733
"exness","EURUSD","2026-09-25 05:21:38.024Z",1.13729,1.13735
"exness","EURUSD","2026-09-25 05:21:43.066Z",1.13728,1.13734
"exness","EURUSD","2026-09-25 05:21:48.023Z",1.13729,1.13735
"exness","EURUSD","2026-09-25 05:21:56.309Z",1.13731,1.13737
"exness","EURUSD","2026-09-25 05:21:57.351Z",1.1373,1.13736
"exness","EURUSD","2026-09-25 05:22:02.076Z",1.13729,1.13735
"exness","EURUSD","2026-09-25 05:22:10.517Z",1.13728,1.13734
"exness","EURUSD","2026-09-25 05:22:13.745Z",1.13727,1.13733
"exness","EURUSD","2026-09-25 05:22:15.164Z",1.13728,1.13734
"exness","EURUSD","2026-09-25 05:22:16.273Z",1.13726,1.1373199999999999
"exness","EURUSD","2026-09-25 05:22:16.871Z",1.13725,1.13731
"exness","EURUSD","2026-09-25 05:22:16.974Z",1.13723,1.13729
"exness","EURUSD","2026-09-25 05:22:18.111Z",1.13724,1.1373
"exness","EURUSD","2026-09-25 05:22:27.908Z",1.1372200000000001,1.13728
"exness","EURUSD","2026-09-25 05:22:29.540Z",1.13723,1.13729
"exness","EURUSD","2026-09-25 05:22:33.849Z",1.13724,1.1373
"exness","EURUSD","2026-09-25 05:22:34.945Z",1.13723,1.13729
"exness","EURUSD","2026-09-25 05:22:46.412Z",1.1372200000000001,1.13728
"exness","EURUSD","2026-09-25 05:22:54.776Z",1.13721,1.13727
"exness","EURUSD","2026-09-25 05:22:56.859Z",1.1372200000000001,1.13728
"exness","EURUSD","2026-09-25 05:22:58.215Z",1.13723,1.13729
"exness","EURUSD","2026-09-25 05:22:59.235Z",1.13724,1.1373
"exness","EURUSD","2026-09-25 05:23:01.824Z",1.13723,1.13729
"exness","EURUSD","2026-09-25 05:23:18.461Z",1.1372200000000001,1.13728
"exness","EURUSD","2026-09-25 05:23:23.810Z",1.13723,1.13729
"exness","EURUSD","2026-09-25 05:23:25.004Z",1.13724,1.1373
"exness","EURUSD","2026-09-25 05:23:26.835Z",1.13725,1.13731
"exness","EURUSD","2026-09-25 05:23:29.007Z",1.13724,1.1373
"exness","EURUSD","2026-09-25 05:23:33.950Z",1.1372200000000001,1.13728
"exness","EURUSD","2026-09-25 05:23:37.409Z",1.13723,1.13729
"exness","EURUSD","2026-09-25 05:23:43.114Z",1.1372200000000001,1.13728
"exness","EURUSD","2026-09-25 05:24:02.419Z",1.13721,1.13727
"exness","EURUSD","2026-09-25 05:24:03.587Z",1.1372200000000001,1.13728
"exness","EURUSD","2026-09-25 05:24:03.651Z",1.13724,1.1373
"exness","EURUSD","2026-09-25 05:24:03.664Z",1.13725,1.13731
"exness","EURUSD","2026-09-25 05:24:03.701Z",1.13727,1.13733
"exness","EURUSD","2026-09-25 05:24:06.457Z",1.13728,1.13734
"exness","EURUSD","2026-09-25 05:24:09.127Z",1.13729,1.13735
"exness","EURUSD","2026-09-25 05:24:10.141Z",1.13728,1.13734
"exness","EURUSD","2026-09-25 05:24:22.425Z",1.13726,1.1373199999999999
"exness","EURUSD","2026-09-25 05:24:25.393Z",1.13727,1.13733
"exness","EURUSD","2026-09-25 05:24:30.034Z",1.13726,1.1373199999999999
"exness","EURUSD","2026-09-25 05:24:31.486Z",1.13725,1.13731
"exness","EURUSD","2026-09-25 05:24:33.132Z",1.13727,1.13733
"exness","EURUSD","2026-09-25 05:24:47.078Z",1.13726,1.1373199999999999
"exness","EURUSD","2026-09-25 05:24:48.108Z",1.13727,1.13733
"exness","EURUSD","2026-09-25 05:24:53.612Z",1.13726,1.1373199999999999
"exness","EURUSD","2026-09-25 05:25:01.112Z",1.13727,1.13733
"exness","EURUSD","2026-09-25 05:25:02.909Z",1.13726,1.1373199999999999
"exness","EURUSD","2026-09-25 05:25:03.992Z",1.13728,1.13734
"exness","EURUSD","2026-09-25 05:25:10.523Z",1.13727,1.13733
"exness","EURUSD","2026-09-25 05:25:37.405Z",1.13725,1.13731
"exness","EURUSD","2026-09-25 05:25:38.420Z",1.13726,1.1373199999999999
"exness","EURUSD","2026-09-25 05:25:49.359Z",1.13728,1.13734
"exness","EURUSD","2026-09-25 05:25:59.678Z",1.13727,1.13733
"exness","EURUSD","2026-09-25 05:26:04.662Z",1.13725,1.13731
"exness","EURUSD","2026-09-25 05:26:11.435Z",1.13724,1.1373
"exness","EURUSD","2026-09-25 05:26:12.576Z",1.13725,1.13731
"exness","EURUSD","2026-09-25 05:26:14.558Z",1.13726,1.1373199999999999
"exness","EURUSD","2026-09-25 05:26:23.604Z",1.13725,1.13731
"exness","EURUSD","2026-09-25 05:26:37.091Z",1.13724,1.1373
"exness","EURUSD","2026-09-25 05:26:38.095Z",1.13725,1.13731
"exness","EURUSD","2026-09-25 05:26:38.903Z",1.13727,1.13733
"exness","EURUSD","2026-09-25 05:26:40.052Z",1.13726,1.1373199999999999
"exness","EURUSD","2026-09-25 05:26:46.483Z",1.13728,1.13734
"exness","EURUSD","2026-09-25 05:26:47.495Z",1.13727,1.13733
"exness","EURUSD","2026-09-25 05:26:49.461Z",1.13725,1.13731
"exness","EURUSD","2026-09-25 05:26:50.069Z",1.13723,1.13729
"exness","EURUSD","2026-09-25 05:26:51.164Z",1.13726,1.1373199999999999
"exness","EURUSD","2026-09-25 05:26:51.441Z",1.13728,1.13734
"exness","EURUSD","2026-09-25 05:26:53.009Z",1.13727,1.13733
"exness","EURUSD","2026-09-25 05:26:54.150Z",1.13726,1.1373199999999999
"exness","EURUSD","2026-09-25 05:27:02.832Z",1.13727,1.13733
"exness","EURUSD","2026-09-25 05:27:03.417Z",1.13725,1.13731
"exness","EURUSD","2026-09-25 05:27:03.431Z",1.13723,1.13729
"exness","EURUSD","2026-09-25 05:27:03.468Z",1.1372200000000001,1.13728
"exness","EURUSD","2026-09-25 05:27:03.485Z",1.1372,1.13726
"exness","EURUSD","2026-09-25 05:27:03.600Z",1.13719,1.13725
"exness","EURUSD","2026-09-25 05:27:04.871Z",1.13718,1.13724
"exness","EURUSD","2026-09-25 05:27:07.147Z",1.13719,1.13725
"exness","EURUSD","2026-09-25 05:27:09.950Z",1.13718,1.13724
"exness","EURUSD","2026-09-25 05:27:10.763Z",1.13716,1.1372200000000001
"exness","EURUSD","2026-09-25 05:27:11.365Z",1.13715,1.13721
"exness","EURUSD","2026-09-25 05:27:12.812Z",1.13714,1.1372
"exness","EURUSD","2026-09-25 05:27:17.162Z",1.13715,1.13721
"exness","EURUSD","2026-09-25 05:27:26.103Z",1.13714,1.1372
"exness","EURUSD","2026-09-25 05:27:26.485Z",1.13712,1.13718
"exness","EURUSD","2026-09-25 05:27:28.080Z",1.13711,1.13717
"exness","EURUSD","2026-09-25 05:27:29.092Z",1.13712,1.13718
"exness","EURUSD","2026-09-25 05:27:30.132Z",1.13714,1.1372
"exness","EURUSD","2026-09-25 05:27:31.664Z",1.13712,1.13718
"exness","EURUSD","2026-09-25 05:27:40.849Z",1.13714,1.1372
"exness","EURUSD","2026-09-25 05:27:43.383Z",1.13713,1.13719
"exness","EURUSD","2026-09-25 05:27:44.319Z",1.13715,1.13721
"exness","EURUSD","2026-09-25 05:27:46.688Z",1.13716,1.1372200000000001
"exness","EURUSD","2026-09-25 05:27:48.110Z",1.13715,1.13721
"exness","EURUSD","2026-09-25 05:27:52.998Z",1.13716,1.1372200000000001
"exness","EURUSD","2026-09-25 05:27:59.818Z",1.13717,1.13723
"exness","EURUSD","2026-09-25 05:28:00.294Z",1.13719,1.13725
"exness","EURUSD","2026-09-25 05:28:01.539Z",1.1372,1.13726
"exness","EURUSD","2026-09-25 05:28:02.388Z",1.1372200000000001,1.13728
"exness","EURUSD","2026-09-25 05:28:03.399Z",1.13723,1.13729
"exness","EURUSD","2026-09-25 05:28:04.641Z",1.1372200000000001,1.13728
"exness","EURUSD","2026-09-25 05:28:06.891Z",1.13721,1.13727
"exness","EURUSD","2026-09-25 05:28:09.850Z",1.1372200000000001,1.13728
"exness","EURUSD","2026-09-25 05:28:13.438Z",1.13721,1.13727
"exness","EURUSD","2026-09-25 05:28:17.009Z",1.1372200000000001,1.13728
"exness","EURUSD","2026-09-25 05:28:30.522Z",1.13721,1.13727
"exness","EURUSD","2026-09-25 05:28:34.843Z",1.1372200000000001,1.13728
"exness","EURUSD","2026-09-25 05:28:50.187Z",1.13723,1.13729
"exness","EURUSD","2026-09-25 05:28:52.965Z",1.1372200000000001,1.13728
"exness","EURUSD","2026-09-25 05:29:00.132Z",1.13723,1.13729
"exness","EURUSD","2026-09-25 05:29:03.019Z",1.13724,1.1373
"exness","EURUSD","2026-09-25 05:29:06.569Z",1.1372200000000001,1.13728
"exness","EURUSD","2026-09-25 05:29:16.633Z",1.13723,1.13729
"exness","EURUSD","2026-09-25 05:29:35.523Z",1.13721,1.13727
"exness","EURUSD","2026-09-25 05:29:38.415Z",1.13723,1.13729
"exness","EURUSD","2026-09-25 05:29:39.420Z",1.13724,1.1373
"exness","EURUSD","2026-09-25 05:29:40.616Z",1.13723,1.13729
"exness","EURUSD","2026-09-25 05:29:46.393Z",1.13721,1.13727
"exness","EURUSD","2026-09-25 05:29:53.306Z",1.1372200000000001,1.13728
"exness","EURUSD","2026-09-25 05:29:55.022Z",1.13724,1.1373
"exness","EURUSD","2026-09-25 05:29:55.962Z",1.13725,1.13731
"exness","EURUSD","2026-09-25 05:29:59.296Z",1.13723,1.13729
"exness","EURUSD","2026-09-25 05:30:01.388Z",1.13721,1.13727
"exness","EURUSD","2026-09-25 05:30:02.410Z",1.13719,1.13725
"exness","EURUSD","2026-09-25 05:30:02.717Z",1.13718,1.13724
"exness","EURUSD","2026-09-25 05:30:02.931Z",1.13717,1.13723
"exness","EURUSD","2026-09-25 05:30:06.591Z",1.13715,1.13721
"exness","EURUSD","2026-09-25 05:30:06.821Z",1.13714,1.1372
"exness","EURUSD","2026-09-25 05:30:17.841Z",1.13715,1.13721
"exness","EURUSD","2026-09-25 05:30:19.660Z",1.13717,1.13723
"exness","EURUSD","2026-09-25 05:30:19.821Z",1.13718,1.13724
"exness","EURUSD","2026-09-25 05:30:19.825Z",1.1372,1.13726
"exness","EURUSD","2026-09-25 05:30:19.843Z",1.13721,1.13727
"exness","EURUSD","2026-09-25 05:30:20.084Z",1.1372200000000001,1.13728
"exness","EURUSD","2026-09-25 05:30:27.316Z",1.13721,1.13727
"exness","EURUSD","2026-09-25 05:30:28.770Z",1.13723,1.13729
"exness","EURUSD","2026-09-25 05:30:30.270Z",1.13721,1.13727
"exness","EURUSD","2026-09-25 05:30:31.905Z",1.1372,1.13726
"exness","EURUSD","2026-09-25 05:30:33.039Z",1.13721,1.13727
"exness","EURUSD","2026-09-25 05:30:34.208Z",1.1372200000000001,1.13728
"exness","EURUSD","2026-09-25 05:30:35.443Z",1.13724,1.1373
"exness","EURUSD","2026-09-25 05:30:36.242Z",1.13725,1.13731
"exness","EURUSD","2026-09-25 05:30:48.985Z",1.13727,1.13733
"exness","EURUSD","2026-09-25 05:30:49.038Z",1.13729,1.13735
"exness","EURUSD","2026-09-25 05:30:50.162Z",1.13728,1.13734
"exness","EURUSD","2026-09-25 05:31:00.232Z",1.13729,1.13735
"exness","EURUSD","2026-09-25 05:31:01.478Z",1.13728,1.13734
"exness","EURUSD","2026-09-25 05:31:02.544Z",1.1373,1.13736
"exness","EURUSD","2026-09-25 05:31:14.504Z",1.1373199999999999,1.13738
"exness","EURUSD","2026-09-25 05:31:14.685Z",1.13734,1.1374
"exness","EURUSD","2026-09-25 05:31:17.493Z",1.13733,1.13739
"exness","EURUSD","2026-09-25 05:31:21.300Z",1.13734,1.1374
"exness","EURUSD","2026-09-25 05:31:22.769Z",1.13733,1.13739
"exness","EURUSD","2026-09-25 05:31:23.973Z",1.1373199999999999,1.13738
"exness","EURUSD","2026-09-25 05:31:25.930Z",1.1373,1.13736
"exness","EURUSD","2026-09-25 05:31:25.946Z",1.13728,1.13734
"exness","EURUSD","2026-09-25 05:31:27.404Z",1.1373,1.13736
"exness","EURUSD","2026-09-25 05:31:28.987Z",1.13731,1.13737
"exness","EURUSD","2026-09-25 05:31:31.091Z",1.1373,1.13736
"exness","EURUSD","2026-09-25 05:31:32.755Z",1.1373199999999999,1.13738
"exness","EURUSD","2026-09-25 05:31:33.775Z",1.13734,1.1374
"exness","EURUSD","2026-09-25 05:31:34.103Z",1.13736,1.13742
"exness","EURUSD","2026-09-25 05:31:35.227Z",1.13735,1.13741
"exness","EURUSD","2026-09-25 05:31:39.593Z",1.13734,1.1374
"exness","EURUSD","2026-09-25 05:31:40.742Z",1.13733,1.13739
"exness","EURUSD","2026-09-25 05:31:48.910Z",1.13734,1.1374
"exness","EURUSD","2026-09-25 05:31:52.724Z",1.13733,1.13739
"exness","EURUSD","2026-09-25 05:31:53.607Z",1.13731,1.13737
"exness","EURUSD","2026-09-25 05:31:56.282Z",1.1373,1.13736
"exness","EURUSD","2026-09-25 05:31:59.519Z",1.13729,1.13735
"exness","EURUSD","2026-09-25 05:32:00.558Z",1.1373,1.13736
"exness","EURUSD","2026-09-25 05:32:03.704Z",1.13731,1.13737
"exness","EURUSD","2026-09-25 05:32:04.942Z",1.1373,1.13736
"exness","EURUSD","2026-09-25 05:32:07.676Z",1.1373199999999999,1.13738
"exness","EURUSD","2026-09-25 05:32:08.686Z",1.13733,1.13739
"exness","EURUSD","2026-09-25 05:32:10.609Z",1.1373199999999999,1.13738
"exness","EURUSD","2026-09-25 05:32:12.835Z",1.13734,1.1374
"exness","EURUSD","2026-09-25 05:32:14.244Z",1.13736,1.13742
"exness","EURUSD","2026-09-25 05:32:15.293Z",1.13733,1.13739
"exness","EURUSD","2026-09-25 05:32:21.264Z",1.13734,1.1374
"exness","EURUSD","2026-09-25 05:32:21.443Z",1.13736,1.13742
"exness","EURUSD","2026-09-25 05:32:27.099Z",1.13737,1.13743
"exness","EURUSD","2026-09-25 05:32:28.225Z",1.13738,1.13744
"exness","EURUSD","2026-09-25 05:32:30.669Z",1.13736,1.13742
"exness","EURUSD","2026-09-25 05:32:33.941Z",1.13737,1.13743
"exness","EURUSD","2026-09-25 05:32:34.848Z",1.13739,1.13745
"exness","EURUSD","2026-09-25 05:32:34.863Z",1.1374,1.13746
"exness","EURUSD","2026-09-25 05:32:35.765Z",1.13742,1.13748
"exness","EURUSD","2026-09-25 05:32:36.956Z",1.13741,1.13747
"exness","EURUSD","2026-09-25 05:32:37.217Z",1.13743,1.1374900000000001
"exness","EURUSD","2026-09-25 05:32:37.237Z",1.13745,1.13751
"exness","EURUSD","2026-09-25 05:32:39.465Z",1.13743,1.1374900000000001
"exness","EURUSD","2026-09-25 05:32:40.347Z",1.13741,1.13747
"exness","EURUSD","2026-09-25 05:32:42.872Z",1.1374,1.13746
"exness","EURUSD","2026-09-25 05:32:44.898Z",1.13739,1.13745
"exness","EURUSD","2026-09-25 05:32:47.893Z",1.1374,1.13746
"exness","EURUSD","2026-09-25 05:32:47.977Z",1.13742,1.13748
"exness","EURUSD","2026-09-25 05:32:51.556Z",1.13741,1.13747
"exness","EURUSD","2026-09-25 05:32:53.891Z",1.1374,1.13746
"exness","EURUSD","2026-09-25 05:32:54.831Z",1.13742,1.13748
"exness","EURUSD","2026-09-25 05:32:55.887Z",1.13743,1.1374900000000001
"exness","EURUSD","2026-09-25 05:32:56.193Z",1.13745,1.13751
"exness","EURUSD","2026-09-25 05:32:58.519Z",1.13744,1.1375
"exness","EURUSD","2026-09-25 05:33:00.334Z",1.13745,1.13751
"exness","EURUSD","2026-09-25 05:33:02.672Z",1.13744,1.1375
"exness","EURUSD","2026-09-25 05:33:03.688Z",1.13743,1.1374900000000001
"exness","EURUSD","2026-09-25 05:33:05.277Z",1.13741,1.13747
"exness","EURUSD","2026-09-25 05:33:08.513Z",1.13743,1.1374900000000001
"exness","EURUSD","2026-09-25 05:33:09.672Z",1.13744,1.1375
"exness","EURUSD","2026-09-25 05:33:10.719Z",1.13743,1.1374900000000001
"exness","EURUSD","2026-09-25 05:33:11.914Z",1.13744,1.1375
"exness","EURUSD","2026-09-25 05:33:14.503Z",1.13742,1.13748
"exness","EURUSD","2026-09-25 05:33:16.090Z",1.13744,1.1375
"exness","EURUSD","2026-09-25 05:33:17.572Z",1.13743,1.1374900000000001
"exness","EURUSD","2026-09-25 05:33:19.897Z",1.13744,1.1375
"exness","EURUSD","2026-09-25 05:33:20.911Z",1.13746,1.13752
"exness","EURUSD","2026-09-25 05:33:22.314Z",1.13747,1.13753
"exness","EURUSD","2026-09-25 05:33:25.513Z",1.13746,1.13752
"exness","EURUSD","2026-09-25 05:33:26.624Z",1.13747,1.13753
"exness","EURUSD","2026-09-25 05:33:28.943Z",1.13746,1.13752
"exness","EURUSD","2026-09-25 05:33:32.482Z",1.13747,1.13753
"exness","EURUSD","2026-09-25 05:33:40.707Z",1.13746,1.13752
"exness","EURUSD","2026-09-25 05:33:44.066Z",1.13747,1.13753
"exness","EURUSD","2026-09-25 05:33:44.163Z",1.1374900000000001,1.13755
"exness","EURUSD","2026-09-25 05:33:44.182Z",1.1375,1.13756
"exness","EURUSD","2026-09-25 05:33:45.495Z",1.13747,1.13753
"exness","EURUSD","2026-09-25 05:33:46.782Z",1.1374900000000001,1.13755
"exness","EURUSD","2026-09-25 05:33:46.805Z",1.13751,1.13757
"exness","EURUSD","2026-09-25 05:33:50.766Z",1.1375,1.13756
"exness","EURUSD","2026-09-25 05:33:52.661Z",1.13753,1.1375899999999999
"exness","EURUSD","2026-09-25 05:33:53.669Z",1.13754,1.1376
"exness","EURUSD","2026-09-25 05:33:54.874Z",1.13753,1.1375899999999999
"exness","EURUSD","2026-09-25 05:34:00.922Z",1.13754,1.1376
"exness","EURUSD","2026-09-25 05:34:01.980Z",1.13753,1.1375899999999999
"exness","EURUSD","2026-09-25 05:34:05.896Z",1.13752,1.13758
"exness","EURUSD","2026-09-25 05:34:10.767Z",1.1375,1.13756
"exness","EURUSD","2026-09-25 05:34:13.199Z",1.13748,1.13754
"exness","EURUSD","2026-09-25 05:34:21.075Z",1.13746,1.13752
"exness","EURUSD","2026-09-25 05:34:28.665Z",1.13745,1.13751
"exness","EURUSD","2026-09-25 05:34:35.330Z",1.13746,1.13752
"exness","EURUSD","2026-09-25 05:34:37.452Z",1.13745,1.13751
"exness","EURUSD","2026-09-25 05:34:40.808Z",1.13743,1.1374900000000001
"exness","EURUSD","2026-09-25 05:34:41.370Z",1.13742,1.13748
"exness","EURUSD","2026-09-25 05:34:42.585Z",1.13741,1.13747
"exness","EURUSD","2026-09-25 05:34:45.378Z",1.13742,1.13748
"exness","EURUSD","2026-09-25 05:34:51.981Z",1.13741,1.13747
"exness","EURUSD","2026-09-25 05:34:53.487Z",1.13739,1.13745
"exness","EURUSD","2026-09-25 05:34:53.556Z",1.13738,1.13744
"exness","EURUSD","2026-09-25 05:34:54.984Z",1.1374,1.13746
"exness","EURUSD","2026-09-25 05:34:56.342Z",1.13742,1.13748
"exness","EURUSD","2026-09-25 05:34:58.897Z",1.13741,1.13747
"exness","EURUSD","2026-09-25 05:35:01.344Z",1.13742,1.13748
"exness","EURUSD","2026-09-25 05:35:05.057Z",1.13743,1.1374900000000001
"exness","EURUSD","2026-09-25 05:35:06.135Z",1.13742,1.13748
"exness","EURUSD","2026-09-25 05:35:12.173Z",1.13741,1.13747
"exness","EURUSD","2026-09-25 05:35:13.178Z",1.13742,1.13748
"exness","EURUSD","2026-09-25 05:35:24.653Z",1.13741,1.13747
"exness","EURUSD","2026-09-25 05:35:26.755Z",1.13742,1.13748
"exness","EURUSD","2026-09-25 05:35:29.724Z",1.13741,1.13747
"exness","EURUSD","2026-09-25 05:35:34.559Z",1.1374,1.13746
"exness","EURUSD","2026-09-25 05:35:40.208Z",1.13738,1.13744
"exness","EURUSD","2026-09-25 05:35:40.728Z",1.13737,1.13743
"exness","EURUSD","2026-09-25 05:35:40.978Z",1.13735,1.13741
"exness","EURUSD","2026-09-25 05:35:42.344Z",1.13734,1.1374
"exness","EURUSD","2026-09-25 05:35:43.668Z",1.13735,1.13741
"exness","EURUSD","2026-09-25 05:35:44.967Z",1.13734,1.1374
"exness","EURUSD","2026-09-25 05:35:46.548Z",1.13733,1.13739
"exness","EURUSD","2026-09-25 05:35:48.277Z",1.13734,1.1374
"exness","EURUSD","2026-09-25 05:35:48.723Z",1.13737,1.13743
"exness","EURUSD","2026-09-25 05:35:49.503Z",1.13738,1.13744
"exness","EURUSD","2026-09-25 05:35:51.364Z",1.13737,1.13743
"exness","EURUSD","2026-09-25 05:35:55.210Z",1.13736,1.13742
"exness","EURUSD","2026-09-25 05:35:57.900Z",1.13737,1.13743
"exness","EURUSD","2026-09-25 05:35:58.966Z",1.13736,1.13742
"exness","EURUSD","2026-09-25 05:36:01.415Z",1.13735,1.13741
"exness","EURUSD","2026-09-25 05:36:02.884Z",1.13733,1.13739
"exness","EURUSD","2026-09-25 05:36:04.082Z",1.13734,1.1374
"exness","EURUSD","2026-09-25 05:36:09.669Z",1.13735,1.13741
"exness","EURUSD","2026-09-25 05:36:14.490Z",1.13734,1.1374
"exness","EURUSD","2026-09-25 05:36:17.209Z",1.13735,1.13741
"exness","EURUSD","2026-09-25 05:36:17.475Z",1.13737,1.13743
"exness","EURUSD","2026-09-25 05:36:25.403Z",1.13736,1.13742
"exness","EURUSD","2026-09-25 05:36:29.840Z",1.13737,1.13743
"exness","EURUSD","2026-09-25 05:36:31.128Z",1.13736,1.13742
"exness","EURUSD","2026-09-25 05:36:32.090Z",1.13738,1.13744
"exness","EURUSD","2026-09-25 05:36:32.108Z",1.1374,1.13746
"exness","EURUSD","2026-09-25 05:36:32.115Z",1.13741,1.13747
"exness","EURUSD","2026-09-25 05:36:33.123Z",1.13742,1.13748
"exness","EURUSD","2026-09-25 05:36:33.564Z",1.13739,1.13745
"exness","EURUSD","2026-09-25 05:36:34.731Z",1.13738,1.13744
"exness","EURUSD","2026-09-25 05:36:39.870Z",1.13739,1.13745
"exness","EURUSD","2026-09-25 05:36:40.522Z",1.13741,1.13747
"exness","EURUSD","2026-09-25 05:36:41.605Z",1.1374,1.13746
"exness","EURUSD","2026-09-25 05:36:43.970Z",1.13739,1.13745
"exness","EURUSD","2026-09-25 05:36:46.165Z",1.1374,1.13746
"exness","EURUSD","2026-09-25 05:36:50.478Z",1.13742,1.13748
"exness","EURUSD","2026-09-25 05:36:51.653Z",1.13743,1.1374900000000001
"exness","EURUSD","2026-09-25 05:36:54.803Z",1.13742,1.13748
"exness","EURUSD","2026-09-25 05:36:58.458Z",1.13741,1.13747
"exness","EURUSD","2026-09-25 05:36:58.917Z",1.1374,1.13746
"exness","EURUSD","2026-09-25 05:37:00.306Z",1.13739,1.13745
"exness","EURUSD","2026-09-25 05:37:01.477Z",1.1374,1.13746
"exness","EURUSD","2026-09-25 05:37:03.987Z",1.13739,1.13745
"exness","EURUSD","2026-09-25 05:37:05.381Z",1.13741,1.13747
"exness","EURUSD","2026-09-25 05:37:05.601Z",1.13743,1.1374900000000001
"exness","EURUSD","2026-09-25 05:37:09.250Z",1.13742,1.13748
"exness","EURUSD","2026-09-25 05:37:10.290Z",1.13741,1.13747
"exness","EURUSD","2026-09-25 05:37:16.717Z",1.13742,1.13748
"exness","EURUSD","2026-09-25 05:37:18.677Z",1.13741,1.13747
"exness","EURUSD","2026-09-25 05:37:20.544Z",1.1374,1.13746
"exness","EURUSD","2026-09-25 05:37:22.282Z",1.13741,1.13747
"exness","EURUSD","2026-09-25 05:37:24.815Z",1.13742,1.13748
"exness","EURUSD","2026-09-25 05:37:34.774Z",1.1374,1.13746
"exness","EURUSD","2026-09-25 05:37:37.383Z",1.13742,1.13748
"exness","EURUSD","2026-09-25 05:37:41.918Z",1.13741,1.13747
"exness","EURUSD","2026-09-25 05:37:44.644Z",1.1374,1.13746
"exness","EURUSD","2026-09-25 05:37:47.024Z",1.13741,1.13747
"exness","EURUSD","2026-09-25 05:37:48.085Z",1.13742,1.13748
"exness","EURUSD","2026-09-25 05:37:49.668Z",1.13741,1.13747
"exness","EURUSD","2026-09-25 05:37:52.781Z",1.13742,1.13748
"exness","EURUSD","2026-09-25 05:37:56.542Z",1.13741,1.13747
"exness","EURUSD","2026-09-25 05:37:58.088Z",1.13739,1.13745
"exness","EURUSD","2026-09-25 05:37:58.114Z",1.13737,1.13743
"exness","EURUSD","2026-09-25 05:37:58.182Z",1.13736,1.13742
"exness","EURUSD","2026-09-25 05:37:59.238Z",1.13737,1.13743
"exness","EURUSD","2026-09-25 05:38:03.261Z",1.13736,1.13742
"exness","EURUSD","2026-09-25 05:38:09.696Z",1.13735,1.13741
"exness","EURUSD","2026-09-25 05:38:16.457Z",1.13736,1.13742
"exness","EURUSD","2026-09-25 05:38:18.935Z",1.13737,1.13743
"exness","EURUSD","2026-09-25 05:38:20.040Z",1.13738,1.13744
"exness","EURUSD","2026-09-25 05:38:21.611Z",1.13737,1.13743
"exness","EURUSD","2026-09-25 05:38:21.719Z",1.13739,1.13745
"exness","EURUSD","2026-09-25 05:38:23.074Z",1.13738,1.13744
"exness","EURUSD","2026-09-25 05:38:31.423Z",1.13737,1.13743
"exness","EURUSD","2026-09-25 05:38:35.860Z",1.13738,1.13744
"exness","EURUSD","2026-09-25 05:38:44.986Z",1.13737,1.13743
"exness","EURUSD","2026-09-25 05:38:47.283Z",1.13735,1.13741
"exness","EURUSD","2026-09-25 05:38:47.318Z",1.13733,1.13739
"exness","EURUSD","2026-09-25 05:38:48.608Z",1.1373199999999999,1.13738
"exness","EURUSD","2026-09-25 05:38:52.044Z",1.13733,1.13739
"exness","EURUSD","2026-09-25 05:38:55.902Z",1.13731,1.13737
"exness","EURUSD","2026-09-25 05:38:56.933Z",1.1373,1.13736
"exness","EURUSD","2026-09-25 05:38:57.285Z",1.13728,1.13734
"exness","EURUSD","2026-09-25 05:38:57.481Z",1.13727,1.13733
"exness","EURUSD","2026-09-25 05:38:58.306Z",1.13726,1.1373199999999999
"exness","EURUSD","2026-09-25 05:39:02.341Z",1.13727,1.13733
"exness","EURUSD","2026-09-25 05:39:07.663Z",1.13725,1.13731
"exness","EURUSD","2026-09-25 05:39:07.738Z",1.13723,1.13729
"exness","EURUSD","2026-09-25 05:39:11.248Z",1.1372200000000001,1.13728
"exness","EURUSD","2026-09-25 05:39:12.260Z",1.13723,1.13729
"exness","EURUSD","2026-09-25 05:39:14.060Z",1.13725,1.13731
"exness","EURUSD","2026-09-25 05:39:14.525Z",1.13727,1.13733
"exness","EURUSD","2026-09-25 05:39:16.072Z",1.13726,1.1373199999999999
"exness","EURUSD","2026-09-25 05:39:20.615Z",1.13727,1.13733
"exness","EURUSD","2026-09-25 05:39:22.500Z",1.13728,1.13734
"exness","EURUSD","2026-09-25 05:39:26.807Z",1.13727,1.13733
"exness","EURUSD","2026-09-25 05:39:38.162Z",1.13728,1.13734
"exness","EURUSD","2026-09-25 05:39:40.161Z",1.1373,1.13736
"exness","EURUSD","2026-09-25 05:39:40.172Z",1.1373199999999999,1.13738
"exness","EURUSD","2026-09-25 05:39:41.334Z",1.13733,1.13739
"exness","EURUSD","2026-09-25 05:39:41.492Z",1.1373,1.13736
"exness","EURUSD","2026-09-25 05:39:42.594Z",1.13728,1.13734
"exness","EURUSD","2026-09-25 05:39:45.007Z",1.13729,1.13735
"exness","EURUSD","2026-09-25 05:39:47.140Z",1.13728,1.13734
"exness","EURUSD","2026-09-25 05:39:54.448Z",1.13729,1.13735
"exness","EURUSD","2026-09-25 05:40:02.781Z",1.13731,1.13737
"exness","EURUSD","2026-09-25 05:40:03.820Z",1.1373,1.13736
"exness","EURUSD","2026-09-25 05:40:07.923Z",1.13731,1.13737
"exness","EURUSD","2026-09-25 05:40:09.079Z",1.1373,1.13736
"exness","EURUSD","2026-09-25 05:40:17.063Z",1.13729,1.13735
"exness","EURUSD","2026-09-25 05:40:17.485Z",1.13731,1.13737
"exness","EURUSD","2026-09-25 05:40:17.536Z",1.13733,1.13739
"exness","EURUSD","2026-09-25 05:40:27.099Z",1.13731,1.13737
"exness","EURUSD","2026-09-25 05:40:27.134Z",1.13729,1.13735
"exness","EURUSD","2026-09-25 05:40:28.298Z",1.1373,1.13736
"exness","EURUSD","2026-09-25 05:40:29.793Z",1.13731,1.13737
"exness","EURUSD","2026-09-25 05:40:36.082Z",1.1373,1.13736
"exness","EURUSD","2026-09-25 05:40:39.976Z",1.13731,1.13737
"exness","EURUSD","2026-09-25 05:40:40.197Z",1.13733,1.13739
"exness","EURUSD","2026-09-25 05:40:46.445Z",1.13734,1.1374
"exness","EURUSD","2026-09-25 05:41:04.058Z",1.13733,1.13739
"exness","EURUSD","2026-09-25 05:41:07.975Z",1.13734,1.1374
"exness","EURUSD","2026-09-25 05:41:08.982Z",1.13733,1.13739
"exness","EURUSD","2026-09-25 05:41:10.030Z",1.13734,1.1374
"exness","EURUSD","2026-09-25 05:41:12.237Z",1.13733,1.13739
"exness","EURUSD","2026-09-25 05:41:13.333Z",1.1373199999999999,1.13738
"exness","EURUSD","2026-09-25 05:41:13.980Z",1.13731,1.13737
"exness","EURUSD","2026-09-25 05:41:15.760Z",1.1373199999999999,1.13738
"exness","EURUSD","2026-09-25 05:41:16.870Z",1.13733,1.13739
"exness","EURUSD","2026-09-25 05:41:20.875Z",1.13735,1.13741
"exness","EURUSD","2026-09-25 05:41:21.653Z",1.1373199999999999,1.13738
"exness","EURUSD","2026-09-25 05:41:21.663Z",1.13731,1.13737
"exness","EURUSD","2026-09-25 05:41:22.705Z",1.1373,1.13736
"exness","EURUSD","2026-09-25 05:41:29.269Z",1.13729,1.13735
"exness","EURUSD","2026-09-25 05:41:31.066Z",1.1373,1.13736
"exness","EURUSD","2026-09-25 05:41:33.934Z",1.13728,1.13734
"exness","EURUSD","2026-09-25 05:41:46.371Z",1.13727,1.13733
"exness","EURUSD","2026-09-25 05:41:47.379Z",1.13728,1.13734
"exness","EURUSD","2026-09-25 05:41:51.714Z",1.13727,1.13733
"exness","EURUSD","2026-09-25 05:41:51.754Z",1.13729,1.13735
"exness","EURUSD","2026-09-25 05:41:53.240Z",1.1373,1.13736
"exness","EURUSD","2026-09-25 05:41:54.205Z",1.1373199999999999,1.13738
"exness","EURUSD","2026-09-25 05:41:54.398Z",1.13733,1.13739
"exness","EURUSD","2026-09-25 05:41:57.489Z",1.13735,1.13741
"exness","EURUSD","2026-09-25 05:41:59.241Z",1.13736,1.13742
"exness","EURUSD","2026-09-25 05:42:01.499Z",1.13735,1.13741
"exness","EURUSD","2026-09-25 05:42:04.027Z",1.13734,1.1374
"exness","EURUSD","2026-09-25 05:42:10.002Z",1.13736,1.13742
"exness","EURUSD","2026-09-25 05:42:11.745Z",1.13735,1.13741
"exness","EURUSD","2026-09-25 05:42:20.775Z",1.13734,1.1374
"exness","EURUSD","2026-09-25 05:42:22.965Z",1.13735,1.13741
"exness","EURUSD","2026-09-25 05:42:31.031Z",1.13737,1.13743
"exness","EURUSD","2026-09-25 05:42:32.002Z",1.13734,1.1374
"exness","EURUSD","2026-09-25 05:42:33.378Z",1.13735,1.13741
"exness","EURUSD","2026-09-25 05:42:34.747Z",1.13736,1.13742
"exness","EURUSD","2026-09-25 05:42:36.054Z",1.13737,1.13743
"exness","EURUSD","2026-09-25 05:42:40.441Z",1.13735,1.13741
"exness","EURUSD","2026-09-25 05:42:41.713Z",1.13736,1.13742
"exness","EURUSD","2026-09-25 05:42:47.424Z",1.13737,1.13743
"exness","EURUSD","2026-09-25 05:42:49.755Z",1.13735,1.13741
"exness","EURUSD","2026-09-25 05:42:54.422Z",1.13736,1.13742
"exness","EURUSD","2026-09-25 05:42:57.271Z",1.13737,1.13743
"exness","EURUSD","2026-09-25 05:42:58.424Z",1.13736,1.13742
"exness","EURUSD","2026-09-25 05:43:00.663Z",1.13738,1.13744
"exness","EURUSD","2026-09-25 05:43:03.741Z",1.13737,1.13743
"exness","EURUSD","2026-09-25 05:43:05.044Z",1.13738,1.13744
"exness","EURUSD","2026-09-25 05:43:09.090Z",1.13737,1.13743
"exness","EURUSD","2026-09-25 05:43:13.574Z",1.13738,1.13744
"exness","EURUSD","2026-09-25 05:43:15.127Z",1.13737,1.13743
"exness","EURUSD","2026-09-25 05:43:17.015Z",1.13738,1.13744
"exness","EURUSD","2026-09-25 05:43:18.781Z",1.13739,1.13745
"exness","EURUSD","2026-09-25 05:43:19.957Z",1.13738,1.13744
"exness","EURUSD","2026-09-25 05:43:25.738Z",1.13739,1.13745
"exness","EURUSD","2026-09-25 05:43:27.848Z",1.13738,1.13744
"exness","EURUSD","2026-09-25 05:43:32.716Z",1.13739,1.13745
"exness","EURUSD","2026-09-25 05:43:35.284Z",1.13741,1.13747
"exness","EURUSD","2026-09-25 05:43:35.484Z",1.13742,1.13748
"exness","EURUSD","2026-09-25 05:43:35.514Z",1.13744,1.1375
"exness","EURUSD","2026-09-25 05:43:35.708Z",1.13745,1.13751
"exness","EURUSD","2026-09-25 05:43:35.753Z",1.13747,1.13753
"exness","EURUSD","2026-09-25 05:43:36.809Z",1.13746,1.13752
"exness","EURUSD","2026-09-25 05:43:39.313Z",1.13745,1.13751
"exness","EURUSD","2026-09-25 05:43:40.373Z",1.13747,1.13753
"exness","EURUSD","2026-09-25 05:43:45.826Z",1.13748,1.13754
"exness","EURUSD","2026-09-25 05:43:47.842Z",1.1375,1.13756
"exness","EURUSD","2026-09-25 05:43:48.909Z",1.1374900000000001,1.13755
"exness","EURUSD","2026-09-25 05:43:50.651Z",1.13748,1.13754
"exness","EURUSD","2026-09-25 05:44:00.091Z",1.13745,1.13751
"exness","EURUSD","2026-09-25 05:44:02.626Z",1.13746,1.13752
"exness","EURUSD","2026-09-25 05:44:04.690Z",1.13748,1.13754
"exness","EURUSD","2026-09-25 05:44:09.770Z",1.13746,1.13752
"exness","EURUSD","2026-09-25 05:44:10.878Z",1.13745,1.13751
"exness","EURUSD","2026-09-25 05:44:12.129Z",1.13746,1.13752
"exness","EURUSD","2026-09-25 05:44:17.040Z",1.13748,1.13754
"exness","EURUSD","2026-09-25 05:44:30.474Z",1.1374900000000001,1.13755
"exness","EURUSD","2026-09-25 05:44:30.646Z",1.13751,1.13757
"exness","EURUSD","2026-09-25 05:44:32.779Z",1.1375,1.13756
"exness","EURUSD","2026-09-25 05:44:38.165Z",1.13751,1.13757
"exness","EURUSD","2026-09-25 05:44:39.254Z",1.1375,1.13756
"exness","EURUSD","2026-09-25 05:44:40.817Z",1.13751,1.13757
"exness","EURUSD","2026-09-25 05:44:50.712Z",1.1375,1.13756
"exness","EURUSD","2026-09-25 05:44:53.242Z",1.13751,1.13757
"exness","EURUSD","2026-09-25 05:44:53.390Z",1.1374900000000001,1.13755
"exness","EURUSD","2026-09-25 05:44:53.775Z",1.13751,1.13757
"exness","EURUSD","2026-09-25 05:44:54.582Z",1.1374900000000001,1.13755
"exness","EURUSD","2026-09-25 05:44:55.657Z",1.13748,1.13754
"exness","EURUSD","2026-09-25 05:44:57.901Z",1.1374900000000001,1.13755
"exness","EURUSD","2026-09-25 05:45:00.077Z",1.13748,1.13754
"exness","EURUSD","2026-09-25 05:45:01.128Z",1.13746,1.13752
"exness","EURUSD","2026-09-25 05:45:02.605Z",1.13747,1.13753
"exness","EURUSD","2026-09-25 05:45:03.596Z",1.1374900000000001,1.13755
"exness","EURUSD","2026-09-25 05:45:05.165Z",1.13748,1.13754
"exness","EURUSD","2026-09-25 05:45:07.706Z",1.1374900000000001,1.13755
"exness","EURUSD","2026-09-25 05:45:08.827Z",1.13751,1.13757
"exness","EURUSD","2026-09-25 05:45:09.457Z",1.13752,1.13758
"exness","EURUSD","2026-09-25 05:45:15.888Z",1.13753,1.1375899999999999
"exness","EURUSD","2026-09-25 05:45:24.820Z",1.13754,1.1376
"exness","EURUSD","2026-09-25 05:45:29.907Z",1.13753,1.1375899999999999
"exness","EURUSD","2026-09-25 05:45:31.155Z",1.13754,1.1376
"exness","EURUSD","2026-09-25 05:45:31.633Z",1.13751,1.13757
"exness","EURUSD","2026-09-25 05:45:31.792Z",1.1375,1.13756
"exness","EURUSD","2026-09-25 05:45:31.986Z",1.13748,1.13754
"exness","EURUSD","2026-09-25 05:45:32.625Z",1.13747,1.13753
"exness","EURUSD","2026-09-25 05:45:33.642Z",1.13748,1.13754
"exness","EURUSD","2026-09-25 05:45:36.780Z",1.13747,1.13753
"exness","EURUSD","2026-09-25 05:45:37.887Z",1.13748,1.13754
"exness","EURUSD","2026-09-25 05:45:42.369Z",1.13747,1.13753
"exness","EURUSD","2026-09-25 05:45:45.477Z",1.13748,1.13754
"exness","EURUSD","2026-09-25 05:45:46.545Z",1.1374900000000001,1.13755
"exness","EURUSD","2026-09-25 05:45:48.099Z",1.1375,1.13756
"exness","EURUSD","2026-09-25 05:45:49.706Z",1.1374900000000001,1.13755
"exness","EURUSD","2026-09-25 05:45:55.978Z",1.13747,1.13753
"exness","EURUSD","2026-09-25 05:46:00.572Z",1.13746,1.13752
"exness","EURUSD","2026-09-25 05:46:08.253Z",1.13747,1.13753
"exness","EURUSD","2026-09-25 05:46:10.993Z",1.13746,1.13752
"exness","EURUSD","2026-09-25 05:46:12.069Z",1.13748,1.13754
"exness","EURUSD","2026-09-25 05:46:15.760Z",1.13747,1.13753
"exness","EURUSD","2026-09-25 05:46:16.921Z",1.13748,1.13754
"exness","EURUSD","2026-09-25 05:46:19.238Z",1.1375,1.13756
"exness","EURUSD","2026-09-25 05:46:20.210Z",1.13752,1.13758
"exness","EURUSD","2026-09-25 05:46:21.322Z",1.13751,1.13757
"exness","EURUSD","2026-09-25 05:46:23.626Z",1.1375,1.13756
"exness","EURUSD","2026-09-25 05:46:25.007Z",1.1374900000000001,1.13755
"exness","EURUSD","2026-09-25 05:46:26.262Z",1.1375,1.13756
"exness","EURUSD","2026-09-25 05:46:27.522Z",1.1374900000000001,1.13755
"exness","EURUSD","2026-09-25 05:46:30.380Z",1.13747,1.13753
"exness","EURUSD","2026-09-25 05:46:31.919Z",1.13746,1.13752
"exness","EURUSD","2026-09-25 05:46:34.820Z",1.13747,1.13753
"exness","EURUSD","2026-09-25 05:46:35.907Z",1.13746,1.13752
"exness","EURUSD","2026-09-25 05:46:38.627Z",1.13747,1.13753
"exness","EURUSD","2026-09-25 05:46:41.379Z",1.13748,1.13754
"exness","EURUSD","2026-09-25 05:46:57.616Z",1.13747,1.13753
"exness","EURUSD","2026-09-25 05:46:59.006Z",1.13746,1.13752
"exness","EURUSD","2026-09-25 05:47:01.375Z",1.13747,1.13753
"exness","EURUSD","2026-09-25 05:47:03.829Z",1.13746,1.13752
"exness","EURUSD","2026-09-25 05:47:06.072Z",1.13745,1.13751
"exness","EURUSD","2026-09-25 05:47:08.607Z",1.13746,1.13752
"exness","EURUSD","2026-09-25 05:47:09.721Z",1.13747,1.13753
"exness","EURUSD","2026-09-25 05:47:37.733Z",1.13748,1.13754
"exness","EURUSD","2026-09-25 05:47:39.209Z",1.13747,1.13753
"exness","EURUSD","2026-09-25 05:47:41.565Z",1.13748,1.13754
"exness","EURUSD","2026-09-25 05:47:51.696Z",1.13746,1.13752
"exness","EURUSD","2026-09-25 05:47:56.891Z",1.13747,1.13753
"exness","EURUSD","2026-09-25 05:48:02.320Z",1.13746,1.13752
"exness","EURUSD","2026-09-25 05:48:10.749Z",1.13745,1.13751
"exness","EURUSD","2026-09-25 05:48:25.057Z",1.13746,1.13752
"exness","EURUSD","2026-09-25 05:48:31.254Z",1.13747,1.13753
"exness","EURUSD","2026-09-25 05:48:32.717Z",1.13745,1.13751
"exness","EURUSD","2026-09-25 05:48:33.582Z",1.13748,1.13754
"exness","EURUSD","2026-09-25 05:48:33.586Z",1.1374900000000001,1.13755
"exness","EURUSD","2026-09-25 05:48:33.612Z",1.13751,1.13757
"exness","EURUSD","2026-09-25 05:48:33.827Z",1.13748,1.13754
"exness","EURUSD","2026-09-25 05:48:35.416Z",1.13746,1.13752
"exness","EURUSD","2026-09-25 05:48:38.402Z",1.13747,1.13753
"exness","EURUSD","2026-09-25 05:48:52.483Z",1.13746,1.13752
"exness","EURUSD","2026-09-25 05:48:53.678Z",1.13745,1.13751
"exness","EURUSD","2026-09-25 05:48:58.264Z",1.13747,1.13753
"exness","EURUSD","2026-09-25 05:48:59.464Z",1.13746,1.13752
"exness","EURUSD","2026-09-25 05:49:01.351Z",1.13747,1.13753
"exness","EURUSD","2026-09-25 05:49:05.645Z",1.13746,1.13752
"exness","EURUSD","2026-09-25 05:49:06.686Z",1.13747,1.13753
"exness","EURUSD","2026-09-25 05:49:08.884Z",1.13746,1.13752
"exness","EURUSD","2026-09-25 05:49:11.258Z",1.13747,1.13753
"exness","EURUSD","2026-09-25 05:49:17.840Z",1.13746,1.13752
"exness","EURUSD","2026-09-25 05:49:20.198Z",1.13744,1.1375
"exness","EURUSD","2026-09-25 05:49:20.276Z",1.13743,1.1374900000000001
"exness","EURUSD","2026-09-25 05:49:23.826Z",1.13742,1.13748
"exness","EURUSD","2026-09-25 05:49:34.741Z",1.13743,1.1374900000000001
"exness","EURUSD","2026-09-25 05:49:36.417Z",1.13742,1.13748
"exness","EURUSD","2026-09-25 05:49:36.473Z",1.1374,1.13746
"exness","EURUSD","2026-09-25 05:49:45.547Z",1.13738,1.13744
"exness","EURUSD","2026-09-25 05:49:47.386Z",1.13736,1.13742
"exness","EURUSD","2026-09-25 05:49:48.663Z",1.13737,1.13743
"exness","EURUSD","2026-09-25 05:49:54.464Z",1.13735,1.13741
"exness","EURUSD","2026-09-25 05:49:55.467Z",1.13733,1.13739
"exness","EURUSD","2026-09-25 05:49:57.308Z",1.13734,1.1374
"exness","EURUSD","2026-09-25 05:49:58.401Z",1.13735,1.13741
"exness","EURUSD","2026-09-25 05:49:59.864Z",1.13736,1.13742
"exness","EURUSD","2026-09-25 05:50:00.893Z",1.13738,1.13744
"exness","EURUSD","2026-09-25 05:50:01.950Z",1.13737,1.13743
"exness","EURUSD","2026-09-25 05:50:03.888Z",1.13736,1.13742
"exness","EURUSD","2026-09-25 05:50:05.700Z",1.13737,1.13743
"exness","EURUSD","2026-09-25 05:50:11.030Z",1.13736,1.13742
"exness","EURUSD","2026-09-25 05:50:12.009Z",1.13738,1.13744
"exness","EURUSD","2026-09-25 05:50:13.025Z",1.13737,1.13743
"exness","EURUSD","2026-09-25 05:50:14.863Z",1.13738,1.13744
"exness","EURUSD","2026-09-25 05:50:18.737Z",1.13739,1.13745
"exness","EURUSD","2026-09-25 05:50:21.393Z",1.13738,1.13744
"exness","EURUSD","2026-09-25 05:50:28.274Z",1.13739,1.13745
"exness","EURUSD","2026-09-25 05:50:35.820Z",1.13741,1.13747
"exness","EURUSD","2026-09-25 05:50:41.331Z",1.13742,1.13748
"exness","EURUSD","2026-09-25 05:50:41.976Z",1.13744,1.1375
"exness","EURUSD","2026-09-25 05:50:41.997Z",1.13745,1.13751
"exness","EURUSD","2026-09-25 05:50:43.174Z",1.13744,1.1375
"exness","EURUSD","2026-09-25 05:50:44.268Z",1.13743,1.1374900000000001
"exness","EURUSD","2026-09-25 05:50:49.715Z",1.13744,1.1375
"exness","EURUSD","2026-09-25 05:50:53.551Z",1.13743,1.1374900000000001
"exness","EURUSD","2026-09-25 05:50:57.174Z",1.13744,1.1375
"exness","EURUSD","2026-09-25 05:51:05.615Z",1.13745,1.13751
"exness","EURUSD","2026-09-25 05:51:07.093Z",1.13744,1.1375
"exness","EURUSD","2026-09-25 05:51:08.173Z",1.13743,1.1374900000000001
"exness","EURUSD","2026-09-25 05:51:11.238Z",1.13744,1.1375
"exness","EURUSD","2026-09-25 05:51:15.133Z",1.13743,1.1374900000000001
"exness","EURUSD","2026-09-25 05:51:16.169Z",1.13744,1.1375
"exness","EURUSD","2026-09-25 05:51:16.550Z",1.13742,1.13748
"exness","EURUSD","2026-09-25 05:51:17.995Z",1.13743,1.1374900000000001
"exness","EURUSD","2026-09-25 05:51:20.436Z",1.13742,1.13748
"exness","EURUSD","2026-09-25 05:51:22.687Z",1.13743,1.1374900000000001
"exness","EURUSD","2026-09-25 05:51:27.394Z",1.13744,1.1375
"exness","EURUSD","2026-09-25 05:51:28.501Z",1.13743,1.1374900000000001
"exness","EURUSD","2026-09-25 05:51:29.956Z",1.13744,1.1375
"exness","EURUSD","2026-09-25 05:51:35.942Z",1.13745,1.13751
"exness","EURUSD","2026-09-25 05:51:37.143Z",1.13744,1.1375
"exness","EURUSD","2026-09-25 05:51:45.323Z",1.13743,1.1374900000000001
"exness","EURUSD","2026-09-25 05:51:46.490Z",1.13744,1.1375
"exness","EURUSD","2026-09-25 05:51:47.667Z",1.13745,1.13751
"exness","EURUSD","2026-09-25 05:51:47.853Z",1.13746,1.13752
"exness","EURUSD","2026-09-25 05:51:50.060Z",1.13745,1.13751
"exness","EURUSD","2026-09-25 05:51:52.473Z",1.13746,1.13752
"exness","EURUSD","2026-09-25 05:51:53.537Z",1.13745,1.13751
"exness","EURUSD","2026-09-25 05:51:54.808Z",1.13747,1.13753
"exness","EURUSD","2026-09-25 05:51:54.844Z",1.1374900000000001,1.13755
"exness","EURUSD","2026-09-25 05:51:54.882Z",1.1375,1.13756
"exness","EURUSD","2026-09-25 05:51:54.987Z",1.13752,1.13758
"exness","EURUSD","2026-09-25 05:51:55.112Z",1.13753,1.1375899999999999
"exness","EURUSD","2026-09-25 05:51:58.818Z",1.13755,1.13761
"exness","EURUSD","2026-09-25 05:52:00.269Z",1.13754,1.1376
"exness","EURUSD","2026-09-25 05:52:01.476Z",1.13753,1.1375899999999999
"exness","EURUSD","2026-09-25 05:52:11.347Z",1.13755,1.13761
"exness","EURUSD","2026-09-25 05:52:12.228Z",1.13757,1.13763
"exness","EURUSD","2026-09-25 05:52:12.628Z",1.1375899999999999,1.13765
"exness","EURUSD","2026-09-25 05:52:12.782Z",1.1376,1.13766
"exness","EURUSD","2026-09-25 05:52:13.938Z",1.1375899999999999,1.13765
"exness","EURUSD","2026-09-25 05:52:14.829Z",1.13757,1.13763
"exness","EURUSD","2026-09-25 05:52:14.966Z",1.13755,1.13761
"exness","EURUSD","2026-09-25 05:52:15.969Z",1.13756,1.13762
"exness","EURUSD","2026-09-25 05:52:22.019Z",1.13755,1.13761
"exness","EURUSD","2026-09-25 05:52:22.141Z",1.13757,1.13763
"exness","EURUSD","2026-09-25 05:52:23.205Z",1.13758,1.13764
"exness","EURUSD","2026-09-25 05:52:28.781Z",1.13756,1.13762
"exness","EURUSD","2026-09-25 05:52:29.960Z",1.13758,1.13764
"exness","EURUSD","2026-09-25 05:52:33.524Z",1.13757,1.13763
"exness","EURUSD","2026-09-25 05:52:39.795Z",1.13758,1.13764
"exness","EURUSD","2026-09-25 05:52:48.828Z",1.13756,1.13762
"exness","EURUSD","2026-09-25 05:52:53.435Z",1.13757,1.13763
"exness","EURUSD","2026-09-25 05:52:56.742Z",1.13755,1.13761
"exness","EURUSD","2026-09-25 05:52:56.923Z",1.13754,1.1376
"exness","EURUSD","2026-09-25 05:52:58.000Z",1.13753,1.1375899999999999
"exness","EURUSD","2026-09-25 05:52:58.971Z",1.13752,1.13758
"exness","EURUSD","2026-09-25 05:53:05.518Z",1.13753,1.1375899999999999
"exness","EURUSD","2026-09-25 05:53:10.876Z",1.13754,1.1376
"exness","EURUSD","2026-09-25 05:53:14.242Z",1.13752,1.13758
"exness","EURUSD","2026-09-25 05:53:17.972Z",1.13751,1.13757
"exness","EURUSD","2026-09-25 05:53:18.976Z",1.13753,1.1375899999999999
"exness","EURUSD","2026-09-25 05:53:20.845Z",1.13752,1.13758
"exness","EURUSD","2026-09-25 05:53:22.985Z",1.13751,1.13757
"exness","EURUSD","2026-09-25 05:53:24.375Z",1.13752,1.13758
"exness","EURUSD","2026-09-25 05:53:26.760Z",1.13751,1.13757
"exness","EURUSD","2026-09-25 05:53:27.426Z",1.13753,1.1375899999999999
"exness","EURUSD","2026-09-25 05:53:29.958Z",1.13755,1.13761
"exness","EURUSD","2026-09-25 05:53:36.469Z",1.13754,1.1376
"exness","EURUSD","2026-09-25 05:53:39.939Z",1.13753,1.1375899999999999
"exness","EURUSD","2026-09-25 05:53:58.044Z",1.13751,1.13757
"exness","EURUSD","2026-09-25 05:53:59.795Z",1.13752,1.13758
"exness","EURUSD","2026-09-25 05:54:05.151Z",1.13753,1.1375899999999999
"exness","EURUSD","2026-09-25 05:54:06.508Z",1.13752,1.13758
"exness","EURUSD","2026-09-25 05:54:20.774Z",1.13753,1.1375899999999999
"exness","EURUSD","2026-09-25 05:54:22.025Z",1.13755,1.13761
"exness","EURUSD","2026-09-25 05:54:22.090Z",1.13756,1.13762
"exness","EURUSD","2026-09-25 05:54:22.141Z",1.13758,1.13764
"exness","EURUSD","2026-09-25 05:54:23.247Z",1.1375899999999999,1.13765
"exness","EURUSD","2026-09-25 05:54:23.657Z",1.1376,1.13766
"exness","EURUSD","2026-09-25 05:54:26.864Z",1.13758,1.13764
"exness","EURUSD","2026-09-25 05:54:28.243Z",1.13756,1.13762
"exness","EURUSD","2026-09-25 05:54:33.868Z",1.13757,1.13763
"exness","EURUSD","2026-09-25 05:54:39.950Z",1.13755,1.13761
"exness","EURUSD","2026-09-25 05:54:40.880Z",1.13753,1.1375899999999999
"exness","EURUSD","2026-09-25 05:54:41.910Z",1.13754,1.1376
"exness","EURUSD","2026-09-25 05:54:47.124Z",1.13755,1.13761
"exness","EURUSD","2026-09-25 05:54:51.361Z",1.13754,1.1376
"exness","EURUSD","2026-09-25 05:54:53.704Z",1.13755,1.13761
"exness","EURUSD","2026-09-25 05:54:54.728Z",1.13756,1.13762
"exness","EURUSD","2026-09-25 05:54:56.507Z",1.13755,1.13761
"exness","EURUSD","2026-09-25 05:54:59.210Z",1.13753,1.1375899999999999
"exness","EURUSD","2026-09-25 05:54:59.455Z",1.13752,1.13758
"exness","EURUSD","2026-09-25 05:55:00.066Z",1.1375,1.13756
"exness","EURUSD","2026-09-25 05:55:00.145Z",1.1374900000000001,1.13755
"exness","EURUSD","2026-09-25 05:55:00.157Z",1.13748,1.13754
"exness","EURUSD","2026-09-25 05:55:01.167Z",1.13747,1.13753
"exness","EURUSD","2026-09-25 05:55:02.508Z",1.13748,1.13754
"exness","EURUSD","2026-09-25 05:55:04.114Z",1.13747,1.13753
"exness","EURUSD","2026-09-25 05:55:06.602Z",1.13745,1.13751
"exness","EURUSD","2026-09-25 05:55:06.648Z",1.13744,1.1375
"exness","EURUSD","2026-09-25 05:55:06.670Z",1.13742,1.13748
"exness","EURUSD","2026-09-25 05:55:08.338Z",1.1374,1.13746
"exness","EURUSD","2026-09-25 05:55:10.588Z",1.13742,1.13748
"exness","EURUSD","2026-09-25 05:55:16.273Z",1.13741,1.13747
"exness","EURUSD","2026-09-25 05:55:22.936Z",1.13739,1.13745
"exness","EURUSD","2026-09-25 05:55:24.108Z",1.13741,1.13747
"exness","EURUSD","2026-09-25 05:55:24.337Z",1.13743,1.1374900000000001
"exness","EURUSD","2026-09-25 05:55:25.573Z",1.13742,1.13748
"exness","EURUSD","2026-09-25 05:55:26.685Z",1.13741,1.13747
"exness","EURUSD","2026-09-25 05:55:27.462Z",1.13739,1.13745
"exness","EURUSD","2026-09-25 05:55:28.528Z",1.1374,1.13746
"exness","EURUSD","2026-09-25 05:55:30.167Z",1.13739,1.13745
"exness","EURUSD","2026-09-25 05:55:31.418Z",1.1374,1.13746
"exness","EURUSD","2026-09-25 05:55:31.465Z",1.13742,1.13748
"exness","EURUSD","2026-09-25 05:55:33.950Z",1.13743,1.1374900000000001
"exness","EURUSD","2026-09-25 05:55:34.040Z",1.13745,1.13751
"exness","EURUSD","2026-09-25 05:55:37.131Z",1.13744,1.1375
"exness","EURUSD","2026-09-25 05:55:40.769Z",1.13745,1.13751
"exness","EURUSD","2026-09-25 05:55:41.929Z",1.13744,1.1375
"exness","EURUSD","2026-09-25 05:55:42.970Z",1.13743,1.1374900000000001
"exness","EURUSD","2026-09-25 05:55:44.053Z",1.13742,1.13748
"exness","EURUSD","2026-09-25 05:55:45.127Z",1.13741,1.13747
"exness","EURUSD","2026-09-25 05:55:45.379Z",1.1374,1.13746
"exness","EURUSD","2026-09-25 05:55:46.655Z",1.13739,1.13745
"exness","EURUSD","2026-09-25 05:55:48.268Z",1.13737,1.13743
"exness","EURUSD","2026-09-25 05:55:49.339Z",1.13736,1.13742
"exness","EURUSD","2026-09-25 05:55:52.162Z",1.13734,1.1374
"exness","EURUSD","2026-09-25 05:55:52.196Z",1.13733,1.13739
"exness","EURUSD","2026-09-25 05:55:52.240Z",1.1373199999999999,1.13738
"exness","EURUSD","2026-09-25 05:55:54.287Z",1.13735,1.13741
"exness","EURUSD","2026-09-25 05:55:57.083Z",1.13734,1.1374
"exness","EURUSD","2026-09-25 05:55:58.110Z",1.13733,1.13739
"exness","EURUSD","2026-09-25 05:55:59.588Z",1.13735,1.13741
"exness","EURUSD","2026-09-25 05:56:04.782Z",1.13734,1.1374
"exness","EURUSD","2026-09-25 05:56:06.919Z",1.13736,1.13742
"exness","EURUSD","2026-09-25 05:56:08.770Z",1.13737,1.13743
"exness","EURUSD","2026-09-25 05:56:14.784Z",1.13736,1.13742
"exness","EURUSD","2026-09-25 05:56:17.277Z",1.13735,1.13741
"exness","EURUSD","2026-09-25 05:56:17.577Z",1.13733,1.13739
"exness","EURUSD","2026-09-25 05:56:20.174Z",1.13734,1.1374
"exness","EURUSD","2026-09-25 05:56:21.270Z",1.13735,1.13741
"exness","EURUSD","2026-09-25 05:56:25.078Z",1.13734,1.1374
"exness","EURUSD","2026-09-25 05:56:26.838Z",1.13736,1.13742
"exness","EURUSD","2026-09-25 05:56:28.062Z",1.13737,1.13743
"exness","EURUSD","2026-09-25 05:56:29.421Z",1.13736,1.13742
"exness","EURUSD","2026-09-25 05:56:36.619Z",1.13735,1.13741
"exness","EURUSD","2026-09-25 05:56:40.122Z",1.13736,1.13742
"exness","EURUSD","2026-09-25 05:56:41.545Z",1.13735,1.13741
"exness","EURUSD","2026-09-25 05:56:45.072Z",1.13736,1.13742
"exness","EURUSD","2026-09-25 05:56:46.078Z",1.13737,1.13743
"exness","EURUSD","2026-09-25 05:56:48.936Z",1.13736,1.13742
"exness","EURUSD","2026-09-25 05:56:54.240Z",1.13735,1.13741
"exness","EURUSD","2026-09-25 05:56:54.329Z",1.13733,1.13739
"exness","EURUSD","2026-09-25 05:56:54.533Z",1.13731,1.13737
"exness","EURUSD","2026-09-25 05:56:56.042Z",1.1373199999999999,1.13738
"exness","EURUSD","2026-09-25 05:56:59.893Z",1.13731,1.13737
"exness","EURUSD","2026-09-25 05:57:02.248Z",1.1373199999999999,1.13738
"exness","EURUSD","2026-09-25 05:57:10.775Z",1.1373,1.13736
"exness","EURUSD","2026-09-25 05:57:11.815Z",1.13729,1.13735
"exness","EURUSD","2026-09-25 05:57:15.084Z",1.1373,1.13736
"exness","EURUSD","2026-09-25 05:57:22.543Z",1.13729,1.13735
"exness","EURUSD","2026-09-25 05:57:25.691Z",1.13727,1.13733
"exness","EURUSD","2026-09-25 05:57:25.864Z",1.13726,1.1373199999999999
"exness","EURUSD","2026-09-25 05:57:26.978Z",1.13727,1.13733
"exness","EURUSD","2026-09-25 05:57:30.339Z",1.13729,1.13735
"exness","EURUSD","2026-09-25 05:57:30.358Z",1.13731,1.13737
"exness","EURUSD","2026-09-25 05:57:44.787Z",1.1373,1.13736
"exness","EURUSD","2026-09-25 05:57:48.008Z",1.13733,1.13739
"exness","EURUSD","2026-09-25 05:57:51.476Z",1.1373199999999999,1.13738
"exness","EURUSD","2026-09-25 05:57:54.185Z",1.1373,1.13736
"exness","EURUSD","2026-09-25 05:57:55.184Z",1.13731,1.13737
"exness","EURUSD","2026-09-25 05:58:01.462Z",1.1373199999999999,1.13738
"exness","EURUSD","2026-09-25 05:58:02.892Z",1.13734,1.1374
"exness","EURUSD","2026-09-25 05:58:05.559Z",1.1373199999999999,1.13738
"exness","EURUSD","2026-09-25 05:58:05.809Z",1.1373,1.13736
"exness","EURUSD","2026-09-25 05:58:06.809Z",1.13731,1.13737
"exness","EURUSD","2026-09-25 05:58:07.817Z",1.1373199999999999,1.13738
"exness","EURUSD","2026-09-25 05:58:08.385Z",1.13734,1.1374
"exness","EURUSD","2026-09-25 05:58:08.534Z",1.13735,1.13741
"exness","EURUSD","2026-09-25 05:58:08.826Z",1.13737,1.13743
"exness","EURUSD","2026-09-25 05:58:08.894Z",1.13738,1.13744
"exness","EURUSD","2026-09-25 05:58:08.924Z",1.1374,1.13746
"exness","EURUSD","2026-09-25 05:58:08.975Z",1.13741,1.13747
"exness","EURUSD","2026-09-25 05:58:09.015Z",1.13742,1.13748
"exness","EURUSD","2026-09-25 05:58:10.086Z",1.13744,1.1375
"exness","EURUSD","2026-09-25 05:58:12.054Z",1.13743,1.1374900000000001
"exness","EURUSD","2026-09-25 05:58:14.254Z",1.13744,1.1375
"exness","EURUSD","2026-09-25 05:58:17.048Z",1.13746,1.13752
"exness","EURUSD","2026-09-25 05:58:18.104Z",1.13747,1.13753
"exness","EURUSD","2026-09-25 05:58:19.747Z",1.13746,1.13752
"exness","EURUSD","2026-09-25 05:58:22.804Z",1.13747,1.13753
"exness","EURUSD","2026-09-25 05:58:24.668Z",1.13746,1.13752
"exness","EURUSD","2026-09-25 05:58:25.700Z",1.13745,1.13751
"exness","EURUSD","2026-09-25 05:58:27.045Z",1.13744,1.1375
"exness","EURUSD","2026-09-25 05:58:28.052Z",1.13745,1.13751
"exness","EURUSD","2026-09-25 05:58:28.134Z",1.13747,1.13753
"exness","EURUSD","2026-09-25 05:58:30.661Z",1.13746,1.13752
"exness","EURUSD","2026-09-25 05:58:39.021Z",1.13745,1.13751
"exness","EURUSD","2026-09-25 05:58:40.319Z",1.13747,1.13753
"exness","EURUSD","2026-09-25 05:58:41.316Z",1.1374900000000001,1.13755
"exness","EURUSD","2026-09-25 05:58:41.664Z",1.13746,1.13752
"exness","EURUSD","2026-09-25 05:58:42.958Z",1.13745,1.13751
"exness","EURUSD","2026-09-25 05:58:44.057Z",1.13744,1.1375
"exness","EURUSD","2026-09-25 05:58:46.931Z",1.13745,1.13751
"exness","EURUSD","2026-09-25 05:58:49.621Z",1.13746,1.13752
"exness","EURUSD","2026-09-25 05:58:52.339Z",1.13748,1.13754
"exness","EURUSD","2026-09-25 05:58:53.541Z",1.13747,1.13753
"exness","EURUSD","2026-09-25 05:59:02.216Z",1.1374900000000001,1.13755
"exness","EURUSD","2026-09-25 05:59:04.582Z",1.13748,1.13754
"exness","EURUSD","2026-09-25 05:59:05.587Z",1.13747,1.13753
"exness","EURUSD","2026-09-25 05:59:06.944Z",1.1374900000000001,1.13755
"exness","EURUSD","2026-09-25 05:59:09.693Z",1.13747,1.13753
"exness","EURUSD","2026-09-25 05:59:12.912Z",1.1374900000000001,1.13755
"exness","EURUSD","2026-09-25 05:59:13.987Z",1.13747,1.13753
"exness","EURUSD","2026-09-25 05:59:16.340Z",1.13748,1.13754
"exness","EURUSD","2026-09-25 05:59:17.408Z",1.13747,1.13753
"exness","EURUSD","2026-09-25 05:59:19.702Z",1.13748,1.13754
"exness","EURUSD","2026-09-25 05:59:23.955Z",1.13746,1.13752
"exness","EURUSD","2026-09-25 05:59:27.180Z",1.13747,1.13753
"exness","EURUSD","2026-09-25 05:59:40.457Z",1.13746,1.13752
"exness","EURUSD","2026-09-25 05:59:42.401Z",1.13747,1.13753
"exness","EURUSD","2026-09-25 05:59:52.121Z",1.1374900000000001,1.13755
"exness","EURUSD","2026-09-25 05:59:53.533Z",1.1375,1.13756
"exness","EURUSD","2026-09-25 05:59:56.598Z",1.1374900000000001,1.13755
"exness","EURUSD","2026-09-25 05:59:57.902Z",1.1375,1.13756
"exness","EURUSD","2026-09-25 06:00:00.083Z",1.1374900000000001,1.13755
"exness","EURUSD","2026-09-25 06:00:01.082Z",1.13751,1.13757
"exness","EURUSD","2026-09-25 06:00:02.173Z",1.1374900000000001,1.13755
"exness","EURUSD","2026-09-25 06:00:02.648Z",1.13752,1.13758
"exness","EURUSD","2026-09-25 06:00:03.481Z",1.13754,1.1376
"exness","EURUSD","2026-09-25 06:00:04.081Z",1.13756,1.13762
"exness","EURUSD","2026-09-25 06:00:04.304Z",1.13757,1.13763
"exness","EURUSD","2026-09-25 06:00:05.319Z",1.1375899999999999,1.13765
"exness","EURUSD","2026-09-25 06:00:05.361Z",1.1376,1.13766
"exness","EURUSD","2026-09-25 06:00:05.487Z",1.13761,1.13767
"exness","EURUSD","2026-09-25 06:00:06.914Z",1.13758,1.13764
"exness","EURUSD","2026-09-25 06:00:06.934Z",1.13756,1.13762
"exness","EURUSD","2026-09-25 06:00:10.292Z",1.13755,1.13761
"exness","EURUSD","2026-09-25 06:00:13.590Z",1.13754,1.1376
"exness","EURUSD","2026-09-25 06:00:14.619Z",1.13753,1.1375899999999999
"exness","EURUSD","2026-09-25 06:00:15.822Z",1.13755,1.13761
"exness","EURUSD","2026-09-25 06:00:17.051Z",1.13757,1.13763
"exness","EURUSD","2026-09-25 06:00:18.301Z",1.13758,1.13764
"exness","EURUSD","2026-09-25 06:00:19.648Z",1.13757,1.13763
"exness","EURUSD","2026-09-25 06:00:21.498Z",1.1375899999999999,1.13765
"exness","EURUSD","2026-09-25 06:00:25.078Z",1.13758,1.13764
"exness","EURUSD","2026-09-25 06:00:26.630Z",1.1375899999999999,1.13765
"exness","EURUSD","2026-09-25 06:00:30.477Z",1.13758,1.13764
"exness","EURUSD","2026-09-25 06:00:31.202Z",1.13756,1.13762
"exness","EURUSD","2026-09-25 06:00:31.247Z",1.13754,1.1376
"exness","EURUSD","2026-09-25 06:00:32.459Z",1.13753,1.1375899999999999
"exness","EURUSD","2026-09-25 06:00:32.541Z",1.13752,1.13758
"exness","EURUSD","2026-09-25 06:00:33.631Z",1.13751,1.13757
"exness","EURUSD","2026-09-25 06:00:34.819Z",1.13752,1.13758
"exness","EURUSD","2026-09-25 06:00:36.845Z",1.13753,1.1375899999999999
"exness","EURUSD","2026-09-25 06:00:43.123Z",1.13752,1.13758
"exness","EURUSD","2026-09-25 06:00:44.496Z",1.1375,1.13756
"exness","EURUSD","2026-09-25 06:00:48.673Z",1.13748,1.13754
"exness","EURUSD","2026-09-25 06:00:54.373Z",1.13747,1.13753
"exness","EURUSD","2026-09-25 06:00:59.509Z",1.13748,1.13754
"exness","EURUSD","2026-09-25 06:01:00.611Z",1.1375,1.13756
"exness","EURUSD","2026-09-25 06:01:00.645Z",1.13751,1.13757
"exness","EURUSD","2026-09-25 06:01:01.543Z",1.13753,1.1375899999999999
"exness","EURUSD","2026-09-25 06:01:03.017Z",1.13752,1.13758
"exness","EURUSD","2026-09-25 06:01:14.662Z",1.13751,1.13757
"exness","EURUSD","2026-09-25 06:01:16.633Z",1.13752,1.13758
"exness","EURUSD","2026-09-25 06:01:20.771Z",1.13755,1.13761
"exness","EURUSD","2026-09-25 06:01:20.839Z",1.13756,1.13762
"exness","EURUSD","2026-09-25 06:01:20.893Z",1.13757,1.13763
"exness","EURUSD","2026-09-25 06:01:23.044Z",1.13756,1.13762
"exness","EURUSD","2026-09-25 06:01:24.137Z",1.13758,1.13764
"exness","EURUSD","2026-09-25 06:01:27.469Z",1.13757,1.13763
"exness","EURUSD","2026-09-25 06:01:29.920Z",1.13756,1.13762
"exness","EURUSD","2026-09-25 06:01:32.750Z",1.13757,1.13763
"exness","EURUSD","2026-09-25 06:01:40.627Z",1.13758,1.13764
"exness","EURUSD","2026-09-25 06:01:52.062Z",1.13757,1.13763
"exness","EURUSD","2026-09-25 06:01:59.379Z",1.1375899999999999,1.13765
"exness","EURUSD","2026-09-25 06:01:59.536Z",1.13761,1.13767
"exness","EURUSD","2026-09-25 06:01:59.591Z",1.13763,1.13769
"exness","EURUSD","2026-09-25 06:02:01.702Z",1.13764,1.1377
"exness","EURUSD","2026-09-25 06:02:02.793Z",1.13763,1.13769
"exness","EURUSD","2026-09-25 06:02:03.100Z",1.13761,1.13767
"exness","EURUSD","2026-09-25 06:02:06.137Z",1.13762,1.13768
"exness","EURUSD","2026-09-25 06:02:16.045Z",1.13761,1.13767
"exness","EURUSD","2026-09-25 06:02:18.206Z",1.13764,1.1377
"exness","EURUSD","2026-09-25 06:02:19.601Z",1.13763,1.13769
"exness","EURUSD","2026-09-25 06:02:21.144Z",1.13764,1.1377
"exness","EURUSD","2026-09-25 06:02:34.039Z",1.13765,1.13771
"exness","EURUSD","2026-09-25 06:02:35.070Z",1.13761,1.13767
"exness","EURUSD","2026-09-25 06:02:36.379Z",1.13762,1.13768
"exness","EURUSD","2026-09-25 06:02:39.756Z",1.13761,1.13767
"exness","EURUSD","2026-09-25 06:02:40.063Z",1.1375899999999999,1.13765
"exness","EURUSD","2026-09-25 06:02:40.090Z",1.13758,1.13764
"exness","EURUSD","2026-09-25 06:02:41.564Z",1.1375899999999999,1.13765
"exness","EURUSD","2026-09-25 06:02:42.863Z",1.13757,1.13763
"exness","EURUSD","2026-09-25 06:02:42.936Z",1.13756,1.13762
"exness","EURUSD","2026-09-25 06:02:44.904Z",1.13757,1.13763
"exness","EURUSD","2026-09-25 06:02:47.066Z",1.1376,1.13766
"exness","EURUSD","2026-09-25 06:02:47.082Z",1.13761,1.13767
"exness","EURUSD","2026-09-25 06:02:47.103Z",1.13763,1.13769
"exness","EURUSD","2026-09-25 06:02:49.218Z",1.13761,1.13767
"exness","EURUSD","2026-09-25 06:02:50.432Z",1.13762,1.13768
"exness","EURUSD","2026-09-25 06:03:06.123Z",1.1376,1.13766
"exness","EURUSD","2026-09-25 06:03:07.208Z",1.13762,1.13768
"exness","EURUSD","2026-09-25 06:03:08.398Z",1.13763,1.13769
"exness","EURUSD","2026-09-25 06:03:11.740Z",1.13762,1.13768
"exness","EURUSD","2026-09-25 06:03:14.877Z",1.13761,1.13767
"exness","EURUSD","2026-09-25 06:03:15.893Z",1.13763,1.13769
"exness","EURUSD","2026-09-25 06:03:23.042Z",1.13764,1.1377
"exness","EURUSD","2026-09-25 06:03:34.341Z",1.13762,1.13768
"exness","EURUSD","2026-09-25 06:03:37.675Z",1.13763,1.13769
"exness","EURUSD","2026-09-25 06:03:40.436Z",1.13764,1.1377
"exness","EURUSD","2026-09-25 06:03:45.824Z",1.13763,1.13769
"exness","EURUSD","2026-09-25 06:03:51.197Z",1.13764,1.1377
"exness","EURUSD","2026-09-25 06:04:02.484Z",1.13763,1.13769
"exness","EURUSD","2026-09-25 06:04:02.689Z",1.13761,1.13767
"exness","EURUSD","2026-09-25 06:04:04.899Z",1.13762,1.13768
"exness","EURUSD","2026-09-25 06:04:06.834Z",1.13763,1.13769
"exness","EURUSD","2026-09-25 06:04:07.847Z",1.13761,1.13767
"exness","EURUSD","2026-09-25 06:04:08.579Z",1.1375899999999999,1.13765
"exness","EURUSD","2026-09-25 06:04:09.145Z",1.13758,1.13764
"exness","EURUSD","2026-09-25 06:04:12.313Z",1.1375899999999999,1.13765
"exness","EURUSD","2026-09-25 06:04:17.113Z",1.13758,1.13764
"exness","EURUSD","2026-09-25 06:04:27.011Z",1.1375899999999999,1.13765
"exness","EURUSD","2026-09-25 06:04:28.744Z",1.13758,1.13764
"exness","EURUSD","2026-09-25 06:04:33.005Z",1.1376,1.13766
"exness","EURUSD","2026-09-25 06:04:35.949Z",1.13762,1.13768
"exness","EURUSD","2026-09-25 06:04:37.591Z",1.13764,1.1377
"exness","EURUSD","2026-09-25 06:04:38.222Z",1.13765,1.13771
"exness","EURUSD","2026-09-25 06:04:40.124Z",1.13767,1.13773
"exness","EURUSD","2026-09-25 06:04:40.198Z",1.13768,1.13774
"exness","EURUSD","2026-09-25 06:04:42.051Z",1.13766,1.13772
"exness","EURUSD","2026-09-25 06:04:44.545Z",1.13764,1.1377
"exness","EURUSD","2026-09-25 06:04:44.606Z",1.13762,1.13768
"exness","EURUSD","2026-09-25 06:04:47.845Z",1.13763,1.13769
"exness","EURUSD","2026-09-25 06:04:51.132Z",1.13765,1.13771
"exness","EURUSD","2026-09-25 06:04:52.559Z",1.13766,1.13772
"exness","EURUSD","2026-09-25 06:04:55.493Z",1.13769,1.13775
"exness","EURUSD","2026-09-25 06:04:55.503Z",1.1377,1.13776
"exness","EURUSD","2026-09-25 06:04:55.526Z",1.13772,1.13778
"exness","EURUSD","2026-09-25 06:04:55.607Z",1.13773,1.13779
"exness","EURUSD","2026-09-25 06:05:03.954Z",1.13772,1.13778
"exness","EURUSD","2026-09-25 06:05:08.730Z",1.13771,1.13777
"exness","EURUSD","2026-09-25 06:05:08.735Z",1.13769,1.13775
"exness","EURUSD","2026-09-25 06:05:09.034Z",1.13768,1.13774
"exness","EURUSD","2026-09-25 06:05:13.670Z",1.1377,1.13776
"exness","EURUSD","2026-09-25 06:05:13.696Z",1.13772,1.13778
"exness","EURUSD","2026-09-25 06:05:13.795Z",1.13773,1.13779
"exness","EURUSD","2026-09-25 06:05:26.737Z",1.13771,1.13777
"exness","EURUSD","2026-09-25 06:05:31.260Z",1.13769,1.13775
"exness","EURUSD","2026-09-25 06:05:31.321Z",1.13768,1.13774
"exness","EURUSD","2026-09-25 06:05:32.396Z",1.13767,1.13773
"exness","EURUSD","2026-09-25 06:05:33.697Z",1.13768,1.13774
"exness","EURUSD","2026-09-25 06:05:33.847Z",1.13766,1.13772
"exness","EURUSD","2026-09-25 06:05:35.438Z",1.13768,1.13774
"exness","EURUSD","2026-09-25 06:05:38.387Z",1.1377,1.13776
"exness","EURUSD","2026-09-25 06:05:39.524Z",1.13771,1.13777
"exness","EURUSD","2026-09-25 06:05:40.127Z",1.13768,1.13774
"exness","EURUSD","2026-09-25 06:05:41.402Z",1.1377,1.13776
"exness","EURUSD","2026-09-25 06:05:45.179Z",1.13768,1.13774
"exness","EURUSD","2026-09-25 06:05:48.368Z",1.13767,1.13773
"exness","EURUSD","2026-09-25 06:05:48.991Z",1.13766,1.13772
"exness","EURUSD","2026-09-25 06:05:52.175Z",1.13767,1.13773
"exness","EURUSD","2026-09-25 06:05:55.881Z",1.13766,1.13772
"exness","EURUSD","2026-09-25 06:05:57.334Z",1.13767,1.13773
"exness","EURUSD","2026-09-25 06:05:57.999Z",1.13765,1.13771
"exness","EURUSD","2026-09-25 06:05:58.219Z",1.13767,1.13773
"exness","EURUSD","2026-09-25 06:05:59.226Z",1.13768,1.13774
"exness","EURUSD","2026-09-25 06:06:01.229Z",1.13767,1.13773
"exness","EURUSD","2026-09-25 06:06:03.739Z",1.13768,1.13774
"exness","EURUSD","2026-09-25 06:06:09.658Z",1.1377,1.13776
"exness","EURUSD","2026-09-25 06:06:09.682Z",1.13772,1.13778
"exness","EURUSD","2026-09-25 06:06:09.958Z",1.13774,1.1378
"exness","EURUSD","2026-09-25 06:06:11.127Z",1.13773,1.13779
"exness","EURUSD","2026-09-25 06:06:12.219Z",1.13774,1.1378
"exness","EURUSD","2026-09-25 06:06:13.408Z",1.13772,1.13778
"exness","EURUSD","2026-09-25 06:06:14.380Z",1.1377,1.13776
"exness","EURUSD","2026-09-25 06:06:15.843Z",1.13769,1.13775
"exness","EURUSD","2026-09-25 06:06:16.909Z",1.1377,1.13776
"exness","EURUSD","2026-09-25 06:06:18.900Z",1.13771,1.13777
"exness","EURUSD","2026-09-25 06:06:19.168Z",1.13773,1.13779
"exness","EURUSD","2026-09-25 06:06:24.841Z",1.13774,1.1378
"exness","EURUSD","2026-09-25 06:06:25.662Z",1.13775,1.13781
"exness","EURUSD","2026-09-25 06:06:26.894Z",1.13773,1.13779
"exness","EURUSD","2026-09-25 06:06:43.422Z",1.13772,1.13778
"exness","EURUSD","2026-09-25 06:06:57.880Z",1.13771,1.13777
"exness","EURUSD","2026-09-25 06:07:00.862Z",1.13772,1.13778
"exness","EURUSD","2026-09-25 06:07:02.925Z",1.13774,1.1378
"exness","EURUSD","2026-09-25 06:07:09.813Z",1.13773,1.13779
"exness","EURUSD","2026-09-25 06:07:10.472Z",1.13775,1.13781
"exness","EURUSD","2026-09-25 06:07:10.993Z",1.13773,1.13779
"exness","EURUSD","2026-09-25 06:07:11.998Z",1.13772,1.13778
"exness","EURUSD","2026-09-25 06:07:13.162Z",1.13773,1.13779
"exness","EURUSD","2026-09-25 06:07:14.209Z",1.13771,1.13777
"exness","EURUSD","2026-09-25 06:07:14.274Z",1.1377,1.13776
"exness","EURUSD","2026-09-25 06:07:14.368Z",1.13768,1.13774
"exness","EURUSD","2026-09-25 06:07:14.433Z",1.13767,1.13773
"exness","EURUSD","2026-09-25 06:07:15.846Z",1.13768,1.13774
"exness","EURUSD","2026-09-25 06:07:16.906Z",1.13769,1.13775
"exness","EURUSD","2026-09-25 06:07:32.081Z",1.13768,1.13774
"exness","EURUSD","2026-09-25 06:07:34.911Z",1.13769,1.13775
"exness","EURUSD","2026-09-25 06:07:46.307Z",1.13771,1.13777
"exness","EURUSD","2026-09-25 06:07:46.471Z",1.13773,1.13779
"exness","EURUSD","2026-09-25 06:07:47.555Z",1.13772,1.13778
"exness","EURUSD","2026-09-25 06:07:54.948Z",1.13771,1.13777
"exness","EURUSD","2026-09-25 06:07:57.219Z",1.13769,1.13775
"exness","EURUSD","2026-09-25 06:07:57.843Z",1.13772,1.13778
"exness","EURUSD","2026-09-25 06:08:00.269Z",1.1377,1.13776
"exness","EURUSD","2026-09-25 06:08:00.438Z",1.13768,1.13774
"exness","EURUSD","2026-09-25 06:08:01.558Z",1.13769,1.13775
"exness","EURUSD","2026-09-25 06:08:11.368Z",1.13767,1.13773
"exness","EURUSD","2026-09-25 06:08:12.524Z",1.13769,1.13775
"exness","EURUSD","2026-09-25 06:08:13.830Z",1.13768,1.13774
"exness","EURUSD","2026-09-25 06:08:18.224Z",1.13769,1.13775
"exness","EURUSD","2026-09-25 06:08:24.585Z",1.13768,1.13774
"exness","EURUSD","2026-09-25 06:08:27.245Z",1.1377,1.13776
"exness","EURUSD","2026-09-25 06:08:27.901Z",1.13772,1.13778
"exness","EURUSD","2026-09-25 06:08:28.359Z",1.13774,1.1378
"exness","EURUSD","2026-09-25 06:08:29.379Z",1.13775,1.13781
"exness","EURUSD","2026-09-25 06:08:29.648Z",1.13772,1.13778
"exness","EURUSD","2026-09-25 06:08:29.662Z",1.1377,1.13776
"exness","EURUSD","2026-09-25 06:08:29.805Z",1.13768,1.13774
"exness","EURUSD","2026-09-25 06:08:29.844Z",1.13767,1.13773
"exness","EURUSD","2026-09-25 06:08:30.090Z",1.13766,1.13772
"exness","EURUSD","2026-09-25 06:08:32.524Z",1.13767,1.13773
"exness","EURUSD","2026-09-25 06:08:37.929Z",1.13768,1.13774
"exness","EURUSD","2026-09-25 06:08:41.729Z",1.13767,1.13773
"exness","EURUSD","2026-09-25 06:08:42.960Z",1.13766,1.13772
"exness","EURUSD","2026-09-25 06:08:44.003Z",1.13767,1.13773
"exness","EURUSD","2026-09-25 06:08:47.637Z",1.13768,1.13774
"exness","EURUSD","2026-09-25 06:08:50.624Z",1.13767,1.13773
"exness","EURUSD","2026-09-25 06:08:57.935Z",1.13765,1.13771
"exness","EURUSD","2026-09-25 06:08:57.956Z",1.13763,1.13769
"exness","EURUSD","2026-09-25 06:08:58.005Z",1.13762,1.13768
"exness","EURUSD","2026-09-25 06:09:00.221Z",1.13763,1.13769
"exness","EURUSD","2026-09-25 06:09:00.424Z",1.13761,1.13767
"exness","EURUSD","2026-09-25 06:09:00.431Z",1.1375899999999999,1.13765
"exness","EURUSD","2026-09-25 06:09:00.484Z",1.13758,1.13764
"exness","EURUSD","2026-09-25 06:09:01.602Z",1.1375899999999999,1.13765
"exness","EURUSD","2026-09-25 06:09:01.769Z",1.13761,1.13767
"exness","EURUSD","2026-09-25 06:09:02.564Z",1.13763,1.13769
"exness","EURUSD","2026-09-25 06:09:03.586Z",1.13764,1.1377
"exness","EURUSD","2026-09-25 06:09:07.905Z",1.13763,1.13769
"exness","EURUSD","2026-09-25 06:09:20.559Z",1.13764,1.1377
"exness","EURUSD","2026-09-25 06:09:23.225Z",1.13763,1.13769
"exness","EURUSD","2026-09-25 06:09:24.704Z",1.13764,1.1377
"exness","EURUSD","2026-09-25 06:09:26.903Z",1.13763,1.13769
"exness","EURUSD","2026-09-25 06:09:27.072Z",1.13761,1.13767
"exness","EURUSD","2026-09-25 06:09:27.092Z",1.1375899999999999,1.13765
"exness","EURUSD","2026-09-25 06:09:28.454Z",1.1376,1.13766
"exness","EURUSD","2026-09-25 06:09:30.093Z",1.13761,1.13767
"exness","EURUSD","2026-09-25 06:09:32.194Z",1.1376,1.13766
"exness","EURUSD","2026-09-25 06:09:36.490Z",1.1375899999999999,1.13765
"exness","EURUSD","2026-09-25 06:09:44.509Z",1.1376,1.13766
"exness","EURUSD","2026-09-25 06:09:45.531Z",1.1375899999999999,1.13765
"exness","EURUSD","2026-09-25 06:09:47.512Z",1.13757,1.13763
"exness","EURUSD","2026-09-25 06:09:59.593Z",1.13758,1.13764
"exness","EURUSD","2026-09-25 06:10:02.375Z",1.1375899999999999,1.13765
"exness","EURUSD","2026-09-25 06:10:02.469Z",1.13761,1.13767
"exness","EURUSD","2026-09-25 06:10:02.569Z",1.13762,1.13768
"exness","EURUSD","2026-09-25 06:10:04.423Z",1.13763,1.13769
"exness","EURUSD","2026-09-25 06:10:05.424Z",1.13762,1.13768
"exness","EURUSD","2026-09-25 06:10:07.615Z",1.13763,1.13769
"exness","EURUSD","2026-09-25 06:10:17.957Z",1.13762,1.13768
"exness","EURUSD","2026-09-25 06:10:18.095Z",1.13764,1.1377
"exness","EURUSD","2026-09-25 06:10:18.132Z",1.13766,1.13772
"exness","EURUSD","2026-09-25 06:10:18.175Z",1.13767,1.13773
"exness","EURUSD","2026-09-25 06:10:19.432Z",1.13766,1.13772
"exness","EURUSD","2026-09-25 06:10:23.249Z",1.13768,1.13774
"exness","EURUSD","2026-09-25 06:10:23.274Z",1.1377,1.13776
"exness","EURUSD","2026-09-25 06:10:23.318Z",1.13771,1.13777
"exness","EURUSD","2026-09-25 06:10:23.489Z",1.13772,1.13778
"exness","EURUSD","2026-09-25 06:10:24.491Z",1.13773,1.13779
"exness","EURUSD","2026-09-25 06:10:24.639Z",1.13775,1.13781
"exness","EURUSD","2026-09-25 06:10:25.852Z",1.13774,1.1378
"exness","EURUSD","2026-09-25 06:10:27.047Z",1.13775,1.13781
"exness","EURUSD","2026-09-25 06:10:28.120Z",1.13774,1.1378
"exness","EURUSD","2026-09-25 06:10:28.729Z",1.13776,1.13782
"exness","EURUSD","2026-09-25 06:10:35.746Z",1.13774,1.1378
"exness","EURUSD","2026-09-25 06:10:37.043Z",1.13775,1.13781
"exness","EURUSD","2026-09-25 06:10:37.532Z",1.13777,1.1378300000000001
"exness","EURUSD","2026-09-25 06:10:38.571Z",1.13778,1.13784
"exness","EURUSD","2026-09-25 06:10:40.015Z",1.13779,1.13785
"exness","EURUSD","2026-09-25 06:10:40.112Z",1.13776,1.13782
"exness","EURUSD","2026-09-25 06:10:43.205Z",1.13778,1.13784
"exness","EURUSD","2026-09-25 06:10:44.548Z",1.13779,1.13785
"exness","EURUSD","2026-09-25 06:10:47.198Z",1.1378,1.13786
"exness","EURUSD","2026-09-25 06:10:47.285Z",1.13782,1.13788
"exness","EURUSD","2026-09-25 06:10:50.140Z",1.1378300000000001,1.13789
"exness","EURUSD","2026-09-25 06:10:51.508Z",1.13782,1.13788
"exness","EURUSD","2026-09-25 06:10:52.611Z",1.1378300000000001,1.13789
"exness","EURUSD","2026-09-25 06:10:58.534Z",1.13784,1.1379
"exness","EURUSD","2026-09-25 06:10:59.629Z",1.1378300000000001,1.13789
"exness","EURUSD","2026-09-25 06:11:02.132Z",1.13784,1.1379
"exness","EURUSD","2026-09-25 06:11:04.098Z",1.1378300000000001,1.13789
"exness","EURUSD","2026-09-25 06:11:06.732Z",1.13782,1.13788
"exness","EURUSD","2026-09-25 06:11:08.996Z",1.13784,1.1379
"exness","EURUSD","2026-09-25 06:11:13.229Z",1.13786,1.13792
"exness","EURUSD","2026-09-25 06:11:13.781Z",1.13788,1.13794
"exness","EURUSD","2026-09-25 06:11:14.964Z",1.13786,1.13792
"exness","EURUSD","2026-09-25 06:11:14.987Z",1.13784,1.1379
"exness","EURUSD","2026-09-25 06:11:16.257Z",1.13786,1.13792
"exness","EURUSD","2026-09-25 06:11:16.768Z",1.13788,1.13794
"exness","EURUSD","2026-09-25 06:11:19.164Z",1.13787,1.1379299999999999
"exness","EURUSD","2026-09-25 06:11:19.418Z",1.13789,1.13795
"exness","EURUSD","2026-09-25 06:11:24.109Z",1.13788,1.13794
"exness","EURUSD","2026-09-25 06:11:28.466Z",1.13786,1.13792
"exness","EURUSD","2026-09-25 06:11:30.756Z",1.13787,1.1379299999999999
"exness","EURUSD","2026-09-25 06:11:34.058Z",1.13788,1.13794
"exness","EURUSD","2026-09-25 06:11:44.504Z",1.13789,1.13795
"exness","EURUSD","2026-09-25 06:11:48.106Z",1.13788,1.13794
"exness","EURUSD","2026-09-25 06:11:52.033Z",1.13789,1.13795
"exness","EURUSD","2026-09-25 06:11:53.077Z",1.1379,1.13796
"exness","EURUSD","2026-09-25 06:11:53.800Z",1.1379299999999999,1.13799
"exness","EURUSD","2026-09-25 06:11:59.871Z",1.13794,1.138
"exness","EURUSD","2026-09-25 06:12:01.026Z",1.13795,1.13801
"exness","EURUSD","2026-09-25 06:12:01.111Z",1.13797,1.13803
"exness","EURUSD","2026-09-25 06:12:02.242Z",1.13795,1.13801
"exness","EURUSD","2026-09-25 06:12:03.268Z",1.13794,1.138
"exness","EURUSD","2026-09-25 06:12:03.934Z",1.13796,1.13802
"exness","EURUSD","2026-09-25 06:12:04.977Z",1.13794,1.138
"exness","EURUSD","2026-09-25 06:12:05.996Z",1.13795,1.13801
"exness","EURUSD","2026-09-25 06:12:07.262Z",1.13794,1.138
"exness","EURUSD","2026-09-25 06:12:07.423Z",1.1379299999999999,1.13799
"exness","EURUSD","2026-09-25 06:12:08.622Z",1.13792,1.13798
"exness","EURUSD","2026-09-25 06:12:09.740Z",1.1379299999999999,1.13799
"exness","EURUSD","2026-09-25 06:12:13.298Z",1.13796,1.13802
"exness","EURUSD","2026-09-25 06:12:13.341Z",1.13797,1.13803
"exness","EURUSD","2026-09-25 06:12:13.764Z",1.13798,1.13804
"exness","EURUSD","2026-09-25 06:12:16.040Z",1.13797,1.13803
"exness","EURUSD","2026-09-25 06:12:17.321Z",1.13796,1.13802
"exness","EURUSD","2026-09-25 06:12:23.463Z",1.13797,1.13803
"exness","EURUSD","2026-09-25 06:12:31.602Z",1.13798,1.13804
"exness","EURUSD","2026-09-25 06:12:35.879Z",1.13796,1.13802
"exness","EURUSD","2026-09-25 06:12:41.536Z",1.13798,1.13804
"exness","EURUSD","2026-09-25 06:12:42.659Z",1.13797,1.13803
"exness","EURUSD","2026-09-25 06:12:44.620Z",1.13796,1.13802
"exness","EURUSD","2026-09-25 06:12:46.480Z",1.13797,1.13803
"exness","EURUSD","2026-09-25 06:12:50.094Z",1.13796,1.13802
"exness","EURUSD","2026-09-25 06:12:52.915Z",1.13795,1.13801
"exness","EURUSD","2026-09-25 06:12:58.064Z",1.13796,1.13802
"exness","EURUSD","2026-09-25 06:12:59.360Z",1.13795,1.13801
"exness","EURUSD","2026-09-25 06:13:05.152Z",1.1379299999999999,1.13799
"exness","EURUSD","2026-09-25 06:13:05.208Z",1.13791,1.13797
"exness","EURUSD","2026-09-25 06:13:06.642Z",1.13792,1.13798
"exness","EURUSD","2026-09-25 06:13:07.642Z",1.13794,1.138
"exness","EURUSD","2026-09-25 06:13:09.108Z",1.13795,1.13801
"exness","EURUSD","2026-09-25 06:13:18.760Z",1.13796,1.13802
"exness","EURUSD","2026-09-25 06:13:20.574Z",1.13798,1.13804
"exness","EURUSD","2026-09-25 06:13:20.948Z",1.13799,1.13805
"exness","EURUSD","2026-09-25 06:13:20.955Z",1.13801,1.13807
"exness","EURUSD","2026-09-25 06:13:20.969Z",1.13802,1.13808
"exness","EURUSD","2026-09-25 06:13:21.026Z",1.13803,1.13809
"exness","EURUSD","2026-09-25 06:13:25.106Z",1.13802,1.13808
"exness","EURUSD","2026-09-25 06:13:25.233Z",1.13804,1.1381000000000001
"exness","EURUSD","2026-09-25 06:13:26.610Z",1.13805,1.13811
"exness","EURUSD","2026-09-25 06:13:27.777Z",1.13806,1.13812
"exness","EURUSD","2026-09-25 06:13:30.331Z",1.13808,1.13814
"exness","EURUSD","2026-09-25 06:13:31.077Z",1.13809,1.13815
"exness","EURUSD","2026-09-25 06:13:31.086Z",1.1381000000000001,1.13816
"exness","EURUSD","2026-09-25 06:13:31.132Z",1.13813,1.13819
"exness","EURUSD","2026-09-25 06:13:32.590Z",1.13815,1.13821
"exness","EURUSD","2026-09-25 06:13:34.667Z",1.13813,1.13819
"exness","EURUSD","2026-09-25 06:13:38.488Z",1.13812,1.13818
"exness","EURUSD","2026-09-25 06:13:39.375Z",1.13814,1.1381999999999999
"exness","EURUSD","2026-09-25 06:13:39.405Z",1.13816,1.13822
"exness","EURUSD","2026-09-25 06:13:39.629Z",1.13817,1.13823
"exness","EURUSD","2026-09-25 06:13:42.175Z",1.13815,1.13821
"exness","EURUSD","2026-09-25 06:13:44.240Z",1.13816,1.13822
"exness","EURUSD","2026-09-25 06:13:44.425Z",1.13814,1.1381999999999999
"exness","EURUSD","2026-09-25 06:13:45.552Z",1.13812,1.13818
"exness","EURUSD","2026-09-25 06:13:46.859Z",1.13811,1.13817
"exness","EURUSD","2026-09-25 06:13:47.983Z",1.13812,1.13818
"exness","EURUSD","2026-09-25 06:13:48.249Z",1.13813,1.13819
"exness","EURUSD","2026-09-25 06:13:50.799Z",1.13812,1.13818
"exness","EURUSD","2026-09-25 06:13:53.897Z",1.1381000000000001,1.13816
"exness","EURUSD","2026-09-25 06:13:55.135Z",1.13811,1.13817
"exness","EURUSD","2026-09-25 06:13:58.316Z",1.1381000000000001,1.13816
"exness","EURUSD","2026-09-25 06:13:59.227Z",1.13813,1.13819
"exness","EURUSD","2026-09-25 06:13:59.351Z",1.13814,1.1381999999999999
"exness","EURUSD","2026-09-25 06:14:00.412Z",1.13813,1.13819
"exness","EURUSD","2026-09-25 06:14:01.495Z",1.13811,1.13817
"exness","EURUSD","2026-09-25 06:14:04.074Z",1.13812,1.13818
"exness","EURUSD","2026-09-25 06:14:05.116Z",1.1381000000000001,1.13816
"exness","EURUSD","2026-09-25 06:14:07.666Z",1.13812,1.13818
"exness","EURUSD","2026-09-25 06:14:07.676Z",1.13814,1.1381999999999999
"exness","EURUSD","2026-09-25 06:14:08.971Z",1.13815,1.13821
"exness","EURUSD","2026-09-25 06:14:09.723Z",1.13813,1.13819
"exness","EURUSD","2026-09-25 06:14:11.959Z",1.13814,1.1381999999999999
"exness","EURUSD","2026-09-25 06:14:14.036Z",1.13812,1.13818
"exness","EURUSD","2026-09-25 06:14:15.169Z",1.13814,1.1381999999999999
"exness","EURUSD","2026-09-25 06:14:16.275Z",1.13815,1.13821
"exness","EURUSD","2026-09-25 06:14:16.505Z",1.13813,1.13819
"exness","EURUSD","2026-09-25 06:14:19.152Z",1.13815,1.13821
"exness","EURUSD","2026-09-25 06:14:20.628Z",1.13814,1.1381999999999999
"exness","EURUSD","2026-09-25 06:14:23.012Z",1.13815,1.13821
"exness","EURUSD","2026-09-25 06:14:23.279Z",1.13812,1.13818
"exness","EURUSD","2026-09-25 06:14:25.616Z",1.13811,1.13817
"exness","EURUSD","2026-09-25 06:14:26.802Z",1.13812,1.13818
"exness","EURUSD","2026-09-25 06:14:28.462Z",1.13814,1.1381999999999999
"exness","EURUSD","2026-09-25 06:14:29.696Z",1.13813,1.13819
"exness","EURUSD","2026-09-25 06:14:33.214Z",1.13814,1.1381999999999999
"exness","EURUSD","2026-09-25 06:14:38.555Z",1.13813,1.13819
"exness","EURUSD","2026-09-25 06:14:39.750Z",1.13812,1.13818
"exness","EURUSD","2026-09-25 06:14:44.287Z",1.13811,1.13817
"exness","EURUSD","2026-09-25 06:14:46.406Z",1.13812,1.13818
"exness","EURUSD","2026-09-25 06:14:47.789Z",1.13811,1.13817
"exness","EURUSD","2026-09-25 06:14:48.896Z",1.1381000000000001,1.13816
"exness","EURUSD","2026-09-25 06:14:49.428Z",1.13808,1.13814
"exness","EURUSD","2026-09-25 06:14:49.630Z",1.13807,1.13813
"exness","EURUSD","2026-09-25 06:14:53.618Z",1.13809,1.13815
"exness","EURUSD","2026-09-25 06:14:53.649Z",1.13811,1.13817
"exness","EURUSD","2026-09-25 06:14:54.876Z",1.13812,1.13818
"exness","EURUSD","2026-09-25 06:14:55.881Z",1.13811,1.13817
"exness","EURUSD","2026-09-25 06:14:56.964Z",1.13812,1.13818
"exness","EURUSD","2026-09-25 06:15:08.209Z",1.13811,1.13817
"exness","EURUSD","2026-09-25 06:15:09.282Z",1.13812,1.13818
"exness","EURUSD","2026-09-25 06:15:11.110Z",1.13814,1.1381999999999999
"exness","EURUSD","2026-09-25 06:15:11.149Z",1.13816,1.13822
"exness","EURUSD","2026-09-25 06:15:13.456Z",1.13813,1.13819
"exness","EURUSD","2026-09-25 06:15:14.463Z",1.13812,1.13818
"exness","EURUSD","2026-09-25 06:15:15.892Z",1.13814,1.1381999999999999
"exness","EURUSD","2026-09-25 06:15:18.736Z",1.13815,1.13821
"exness","EURUSD","2026-09-25 06:15:22.177Z",1.13816,1.13822
"exness","EURUSD","2026-09-25 06:15:23.547Z",1.13814,1.1381999999999999
"exness","EURUSD","2026-09-25 06:15:24.562Z",1.13815,1.13821
"exness","EURUSD","2026-09-25 06:15:25.921Z",1.13817,1.13823
"exness","EURUSD","2026-09-25 06:15:26.976Z",1.13816,1.13822
"exness","EURUSD","2026-09-25 06:15:27.019Z",1.13818,1.13824
"exness","EURUSD","2026-09-25 06:15:27.030Z",1.1381999999999999,1.13826
"exness","EURUSD","2026-09-25 06:15:27.061Z",1.13821,1.13827
"exness","EURUSD","2026-09-25 06:15:28.093Z",1.13823,1.13829
"exness","EURUSD","2026-09-25 06:15:28.617Z",1.13825,1.13831
"exness","EURUSD","2026-09-25 06:15:29.773Z",1.13824,1.1383
"exness","EURUSD","2026-09-25 06:15:30.818Z",1.13822,1.13828
"exness","EURUSD","2026-09-25 06:15:31.905Z",1.13821,1.13827
"exness","EURUSD","2026-09-25 06:15:32.911Z",1.1381999999999999,1.13826
"exness","EURUSD","2026-09-25 06:15:33.314Z",1.13819,1.13825
"exness","EURUSD","2026-09-25 06:15:33.958Z",1.13821,1.13827
"exness","EURUSD","2026-09-25 06:15:34.631Z",1.13824,1.1383
"exness","EURUSD","2026-09-25 06:15:34.640Z",1.13825,1.13831
"exness","EURUSD","2026-09-25 06:15:34.751Z",1.13827,1.13833
"exness","EURUSD","2026-09-25 06:15:35.124Z",1.13829,1.13835
"exness","EURUSD","2026-09-25 06:15:35.156Z",1.1383,1.13836
"exness","EURUSD","2026-09-25 06:15:35.273Z",1.13832,1.13838
"exness","EURUSD","2026-09-25 06:15:36.475Z",1.13835,1.13841
"exness","EURUSD","2026-09-25 06:15:37.596Z",1.13833,1.13839
"exness","EURUSD","2026-09-25 06:15:38.563Z",1.13831,1.13837
"exness","EURUSD","2026-09-25 06:15:38.702Z",1.13829,1.13835
"exness","EURUSD","2026-09-25 06:15:42.574Z",1.13828,1.13834
"exness","EURUSD","2026-09-25 06:15:43.437Z",1.13826,1.13832
"exness","EURUSD","2026-09-25 06:15:45.692Z",1.13827,1.13833
"exness","EURUSD","2026-09-25 06:15:47.124Z",1.13829,1.13835
"exness","EURUSD","2026-09-25 06:15:48.448Z",1.13831,1.13837
"exness","EURUSD","2026-09-25 06:15:50.560Z",1.13828,1.13834
"exness","EURUSD","2026-09-25 06:15:51.628Z",1.13829,1.13835
"exness","EURUSD","2026-09-25 06:15:53.851Z",1.1383,1.13836
"exness","EURUSD","2026-09-25 06:15:54.870Z",1.13832,1.13838
"exness","EURUSD","2026-09-25 06:15:55.872Z",1.1383,1.13836
"exness","EURUSD","2026-09-25 06:15:56.516Z",1.13828,1.13834
"exness","EURUSD","2026-09-25 06:15:58.098Z",1.13831,1.13837
"exness","EURUSD","2026-09-25 06:15:58.378Z",1.13832,1.13838
"exness","EURUSD","2026-09-25 06:15:58.476Z",1.13834,1.1384
"exness","EURUSD","2026-09-25 06:16:00.125Z",1.13831,1.13837
"exness","EURUSD","2026-09-25 06:16:00.144Z",1.1383,1.13836
"exness","EURUSD","2026-09-25 06:16:00.220Z",1.13828,1.13834
"exness","EURUSD","2026-09-25 06:16:00.351Z",1.13827,1.13833
"exness","EURUSD","2026-09-25 06:16:00.370Z",1.13825,1.13831
"exness","EURUSD","2026-09-25 06:16:00.901Z",1.13827,1.13833
"exness","EURUSD","2026-09-25 06:16:01.061Z",1.13829,1.13835
"exness","EURUSD","2026-09-25 06:16:01.083Z",1.13831,1.13837
"exness","EURUSD","2026-09-25 06:16:01.730Z",1.13832,1.13838
"exness","EURUSD","2026-09-25 06:16:02.206Z",1.13833,1.13839
"exness","EURUSD","2026-09-25 06:16:07.536Z",1.13831,1.13837
"exness","EURUSD","2026-09-25 06:16:09.279Z",1.13832,1.13838
"exness","EURUSD","2026-09-25 06:16:09.925Z",1.13834,1.1384
"exness","EURUSD","2026-09-25 06:16:09.936Z",1.13836,1.13842
"exness","EURUSD","2026-09-25 06:16:09.937Z",1.13837,1.13843
"exness","EURUSD","2026-09-25 06:16:09.960Z",1.13839,1.13845
"exness","EURUSD","2026-09-25 06:16:10.203Z",1.13836,1.13842
"exness","EURUSD","2026-09-25 06:16:11.354Z",1.13835,1.13841
"exness","EURUSD","2026-09-25 06:16:12.357Z",1.13836,1.13842
"exness","EURUSD","2026-09-25 06:16:13.386Z",1.13837,1.13843
"exness","EURUSD","2026-09-25 06:16:13.893Z",1.13835,1.13841
"exness","EURUSD","2026-09-25 06:16:14.902Z",1.13836,1.13842
"exness","EURUSD","2026-09-25 06:16:16.652Z",1.13834,1.1384
"exness","EURUSD","2026-09-25 06:16:16.678Z",1.13832,1.13838
"exness","EURUSD","2026-09-25 06:16:16.837Z",1.13835,1.13841
"exness","EURUSD","2026-09-25 06:16:18.050Z",1.13836,1.13842
"exness","EURUSD","2026-09-25 06:16:24.061Z",1.13835,1.13841
"exness","EURUSD","2026-09-25 06:16:27.721Z",1.13836,1.13842
"exness","EURUSD","2026-09-25 06:16:28.896Z",1.13837,1.13843
"exness","EURUSD","2026-09-25 06:16:30.297Z",1.13836,1.13842
"exness","EURUSD","2026-09-25 06:16:31.312Z",1.13835,1.13841
"exness","EURUSD","2026-09-25 06:16:32.396Z",1.13834,1.1384
"exness","EURUSD","2026-09-25 06:16:33.731Z",1.13835,1.13841
"exness","EURUSD","2026-09-25 06:16:35.778Z",1.13836,1.13842
"exness","EURUSD","2026-09-25 06:16:36.888Z",1.13837,1.13843
"exness","EURUSD","2026-09-25 06:16:38.038Z",1.13838,1.1384400000000001
"exness","EURUSD","2026-09-25 06:16:40.882Z",1.13837,1.13843
"exness","EURUSD","2026-09-25 06:16:47.136Z",1.13836,1.13842
"exness","EURUSD","2026-09-25 06:16:51.180Z",1.13837,1.13843
"exness","EURUSD","2026-09-25 06:16:52.152Z",1.13839,1.13845
"exness","EURUSD","2026-09-25 06:16:53.496Z",1.13838,1.1384400000000001
"exness","EURUSD","2026-09-25 06:16:54.615Z",1.13837,1.13843
"exness","EURUSD","2026-09-25 06:16:54.629Z",1.13839,1.13845
"exness","EURUSD","2026-09-25 06:16:55.650Z",1.1384,1.13846
"exness","EURUSD","2026-09-25 06:16:56.649Z",1.13839,1.13845
"exness","EURUSD","2026-09-25 06:16:56.707Z",1.13837,1.13843
"exness","EURUSD","2026-09-25 06:16:56.712Z",1.13835,1.13841
"exness","EURUSD","2026-09-25 06:16:59.582Z",1.13836,1.13842
"exness","EURUSD","2026-09-25 06:17:01.549Z",1.13833,1.13839
"exness","EURUSD","2026-09-25 06:17:03.063Z",1.13832,1.13838
"exness","EURUSD","2026-09-25 06:17:03.346Z",1.13834,1.1384
"exness","EURUSD","2026-09-25 06:17:03.776Z",1.13836,1.13842
"exness","EURUSD","2026-09-25 06:17:04.811Z",1.13837,1.13843
"exness","EURUSD","2026-09-25 06:17:05.813Z",1.13836,1.13842
"exness","EURUSD","2026-09-25 06:17:06.860Z",1.13835,1.13841
"exness","EURUSD","2026-09-25 06:17:09.139Z",1.13836,1.13842
"exness","EURUSD","2026-09-25 06:17:10.295Z",1.13837,1.13843
"exness","EURUSD","2026-09-25 06:17:11.580Z",1.13836,1.13842
"exness","EURUSD","2026-09-25 06:17:17.524Z",1.13834,1.1384
"exness","EURUSD","2026-09-25 06:17:19.074Z",1.13836,1.13842
"exness","EURUSD","2026-09-25 06:17:20.737Z",1.13837,1.13843
"exness","EURUSD","2026-09-25 06:17:23.062Z",1.13836,1.13842
"exness","EURUSD","2026-09-25 06:17:29.895Z",1.13834,1.1384
"exness","EURUSD","2026-09-25 06:17:31.056Z",1.13836,1.13842
"exness","EURUSD","2026-09-25 06:17:33.601Z",1.13838,1.1384400000000001
"exness","EURUSD","2026-09-25 06:17:33.611Z",1.1384,1.13846
"exness","EURUSD","2026-09-25 06:17:33.640Z",1.13841,1.13847
"exness","EURUSD","2026-09-25 06:17:33.789Z",1.13842,1.13848
"exness","EURUSD","2026-09-25 06:17:41.168Z",1.1384,1.13846
"exness","EURUSD","2026-09-25 06:17:42.698Z",1.13841,1.13847
"exness","EURUSD","2026-09-25 06:17:46.982Z",1.13839,1.13845
"exness","EURUSD","2026-09-25 06:17:48.173Z",1.1384,1.13846
"exness","EURUSD","2026-09-25 06:17:49.214Z",1.13841,1.13847
"exness","EURUSD","2026-09-25 06:17:50.443Z",1.13842,1.13848
"exness","EURUSD","2026-09-25 06:17:52.696Z",1.1384,1.13846
"exness","EURUSD","2026-09-25 06:17:52.723Z",1.13838,1.1384400000000001
"exness","EURUSD","2026-09-25 06:17:52.744Z",1.13836,1.13842
"exness","EURUSD","2026-09-25 06:17:53.276Z",1.13839,1.13845
"exness","EURUSD","2026-09-25 06:17:53.676Z",1.13841,1.13847
"exness","EURUSD","2026-09-25 06:17:54.927Z",1.13842,1.13848
"exness","EURUSD","2026-09-25 06:18:00.333Z",1.1384,1.13846
"exness","EURUSD","2026-09-25 06:18:01.346Z",1.13839,1.13845
"exness","EURUSD","2026-09-25 06:18:02.287Z",1.13837,1.13843
"exness","EURUSD","2026-09-25 06:18:02.295Z",1.13836,1.13842
"exness","EURUSD","2026-09-25 06:18:03.569Z",1.13835,1.13841
"exness","EURUSD","2026-09-25 06:18:06.622Z",1.13836,1.13842
"exness","EURUSD","2026-09-25 06:18:07.060Z",1.13834,1.1384
"exness","EURUSD","2026-09-25 06:18:09.326Z",1.13832,1.13838
"exness","EURUSD","2026-09-25 06:18:10.453Z",1.13834,1.1384
"exness","EURUSD","2026-09-25 06:18:12.628Z",1.13833,1.13839
"exness","EURUSD","2026-09-25 06:18:15.168Z",1.13834,1.1384
"exness","EURUSD","2026-09-25 06:18:16.074Z",1.13836,1.13842
"exness","EURUSD","2026-09-25 06:18:17.110Z",1.13837,1.13843
"exness","EURUSD","2026-09-25 06:18:18.233Z",1.13836,1.13842
"exness","EURUSD","2026-09-25 06:18:19.316Z",1.13837,1.13843
"exness","EURUSD","2026-09-25 06:18:23.582Z",1.13836,1.13842
"exness","EURUSD","2026-09-25 06:18:32.990Z",1.13835,1.13841
"exness","EURUSD","2026-09-25 06:18:33.487Z",1.13834,1.1384
"exness","EURUSD","2026-09-25 06:18:36.117Z",1.13836,1.13842
"exness","EURUSD","2026-09-25 06:18:37.745Z",1.13835,1.13841
"exness","EURUSD","2026-09-25 06:18:38.753Z",1.13834,1.1384
"exness","EURUSD","2026-09-25 06:18:39.779Z",1.13835,1.13841
"exness","EURUSD","2026-09-25 06:18:40.780Z",1.13836,1.13842
"exness","EURUSD","2026-09-25 06:18:43.236Z",1.13837,1.13843
"exness","EURUSD","2026-09-25 06:18:45.137Z",1.13836,1.13842
"exness","EURUSD","2026-09-25 06:18:47.471Z",1.13834,1.1384
"exness","EURUSD","2026-09-25 06:18:52.529Z",1.13837,1.13843
"exness","EURUSD","2026-09-25 06:18:52.537Z",1.13838,1.1384400000000001
"exness","EURUSD","2026-09-25 06:18:53.547Z",1.13839,1.13845
"exness","EURUSD","2026-09-25 06:18:55.486Z",1.1384,1.13846
"exness","EURUSD","2026-09-25 06:18:56.683Z",1.13841,1.13847
"exness","EURUSD","2026-09-25 06:18:57.794Z",1.13842,1.13848
"exness","EURUSD","2026-09-25 06:18:58.911Z",1.13841,1.13847
"exness","EURUSD","2026-09-25 06:19:00.141Z",1.1384,1.13846
"exness","EURUSD","2026-09-25 06:19:01.169Z",1.13841,1.13847
"exness","EURUSD","2026-09-25 06:19:03.067Z",1.13843,1.13849
"exness","EURUSD","2026-09-25 06:19:03.095Z",1.13845,1.13851
"exness","EURUSD","2026-09-25 06:19:03.939Z",1.13847,1.13853
"exness","EURUSD","2026-09-25 06:19:04.214Z",1.1384400000000001,1.1385
"exness","EURUSD","2026-09-25 06:19:05.980Z",1.13842,1.13848
"exness","EURUSD","2026-09-25 06:19:06.450Z",1.13841,1.13847
"exness","EURUSD","2026-09-25 06:19:08.215Z",1.1384400000000001,1.1385
"exness","EURUSD","2026-09-25 06:19:08.509Z",1.13845,1.13851
"exness","EURUSD","2026-09-25 06:19:09.852Z",1.13846,1.13852
"exness","EURUSD","2026-09-25 06:19:11.188Z",1.13845,1.13851
"exness","EURUSD","2026-09-25 06:19:13.121Z",1.13846,1.13852
"exness","EURUSD","2026-09-25 06:19:15.541Z",1.13845,1.13851
"exness","EURUSD","2026-09-25 06:19:16.694Z",1.13846,1.13852
"exness","EURUSD","2026-09-25 06:19:21.134Z",1.13845,1.13851
"exness","EURUSD","2026-09-25 06:19:22.421Z",1.13846,1.13852
"exness","EURUSD","2026-09-25 06:19:23.579Z",1.13845,1.13851
"exness","EURUSD","2026-09-25 06:19:31.270Z",1.1384400000000001,1.1385
"exness","EURUSD","2026-09-25 06:19:31.277Z",1.13842,1.13848
"exness","EURUSD","2026-09-25 06:19:31.420Z",1.13841,1.13847
"exness","EURUSD","2026-09-25 06:19:33.796Z",1.1384,1.13846
"exness","EURUSD","2026-09-25 06:19:36.064Z",1.13841,1.13847
"exness","EURUSD","2026-09-25 06:19:36.447Z",1.13839,1.13845
"exness","EURUSD","2026-09-25 06:19:36.463Z",1.13837,1.13843
"exness","EURUSD","2026-09-25 06:19:37.653Z",1.13839,1.13845
"exness","EURUSD","2026-09-25 06:19:43.056Z",1.13841,1.13847
"exness","EURUSD","2026-09-25 06:19:59.944Z",1.13843,1.13849
"exness","EURUSD","2026-09-25 06:20:00.976Z",1.1384400000000001,1.1385
"exness","EURUSD","2026-09-25 06:20:03.581Z",1.13843,1.13849
"exness","EURUSD","2026-09-25 06:20:07.506Z",1.13842,1.13848
"exness","EURUSD","2026-09-25 06:20:08.803Z",1.1384400000000001,1.1385
"exness","EURUSD","2026-09-25 06:20:10.304Z",1.13845,1.13851
"exness","EURUSD","2026-09-25 06:20:25.237Z",1.1384400000000001,1.1385
"exness","EURUSD","2026-09-25 06:20:26.354Z",1.13843,1.13849
"exness","EURUSD","2026-09-25 06:20:28.064Z",1.13846,1.13852
"exness","EURUSD","2026-09-25 06:20:28.168Z",1.13847,1.13853
"exness","EURUSD","2026-09-25 06:20:29.268Z",1.13846,1.13852
"exness","EURUSD","2026-09-25 06:20:30.321Z",1.1384400000000001,1.1385
"exness","EURUSD","2026-09-25 06:20:32.379Z",1.13845,1.13851
"exness","EURUSD","2026-09-25 06:20:43.943Z",1.1384400000000001,1.1385
"exness","EURUSD","2026-09-25 06:20:48.813Z",1.13842,1.13848
"exness","EURUSD","2026-09-25 06:20:49.532Z",1.13841,1.13847
"exness","EURUSD","2026-09-25 06:20:50.167Z",1.13843,1.13849
"exness","EURUSD","2026-09-25 06:20:50.210Z",1.13845,1.13851
"exness","EURUSD","2026-09-25 06:20:51.265Z",1.13846,1.13852
"exness","EURUSD","2026-09-25 06:20:53.490Z",1.1384400000000001,1.1385
"exness","EURUSD","2026-09-25 06:20:53.503Z",1.13842,1.13848
"exness","EURUSD","2026-09-25 06:20:53.699Z",1.13841,1.13847
"exness","EURUSD","2026-09-25 06:20:54.533Z",1.13839,1.13845
"exness","EURUSD","2026-09-25 06:20:56.136Z",1.1384,1.13846
"exness","EURUSD","2026-09-25 06:20:57.191Z",1.13841,1.13847
"exness","EURUSD","2026-09-25 06:20:57.295Z",1.13843,1.13849
"exness","EURUSD","2026-09-25 06:20:57.482Z",1.13845,1.13851
"exness","EURUSD","2026-09-25 06:20:58.093Z",1.13846,1.13852
"exness","EURUSD","2026-09-25 06:20:58.791Z",1.13847,1.13853
"exness","EURUSD","2026-09-25 06:20:59.945Z",1.13846,1.13852
"exness","EURUSD","2026-09-25 06:21:05.339Z",1.13845,1.13851
"exness","EURUSD","2026-09-25 06:21:05.429Z",1.13848,1.1385399999999999
"exness","EURUSD","2026-09-25 06:21:05.435Z",1.13849,1.13855
"exness","EURUSD","2026-09-25 06:21:05.439Z",1.13851,1.13857
"exness","EURUSD","2026-09-25 06:21:05.577Z",1.13853,1.13859
"exness","EURUSD","2026-09-25 06:21:07.981Z",1.13851,1.13857
"exness","EURUSD","2026-09-25 06:21:09.422Z",1.13852,1.13858
"exness","EURUSD","2026-09-25 06:21:12.711Z",1.13851,1.13857
"exness","EURUSD","2026-09-25 06:21:16.286Z",1.13852,1.13858
"exness","EURUSD","2026-09-25 06:21:17.287Z",1.13851,1.13857
"exness","EURUSD","2026-09-25 06:21:18.351Z",1.13852,1.13858
"exness","EURUSD","2026-09-25 06:21:20.481Z",1.13851,1.13857
"exness","EURUSD","2026-09-25 06:21:22.761Z",1.1385,1.13856
"exness","EURUSD","2026-09-25 06:21:24.436Z",1.13848,1.1385399999999999
"exness","EURUSD","2026-09-25 06:21:24.632Z",1.13846,1.13852
"exness","EURUSD","2026-09-25 06:21:26.734Z",1.13847,1.13853
"exness","EURUSD","2026-09-25 06:21:26.930Z",1.13845,1.13851
"exness","EURUSD","2026-09-25 06:21:30.771Z",1.13846,1.13852
"exness","EURUSD","2026-09-25 06:21:32.113Z",1.13848,1.1385399999999999
"exness","EURUSD","2026-09-25 06:21:33.317Z",1.13847,1.13853
"exness","EURUSD","2026-09-25 06:21:34.952Z",1.13846,1.13852
"exness","EURUSD","2026-09-25 06:21:36.193Z",1.13845,1.13851
"exness","EURUSD","2026-09-25 06:21:36.572Z",1.1384400000000001,1.1385
"exness","EURUSD","2026-09-25 06:21:36.710Z",1.13846,1.13852
"exness","EURUSD","2026-09-25 06:21:38.314Z",1.13845,1.13851
"exness","EURUSD","2026-09-25 06:21:43.216Z",1.13846,1.13852
"exness","EURUSD","2026-09-25 06:21:44.783Z",1.13847,1.13853
"exness","EURUSD","2026-09-25 06:21:46.519Z",1.13848,1.1385399999999999
"exness","EURUSD","2026-09-25 06:21:47.247Z",1.13849,1.13855
"exness","EURUSD","2026-09-25 06:21:47.275Z",1.13851,1.13857
"exness","EURUSD","2026-09-25 06:21:49.700Z",1.13848,1.1385399999999999
"exness","EURUSD","2026-09-25 06:21:50.423Z",1.13846,1.13852
"exness","EURUSD","2026-09-25 06:21:51.819Z",1.13847,1.13853
"exness","EURUSD","2026-09-25 06:21:53.194Z",1.13845,1.13851
"exness","EURUSD","2026-09-25 06:21:53.197Z",1.13843,1.13849
"exness","EURUSD","2026-09-25 06:21:53.235Z",1.13842,1.13848
"exness","EURUSD","2026-09-25 06:21:54.116Z",1.13841,1.13847
"exness","EURUSD","2026-09-25 06:21:55.210Z",1.1384,1.13846
"exness","EURUSD","2026-09-25 06:21:58.345Z",1.13841,1.13847
"exness","EURUSD","2026-09-25 06:22:00.467Z",1.1384,1.13846
"exness","EURUSD","2026-09-25 06:22:01.700Z",1.13841,1.13847
"exness","EURUSD","2026-09-25 06:22:06.959Z",1.1384,1.13846
"exness","EURUSD","2026-09-25 06:22:08.564Z",1.13841,1.13847
"exness","EURUSD","2026-09-25 06:22:11.300Z",1.1384,1.13846
"exness","EURUSD","2026-09-25 06:22:12.285Z",1.13838,1.1384400000000001
"exness","EURUSD","2026-09-25 06:22:12.345Z",1.13837,1.13843
"exness","EURUSD","2026-09-25 06:22:13.692Z",1.13835,1.13841
"exness","EURUSD","2026-09-25 06:22:14.227Z",1.13834,1.1384
"exness","EURUSD","2026-09-25 06:22:16.936Z",1.13832,1.13838
"exness","EURUSD","2026-09-25 06:22:17.044Z",1.13831,1.13837
"exness","EURUSD","2026-09-25 06:22:17.482Z",1.1383,1.13836
"exness","EURUSD","2026-09-25 06:22:18.736Z",1.13829,1.13835
"exness","EURUSD","2026-09-25 06:22:20.860Z",1.1383,1.13836
"exness","EURUSD","2026-09-25 06:22:22.636Z",1.13828,1.13834
"exness","EURUSD","2026-09-25 06:22:22.647Z",1.13827,1.13833
"exness","EURUSD","2026-09-25 06:22:23.006Z",1.13825,1.13831
"exness","EURUSD","2026-09-25 06:22:24.109Z",1.13826,1.13832
"exness","EURUSD","2026-09-25 06:22:26.413Z",1.13825,1.13831
"exness","EURUSD","2026-09-25 06:22:28.482Z",1.13823,1.13829
"exness","EURUSD","2026-09-25 06:22:29.569Z",1.13825,1.13831
"exness","EURUSD","2026-09-25 06:22:31.707Z",1.13824,1.1383
"exness","EURUSD","2026-09-25 06:22:32.885Z",1.13823,1.13829
"exness","EURUSD","2026-09-25 06:22:34.052Z",1.13821,1.13827
"exness","EURUSD","2026-09-25 06:22:36.003Z",1.1381999999999999,1.13826
"exness","EURUSD","2026-09-25 06:22:37.201Z",1.13819,1.13825
"exness","EURUSD","2026-09-25 06:22:38.240Z",1.1381999999999999,1.13826
"exness","EURUSD","2026-09-25 06:22:45.159Z",1.13821,1.13827
"exness","EURUSD","2026-09-25 06:22:48.656Z",1.13823,1.13829
"exness","EURUSD","2026-09-25 06:22:49.603Z",1.13825,1.13831
"exness","EURUSD","2026-09-25 06:22:49.636Z",1.13826,1.13832
"exness","EURUSD","2026-09-25 06:22:52.697Z",1.13824,1.1383
"exness","EURUSD","2026-09-25 06:22:53.767Z",1.13823,1.13829
"exness","EURUSD","2026-09-25 06:22:58.534Z",1.13822,1.13828
"exness","EURUSD","2026-09-25 06:22:59.540Z",1.13821,1.13827
"exness","EURUSD","2026-09-25 06:23:01.254Z",1.1381999999999999,1.13826
"exness","EURUSD","2026-09-25 06:23:03.414Z",1.13823,1.13829
"exness","EURUSD","2026-09-25 06:23:07.260Z",1.13821,1.13827
"exness","EURUSD","2026-09-25 06:23:09.347Z",1.13823,1.13829
"exness","EURUSD","2026-09-25 06:23:10.595Z",1.13824,1.1383
"exness","EURUSD","2026-09-25 06:23:12.958Z",1.13823,1.13829
"exness","EURUSD","2026-09-25 06:23:14.555Z",1.13822,1.13828
"exness","EURUSD","2026-09-25 06:23:18.321Z",1.13821,1.13827
"exness","EURUSD","2026-09-25 06:23:19.794Z",1.13819,1.13825
"exness","EURUSD","2026-09-25 06:23:20.807Z",1.1381999999999999,1.13826
"exness","EURUSD","2026-09-25 06:23:22.008Z",1.13821,1.13827
"exness","EURUSD","2026-09-25 06:23:22.742Z",1.13823,1.13829
"exness","EURUSD","2026-09-25 06:23:22.754Z",1.13825,1.13831
"exness","EURUSD","2026-09-25 06:23:24.066Z",1.13824,1.1383
"exness","EURUSD","2026-09-25 06:23:25.443Z",1.13822,1.13828
"exness","EURUSD","2026-09-25 06:23:26.529Z",1.13821,1.13827
"exness","EURUSD","2026-09-25 06:23:27.548Z",1.13822,1.13828
"exness","EURUSD","2026-09-25 06:23:29.832Z",1.13823,1.13829
"exness","EURUSD","2026-09-25 06:23:32.320Z",1.13822,1.13828
"exness","EURUSD","2026-09-25 06:23:32.723Z",1.13824,1.1383
"exness","EURUSD","2026-09-25 06:23:32.746Z",1.13826,1.13832
"exness","EURUSD","2026-09-25 06:23:32.807Z",1.13827,1.13833
"exness","EURUSD","2026-09-25 06:23:32.871Z",1.13829,1.13835
"exness","EURUSD","2026-09-25 06:23:34.852Z",1.13828,1.13834
"exness","EURUSD","2026-09-25 06:23:35.904Z",1.13827,1.13833
"exness","EURUSD","2026-09-25 06:23:38.672Z",1.13829,1.13835
"exness","EURUSD","2026-09-25 06:23:42.399Z",1.13828,1.13834
"exness","EURUSD","2026-09-25 06:23:45.813Z",1.13829,1.13835
"exness","EURUSD","2026-09-25 06:23:47.076Z",1.13828,1.13834
"exness","EURUSD","2026-09-25 06:23:51.536Z",1.13829,1.13835
"exness","EURUSD","2026-09-25 06:23:52.344Z",1.13827,1.13833
"exness","EURUSD","2026-09-25 06:23:55.070Z",1.13829,1.13835
"exness","EURUSD","2026-09-25 06:23:55.837Z",1.1383,1.13836
"exness","EURUSD","2026-09-25 06:23:56.348Z",1.13832,1.13838
"exness","EURUSD","2026-09-25 06:23:56.839Z",1.13833,1.13839
"exness","EURUSD","2026-09-25 06:23:56.872Z",1.13835,1.13841
"exness","EURUSD","2026-09-25 06:23:57.124Z",1.13836,1.13842
"exness","EURUSD","2026-09-25 06:23:58.497Z",1.13835,1.13841
"exness","EURUSD","2026-09-25 06:24:00.510Z",1.13836,1.13842
"exness","EURUSD","2026-09-25 06:24:01.586Z",1.13835,1.13841
"exness","EURUSD","2026-09-25 06:24:02.619Z",1.13837,1.13843
"exness","EURUSD","2026-09-25 06:24:04.932Z",1.13835,1.13841
"exness","EURUSD","2026-09-25 06:24:06.070Z",1.13836,1.13842
"exness","EURUSD","2026-09-25 06:24:07.417Z",1.13837,1.13843
"exness","EURUSD","2026-09-25 06:24:08.597Z",1.13838,1.1384400000000001
"exness","EURUSD","2026-09-25 06:24:11.142Z",1.13837,1.13843
"exness","EURUSD","2026-09-25 06:24:12.800Z",1.13836,1.13842
"exness","EURUSD","2026-09-25 06:24:15.041Z",1.13837,1.13843
"exness","EURUSD","2026-09-25 06:24:16.351Z",1.13838,1.1384400000000001
"exness","EURUSD","2026-09-25 06:24:16.951Z",1.1384,1.13846
"exness","EURUSD","2026-09-25 06:24:16.973Z",1.13842,1.13848
"exness","EURUSD","2026-09-25 06:24:17.611Z",1.13843,1.13849
"exness","EURUSD","2026-09-25 06:24:18.745Z",1.1384400000000001,1.1385
"exness","EURUSD","2026-09-25 06:24:20.817Z",1.13846,1.13852
"exness","EURUSD","2026-09-25 06:24:21.883Z",1.1384400000000001,1.1385
"exness","EURUSD","2026-09-25 06:24:25.669Z",1.13843,1.13849
"exness","EURUSD","2026-09-25 06:24:27.725Z",1.13842,1.13848
"exness","EURUSD","2026-09-25 06:24:27.786Z",1.1384400000000001,1.1385
"exness","EURUSD","2026-09-25 06:24:28.796Z",1.13845,1.13851
"exness","EURUSD","2026-09-25 06:24:29.801Z",1.13847,1.13853
"exness","EURUSD","2026-09-25 06:24:29.883Z",1.13848,1.1385399999999999
"exness","EURUSD","2026-09-25 06:24:30.940Z",1.13849,1.13855
"exness","EURUSD","2026-09-25 06:24:30.965Z",1.1385,1.13856
"exness","EURUSD","2026-09-25 06:24:31.100Z",1.13852,1.13858
"exness","EURUSD","2026-09-25 06:24:31.371Z",1.13849,1.13855
"exness","EURUSD","2026-09-25 06:24:33.953Z",1.13851,1.13857
"exness","EURUSD","2026-09-25 06:24:35.264Z",1.13853,1.13859
"exness","EURUSD","2026-09-25 06:24:36.812Z",1.1385399999999999,1.1386
"exness","EURUSD","2026-09-25 06:24:36.941Z",1.13856,1.13862
"exness","EURUSD","2026-09-25 06:24:41.538Z",1.13857,1.13863
"exness","EURUSD","2026-09-25 06:24:42.700Z",1.13859,1.13865
"exness","EURUSD","2026-09-25 06:24:43.928Z",1.13861,1.13867
"exness","EURUSD","2026-09-25 06:24:45.025Z",1.13859,1.13865
"exness","EURUSD","2026-09-25 06:24:46.161Z",1.1386,1.13866
"exness","EURUSD","2026-09-25 06:24:47.139Z",1.13862,1.13868
"exness","EURUSD","2026-09-25 06:24:48.689Z",1.13864,1.1387
"exness","EURUSD","2026-09-25 06:24:50.153Z",1.13863,1.13869
"exness","EURUSD","2026-09-25 06:24:53.247Z",1.1386,1.13866
"exness","EURUSD","2026-09-25 06:24:55.633Z",1.13859,1.13865
"exness","EURUSD","2026-09-25 06:24:55.870Z",1.13858,1.13864
"exness","EURUSD","2026-09-25 06:24:57.135Z",1.13859,1.13865
"exness","EURUSD","2026-09-25 06:24:58.442Z",1.1386,1.13866
"exness","EURUSD","2026-09-25 06:24:59.466Z",1.13859,1.13865
"exness","EURUSD","2026-09-25 06:25:02.064Z",1.1386,1.13866
"exness","EURUSD","2026-09-25 06:25:07.429Z",1.13859,1.13865
"exness","EURUSD","2026-09-25 06:25:08.351Z",1.13857,1.13863
"exness","EURUSD","2026-09-25 06:25:08.568Z",1.13856,1.13862
"exness","EURUSD","2026-09-25 06:25:09.538Z",1.1385399999999999,1.1386
"exness","EURUSD","2026-09-25 06:25:11.032Z",1.13856,1.13862
"exness","EURUSD","2026-09-25 06:25:14.533Z",1.13857,1.13863
"exness","EURUSD","2026-09-25 06:25:15.715Z",1.13859,1.13865
"exness","EURUSD","2026-09-25 06:25:18.945Z",1.13858,1.13864
"exness","EURUSD","2026-09-25 06:25:19.810Z",1.13856,1.13862
"exness","EURUSD","2026-09-25 06:25:22.693Z",1.13855,1.13861
"exness","EURUSD","2026-09-25 06:25:25.043Z",1.13856,1.13862
"exness","EURUSD","2026-09-25 06:25:27.927Z",1.13855,1.13861
"exness","EURUSD","2026-09-25 06:25:29.703Z",1.1385399999999999,1.1386
"exness","EURUSD","2026-09-25 06:25:33.792Z",1.13855,1.13861
"exness","EURUSD","2026-09-25 06:25:39.124Z",1.1385399999999999,1.1386
"exness","EURUSD","2026-09-25 06:25:39.180Z",1.13852,1.13858
"exness","EURUSD","2026-09-25 06:25:40.199Z",1.13851,1.13857
"exness","EURUSD","2026-09-25 06:25:40.861Z",1.1385,1.13856
"exness","EURUSD","2026-09-25 06:25:41.915Z",1.13848,1.1385399999999999
"exness","EURUSD","2026-09-25 06:25:42.696Z",1.13847,1.13853
"exness","EURUSD","2026-09-25 06:25:42.765Z",1.13846,1.13852
"exness","EURUSD","2026-09-25 06:25:42.948Z",1.1384400000000001,1.1385
"exness","EURUSD","2026-09-25 06:25:43.575Z",1.13843,1.13849
"exness","EURUSD","2026-09-25 06:25:44.818Z",1.1384400000000001,1.1385
"exness","EURUSD","2026-09-25 06:25:45.114Z",1.13846,1.13852
"exness","EURUSD","2026-09-25 06:25:46.215Z",1.13847,1.13853
"exness","EURUSD","2026-09-25 06:25:46.584Z",1.13849,1.13855
"exness","EURUSD","2026-09-25 06:25:47.688Z",1.13847,1.13853
"exness","EURUSD","2026-09-25 06:25:48.827Z",1.13846,1.13852
"exness","EURUSD","2026-09-25 06:25:50.112Z",1.1384400000000001,1.1385
"exness","EURUSD","2026-09-25 06:25:51.389Z",1.13845,1.13851
"exness","EURUSD","2026-09-25 06:25:52.434Z",1.13846,1.13852
"exness","EURUSD","2026-09-25 06:25:54.565Z",1.1384400000000001,1.1385
"exness","EURUSD","2026-09-25 06:25:57.678Z",1.13842,1.13848
"exness","EURUSD","2026-09-25 06:25:57.828Z",1.1384,1.13846
"exness","EURUSD","2026-09-25 06:25:57.845Z",1.13839,1.13845
"exness","EURUSD","2026-09-25 06:25:58.835Z",1.13838,1.1384400000000001
"exness","EURUSD","2026-09-25 06:26:00.197Z",1.13839,1.13845
"exness","EURUSD","2026-09-25 06:26:01.419Z",1.1384,1.13846
"exness","EURUSD","2026-09-25 06:26:04.346Z",1.13842,1.13848
"exness","EURUSD","2026-09-25 06:26:05.724Z",1.13843,1.13849
"exness","EURUSD","2026-09-25 06:26:06.699Z",1.13845,1.13851
"exness","EURUSD","2026-09-25 06:26:10.622Z",1.13846,1.13852
"exness","EURUSD","2026-09-25 06:26:11.651Z",1.13845,1.13851
"exness","EURUSD","2026-09-25 06:26:18.370Z",1.1384400000000001,1.1385
"exness","EURUSD","2026-09-25 06:26:19.613Z",1.13842,1.13848
"exness","EURUSD","2026-09-25 06:26:19.756Z",1.1384,1.13846
"exness","EURUSD","2026-09-25 06:26:20.560Z",1.13839,1.13845
"exness","EURUSD","2026-09-25 06:26:21.576Z",1.1384,1.13846
"exness","EURUSD","2026-09-25 06:26:22.164Z",1.13842,1.13848
"exness","EURUSD","2026-09-25 06:26:22.211Z",1.1384400000000001,1.1385
"exness","EURUSD","2026-09-25 06:26:23.215Z",1.13843,1.13849
"exness","EURUSD","2026-09-25 06:26:24.358Z",1.13842,1.13848
"exness","EURUSD","2026-09-25 06:26:27.905Z",1.1384,1.13846
"exness","EURUSD","2026-09-25 06:26:27.979Z",1.13839,1.13845
"exness","EURUSD","2026-09-25 06:26:30.461Z",1.1384,1.13846
"exness","EURUSD","2026-09-25 06:26:32.555Z",1.13838,1.1384400000000001
"exness","EURUSD","2026-09-25 06:26:34.749Z",1.13837,1.13843
"exness","EURUSD","2026-09-25 06:26:37.519Z",1.13838,1.1384400000000001
"exness","EURUSD","2026-09-25 06:26:37.544Z",1.1384,1.13846
"exness","EURUSD","2026-09-25 06:26:38.231Z",1.13842,1.13848
"exness","EURUSD","2026-09-25 06:26:38.618Z",1.1384400000000001,1.1385
"exness","EURUSD","2026-09-25 06:26:41.146Z",1.13845,1.13851
"exness","EURUSD","2026-09-25 06:26:42.656Z",1.13843,1.13849
"exness","EURUSD","2026-09-25 06:26:43.710Z",1.1384400000000001,1.1385
"exness","EURUSD","2026-09-25 06:26:44.729Z",1.13843,1.13849
"exness","EURUSD","2026-09-25 06:26:45.730Z",1.13842,1.13848
"exness","EURUSD","2026-09-25 06:26:46.744Z",1.13843,1.13849
"exness","EURUSD","2026-09-25 06:26:48.083Z",1.13845,1.13851
"exness","EURUSD","2026-09-25 06:26:52.024Z",1.1384400000000001,1.1385
"exness","EURUSD","2026-09-25 06:26:53.630Z",1.13843,1.13849
"exness","EURUSD","2026-09-25 06:26:57.686Z",1.13842,1.13848
"exness","EURUSD","2026-09-25 06:26:58.736Z",1.1384,1.13846
"exness","EURUSD","2026-09-25 06:27:01.256Z",1.13841,1.13847
"exness","EURUSD","2026-09-25 06:27:09.541Z",1.13842,1.13848
"exness","EURUSD","2026-09-25 06:27:12.859Z",1.13841,1.13847
"exness","EURUSD","2026-09-25 06:27:17.521Z",1.13843,1.13849
"exness","EURUSD","2026-09-25 06:27:17.566Z",1.13845,1.13851
"exness","EURUSD","2026-09-25 06:27:19.068Z",1.13846,1.13852
"exness","EURUSD","2026-09-25 06:27:20.439Z",1.1384400000000001,1.1385
"exness","EURUSD","2026-09-25 06:27:21.496Z",1.13846,1.13852
"exness","EURUSD","2026-09-25 06:27:24.156Z",1.13845,1.13851
"exness","EURUSD","2026-09-25 06:27:25.916Z",1.13847,1.13853
"exness","EURUSD","2026-09-25 06:27:25.945Z",1.13849,1.13855
"exness","EURUSD","2026-09-25 06:27:26.233Z",1.1385,1.13856
"exness","EURUSD","2026-09-25 06:27:28.963Z",1.13847,1.13853
"exness","EURUSD","2026-09-25 06:27:29.988Z",1.13849,1.13855
"exness","EURUSD","2026-09-25 06:27:30.995Z",1.1385,1.13856
"exness","EURUSD","2026-09-25 06:27:32.113Z",1.13851,1.13857
"exness","EURUSD","2026-09-25 06:27:37.536Z",1.13852,1.13858
"exness","EURUSD","2026-09-25 06:27:39.950Z",1.13849,1.13855
"exness","EURUSD","2026-09-25 06:27:44.127Z",1.1385,1.13856
"exness","EURUSD","2026-09-25 06:27:48.039Z",1.13849,1.13855
"exness","EURUSD","2026-09-25 06:27:50.221Z",1.1385,1.13856
"exness","EURUSD","2026-09-25 06:27:51.621Z",1.13849,1.13855
"exness","EURUSD","2026-09-25 06:27:54.815Z",1.1385,1.13856
"exness","EURUSD","2026-09-25 06:27:55.918Z",1.13851,1.13857
"exness","EURUSD","2026-09-25 06:27:58.528Z",1.1385,1.13856
"exness","EURUSD","2026-09-25 06:28:01.041Z",1.13849,1.13855
"exness","EURUSD","2026-09-25 06:28:03.898Z",1.1385,1.13856
"exness","EURUSD","2026-09-25 06:28:04.001Z",1.13847,1.13853
"exness","EURUSD","2026-09-25 06:28:04.065Z",1.13846,1.13852
"exness","EURUSD","2026-09-25 06:28:04.150Z",1.1384400000000001,1.1385
"exness","EURUSD","2026-09-25 06:28:06.586Z",1.13845,1.13851
"exness","EURUSD","2026-09-25 06:28:14.425Z",1.13843,1.13849
"exness","EURUSD","2026-09-25 06:28:15.248Z",1.13841,1.13847
"exness","EURUSD","2026-09-25 06:28:17.500Z",1.13843,1.13849
"exness","EURUSD","2026-09-25 06:28:17.855Z",1.13845,1.13851
"exness","EURUSD","2026-09-25 06:28:19.000Z",1.1384400000000001,1.1385
"exness","EURUSD","2026-09-25 06:28:22.517Z",1.13845,1.13851
"exness","EURUSD","2026-09-25 06:28:24.552Z",1.13847,1.13853
"exness","EURUSD","2026-09-25 06:28:24.650Z",1.13848,1.1385399999999999
"exness","EURUSD","2026-09-25 06:28:26.192Z",1.13847,1.13853
"exness","EURUSD","2026-09-25 06:28:31.963Z",1.13846,1.13852
"exness","EURUSD","2026-09-25 06:28:33.047Z",1.13847,1.13853
"exness","EURUSD","2026-09-25 06:28:36.276Z",1.13846,1.13852
"exness","EURUSD","2026-09-25 06:28:41.717Z",1.13845,1.13851
"exness","EURUSD","2026-09-25 06:28:42.257Z",1.13843,1.13849
"exness","EURUSD","2026-09-25 06:28:43.280Z",1.13842,1.13848
"exness","EURUSD","2026-09-25 06:28:44.314Z",1.13843,1.13849
"exness","EURUSD","2026-09-25 06:28:45.526Z",1.13842,1.13848
"exness","EURUSD","2026-09-25 06:28:48.608Z",1.13843,1.13849
"exness","EURUSD","2026-09-25 06:28:50.336Z",1.13845,1.13851
"exness","EURUSD","2026-09-25 06:28:53.833Z",1.13847,1.13853
"exness","EURUSD","2026-09-25 06:28:55.871Z",1.13848,1.1385399999999999
"exness","EURUSD","2026-09-25 06:28:56.596Z",1.13846,1.13852
"exness","EURUSD","2026-09-25 06:29:12.093Z",1.1384400000000001,1.1385
"exness","EURUSD","2026-09-25 06:29:12.351Z",1.13842,1.13848
"exness","EURUSD","2026-09-25 06:29:12.469Z",1.13841,1.13847
"exness","EURUSD","2026-09-25 06:29:13.659Z",1.13842,1.13848
"exness","EURUSD","2026-09-25 06:29:14.841Z",1.1384,1.13846
"exness","EURUSD","2026-09-25 06:29:14.878Z",1.13838,1.1384400000000001
"exness","EURUSD","2026-09-25 06:29:17.486Z",1.1384,1.13846
"exness","EURUSD","2026-09-25 06:29:20.817Z",1.13838,1.1384400000000001
"exness","EURUSD","2026-09-25 06:29:22.190Z",1.1384,1.13846
"exness","EURUSD","2026-09-25 06:29:25.005Z",1.13841,1.13847
"exness","EURUSD","2026-09-25 06:29:28.128Z",1.1384,1.13846
"exness","EURUSD","2026-09-25 06:29:29.169Z",1.13839,1.13845
"exness","EURUSD","2026-09-25 06:29:31.260Z",1.13841,1.13847
"exness","EURUSD","2026-09-25 06:29:35.587Z",1.1384,1.13846
"exness","EURUSD","2026-09-25 06:29:37.285Z",1.13842,1.13848
"exness","EURUSD","2026-09-25 06:29:42.144Z",1.13841,1.13847
"exness","EURUSD","2026-09-25 06:29:52.043Z",1.13842,1.13848
"exness","EURUSD","2026-09-25 06:29:58.097Z",1.13841,1.13847
"exness","EURUSD","2026-09-25 06:30:00.877Z",1.13839,1.13845
"exness","EURUSD","2026-09-25 06:30:01.224Z",1.13842,1.13848
"exness","EURUSD","2026-09-25 06:30:01.930Z",1.1384400000000001,1.1385
"exness","EURUSD","2026-09-25 06:30:03.075Z",1.13843,1.13849
"exness","EURUSD","2026-09-25 06:30:04.199Z",1.13842,1.13848
"exness","EURUSD","2026-09-25 06:30:05.038Z",1.13845,1.13851
"exness","EURUSD","2026-09-25 06:30:05.044Z",1.13846,1.13852
"exness","EURUSD","2026-09-25 06:30:05.191Z",1.13847,1.13853
"exness","EURUSD","2026-09-25 06:30:07.654Z",1.13846,1.13852
"exness","EURUSD","2026-09-25 06:30:10.042Z",1.13848,1.1385399999999999
"exness","EURUSD","2026-09-25 06:30:12.686Z",1.13847,1.13853
"exness","EURUSD","2026-09-25 06:30:19.935Z",1.13845,1.13851
"exness","EURUSD","2026-09-25 06:30:19.951Z",1.13843,1.13849
"exness","EURUSD","2026-09-25 06:30:19.975Z",1.13842,1.13848
"exness","EURUSD","2026-09-25 06:30:21.070Z",1.13841,1.13847
"exness","EURUSD","2026-09-25 06:30:24.338Z",1.1384,1.13846
"exness","EURUSD","2026-09-25 06:30:25.344Z",1.13841,1.13847
"exness","EURUSD","2026-09-25 06:30:33.521Z",1.13839,1.13845
"exness","EURUSD","2026-09-25 06:30:34.687Z",1.13841,1.13847
"exness","EURUSD","2026-09-25 06:30:35.338Z",1.13839,1.13845
"exness","EURUSD","2026-09-25 06:30:36.614Z",1.13838,1.1384400000000001
"exness","EURUSD","2026-09-25 06:30:39.689Z",1.13839,1.13845
"exness","EURUSD","2026-09-25 06:30:41.101Z",1.13838,1.1384400000000001
"exness","EURUSD","2026-09-25 06:30:41.904Z",1.13841,1.13847
"exness","EURUSD","2026-09-25 06:30:42.927Z",1.13842,1.13848
